0.0,676.83,681.67
0.01,676.83,681.67
0.02,676.83,684.09
0.03,676.83,684.09
0.04,676.83,684.09
0.05,676.83,679.58
0.06,676.83,679.58
0.07,679.36,677.27
0.08,682.0,674.63
0.09,684.42,677.16
0.1,686.73,674.85
0.11,689.26,672.87
0.12,691.9,672.21
0.13,696.74,667.92
0.14,699.38,665.5
0.15,707.41,658.68
0.16,714.34,650.65
0.17,720.61,641.63
0.18,730.18,634.26
0.19,742.94,622.6
0.2,754.82,605.33
0.21,768.35,593.89
0.22,777.26,571.56
0.23,784.19,553.63
0.24,793.54,537.79
0.25,807.4,518.43
0.26,813.89,507.21
0.27,818.51,492.58
0.28,826.87,487.52
0.29,832.15,476.52
0.3,840.4,472.01
0.31,841.06,469.92
0.32,846.78,467.39
0.33,848.87,465.3
0.34,846.45,467.72
0.35,841.83,471.9
0.36,834.02,469.37
0.37,828.52,471.46
0.38,814.55,482.24
0.39,809.71,488.62
0.4,799.81,495.44
0.41,781.44,508.2
0.42,761.64,526.68
0.43,745.58,547.25
0.44,716.76,569.8
0.45,680.46,590.92
0.46,643.28,615.67
0.47,592.35,640.86
0.48,525.25,667.81
0.49,447.48,695.53
0.5,361.79,731.39
0.51,274.56,776.27
0.52,198.33,822.8
0.53,154.0,874.06
0.54,126.06,923.45
0.55,99.77,956.34
0.56,77.55,983.62
0.57,51.37,998.47
0.58,39.16,1013.65
0.59,35.42,1010.46
0.6,35.42,1008.15
0.61,33.11,996.16
0.62,29.37,978.12
0.63,29.37,953.15
0.64,29.37,935.88
0.65,27.17,918.06
0.66,25.19,903.54
0.67,25.19,895.51
0.68,23.32,900.13
0.69,21.34,904.09
0.7,21.34,913.99
0.71,21.34,927.63
0.7199,21.34,930.6
0.7299,19.36,949.3
0.7399,19.36,958.76
0.7499,19.36,969.21
0.7599,17.6,983.29
0.7699,13.2,985.71
0.7799,17.6,998.03
0.7899,15.73,1007.05
0.7999,11.33,1010.13
0.8099,11.33,1011.34
0.8199,11.33,1010.35
0.8299,11.33,1012.55
0.8399,11.33,1018.27
0.8499,9.35,1018.71
0.8599,7.48,1023.44
0.8699,7.48,1031.03
0.8799,7.48,1026.74
0.8899,7.48,1029.05
0.8999,7.48,1028.61
0.9099,7.48,1015.08
0.9199,7.48,994.4
0.9299,7.48,986.04
0.9399,7.48,967.78
0.9499,7.48,953.92
0.9599,9.46,934.12
0.9699,19.14,914.98
0.9799,54.23,899.58
0.9899,254.87,880.66
0.9999,305.03,856.35
1.0099,343.31,826.87
1.0199,397.98,797.06
1.0299,414.92,754.49
1.0399,418.22,717.53
1.0499,436.92,676.28
1.0599,491.37,625.68
1.0699,556.49,552.75
1.0799,619.63,482.13
1.0899,661.98,412.94
1.0999,711.81,344.96
1.1099,760.1,283.91
1.1199,787.05,231.22
1.1299,817.08,179.19
1.1399,840.07,145.86
1.1499,869.33,118.91
1.1599,898.59,89.21
1.1699,918.83,39.71
1.1799,946.22,20.79
1.1899,963.82,16.5
1.1999,979.11,10.78
1.2099,989.34,8.69
1.2199,989.01,0.0
1.2299,989.12,0.0
1.2399,987.8,0.0
1.2499,984.94,0.0
1.2599,980.87,0.0
1.2699,972.18,0.0
1.2799,968.22,0.0
1.2899,957.11,0.0
1.2999,952.27,0.0
1.3099,948.53,0.0
1.3199,947.1,3.08
1.3299,944.79,0.0
1.3399,950.4,0.0
1.3499,952.71,0.0
1.3599,958.21,0.0
1.3699,965.69,0.0
1.3799,978.67,0.0
1.3899,988.35,0.0
1.3999,999.24,0.0
1.4099,1007.16,0.0
1.4199,1017.28,0.0
1.4299,1029.05,0.0
1.4399,1035.1,0.0
1.4499,1043.35,0.0
1.4599,1041.04,0.0
1.4699,1034.33,0.0
1.4799,1033.23,0.0
1.4899,1017.94,0.0
1.4999,991.65,0.0
1.5099,978.01,0.0
1.5199,974.6,0.0
1.5299,965.91,0.0
1.5399,956.78,0.0
1.5499,949.3,0.0
1.5599,934.45,0.0
1.5699,919.82,4.62
1.5799,900.13,15.4
1.5899,875.71,47.96
1.5999,838.31,243.76
1.6099,792.22,382.36
1.6199,735.9,485.32
1.6299,663.85,566.83
1.6399,583.99,616.0
1.6499,508.53,630.96
1.6599,433.29,658.02
1.6699,355.96,738.98
1.6799,267.85,803.0
1.6899,203.39,863.06
1.6999,154.55,916.74
1.7099,115.28,963.16
1.7199,91.74,993.52
1.7299,57.09,1005.95
1.7399,20.79,1015.3
1.7499,13.31,1009.47
1.7599,5.61,993.96
1.7699,3.74,973.39
1.7799,0.0,953.26
1.7899,0.0,927.3
1.7999,0.0,902.77
1.8099,0.0,880.33
1.8199,0.0,863.17
1.8299,0.0,847.88
1.8399,0.0,837.32
1.8499,0.0,833.69
1.8599,0.0,828.19
1.8699,0.0,830.17
1.8799,0.0,841.94
1.8899,0.0,844.69
1.8999,0.0,862.29
1.9099,0.0,876.81
1.9199,0.0,892.98
1.9299,0.0,910.8
1.9399,0.0,929.06
1.9499,0.0,946.33
1.9599,0.0,966.9
1.9699,0.0,985.05
1.9799,0.0,1002.1
1.9899,0.0,1017.94
1.9999,0.0,1023.88
2.0099,0.0,1022.78
2.0199,0.0,1021.13
2.0299,0.0,1007.27
2.0399,0.0,999.02
2.0499,0.0,989.67
2.0599,0.0,976.03
2.0699,0.0,957.77
2.0799,0.0,936.98
2.0899,0.0,919.05
2.0999,0.0,905.41
2.1099,0.0,891.44
2.1199,0.0,869.33
2.1299,9.68,844.91
2.1399,94.82,809.16
2.1498,416.57,764.94
2.1598,476.3,715.33
2.1698,594.44,649.77
2.1798,693.77,566.5
2.1898,773.19,476.41
2.1998,801.13,382.47
2.2098,866.69,272.47
2.2198,923.23,221.98
2.2298,977.79,172.04
2.2398,1034.33,145.2
2.2498,1084.49,101.53
2.2598,1139.71,35.2
2.2698,1163.14,20.79
2.2798,1167.43,18.7
2.2898,1151.48,10.78
2.2998,1125.41,8.69
2.3098,1094.17,0.0
2.3198,1056.33,0.0
2.3298,1021.13,0.0
2.3398,990.11,0.0
2.3498,961.07,0.0
2.3598,943.36,0.0
2.3698,926.86,0.0
2.3798,919.16,0.0
2.3898,923.67,0.0
2.3998,933.79,0.0
2.4098,943.47,0.0
2.4198,955.24,0.0
2.4298,970.75,0.0
2.4398,972.73,0.0
2.4498,986.26,0.0
2.4598,998.8,0.0
2.4698,1019.7,0.0
2.4798,1033.34,0.0
2.4898,1054.13,0.0
2.4998,1076.46,0.0
2.5098,1090.65,0.0
2.5198,1101.87,0.0
2.5298,1112.32,0.0
2.5398,1117.16,0.0
2.5498,1128.71,0.0
2.5598,1130.25,0.0
2.5698,1134.1,0.0
2.5798,1121.67,0.0
2.5898,1095.71,0.0
2.5998,1051.27,0.0
2.6098,1004.63,0.0
2.6198,969.43,0.0
2.6298,938.3,0.0
2.6398,899.91,0.0
2.6498,867.13,0.0
2.6598,818.62,20.13
2.6698,777.81,99.44
2.6798,734.36,360.58
2.6898,670.23,456.17
2.6998,599.5,605.44
2.7098,523.82,678.26
2.7198,442.75,734.14
2.7298,352.11,762.63
2.7398,275.66,824.67
2.7498,204.49,889.9
2.7598,162.14,931.15
2.7698,121.99,974.6
2.7798,77.66,1010.57
2.7898,35.86,1027.29
2.7998,16.61,1036.64
2.8098,7.48,1033.67
2.8198,3.74,1017.17
2.8298,0.0,999.79
2.8398,0.0,973.28
2.8498,0.0,942.37
2.8598,0.0,917.29
2.8698,0.0,885.83
2.8798,0.0,858.77
2.8898,0.0,839.08
2.8998,0.0,819.39
2.9098,0.0,807.62
2.9198,0.0,800.36
2.9298,0.0,799.59
2.9398,0.0,804.21
2.9498,0.0,818.51
2.9598,0.0,834.9
2.9698,0.0,851.4
2.9798,0.0,871.2
2.9898,0.0,886.16
2.9998,0.0,909.37
3.0098,0.0,938.3
3.0198,0.0,946.0
3.0298,0.0,958.76
3.0398,0.0,961.62
3.0498,0.0,968.22
3.0598,0.0,972.4
3.0698,0.0,978.89
3.0798,0.0,981.42
3.0898,0.0,975.59
3.0998,0.0,957.66
3.1098,0.0,944.13
3.1198,0.0,929.06
3.1298,0.0,909.04
3.1398,0.0,890.78
3.1498,0.0,861.74
3.1598,3.85,839.08
3.1698,60.17,804.21
3.1798,452.76,763.62
3.1898,511.17,712.69
3.1998,652.74,656.59
3.2098,750.42,568.7
3.2198,812.9,473.88
3.2298,835.45,371.8
3.2398,897.82,277.42
3.2498,953.92,194.15
3.2598,1008.04,150.37
3.2698,1085.59,122.1
3.2798,1135.86,73.26
3.2898,1173.48,22.33
3.2998,1189.76,12.32
3.3098,1168.09,8.14
3.3198,1145.21,0.0
3.3298,1108.03,0.0
3.3398,1073.71,0.0
3.3498,1032.46,0.0
3.3598,993.52,0.0
3.3698,959.75,0.0
3.3798,924.44,0.0
3.3898,899.14,0.0
3.3998,875.16,0.0
3.4098,867.9,0.0
3.4198,863.5,0.0
3.4298,868.45,0.0
3.4398,876.26,0.0
3.4498,885.5,0.0
3.4598,900.24,0.0
3.4698,908.49,0.0
3.4798,924.55,0.0
3.4898,938.3,0.0
3.4998,953.92,0.0
3.5098,973.5,0.0
3.5198,992.42,0.0
3.5298,1010.57,0.0
3.5398,1021.57,0.0
3.5498,1027.95,0.0
3.5598,1027.84,0.0
3.5698,1019.81,0.0
3.5797,1007.05,0.0
3.5897,999.79,0.0
3.5997,983.07,0.0
3.6097,968.44,0.0
3.6197,954.47,0.0
3.6297,938.74,0.0
3.6397,917.29,0.0
3.6497,891.66,0.0
3.6597,865.92,0.0
3.6697,833.47,6.16
3.6797,780.78,41.8
3.6897,731.39,249.37
3.6997,668.91,376.2
3.7097,597.08,530.09
3.7197,519.42,644.38
3.7297,443.19,709.28
3.7397,358.82,748.33
3.7497,274.01,805.75
3.7597,202.29,922.46
3.7697,158.29,972.51
3.7797,120.12,1019.92
3.7897,76.56,1067.88
3.7997,31.57,1104.29
3.8097,7.48,1123.54
3.8197,7.48,1121.12
3.8297,5.61,1111.88
3.8397,0.0,1080.75
3.8497,0.0,1054.46
3.8597,0.0,1010.9
3.8697,3.74,972.62
3.8797,0.0,928.62
3.8897,0.0,892.1
3.8997,0.0,860.75
3.9097,0.0,833.69
3.9197,0.0,811.91
3.9297,0.0,798.27
3.9397,0.0,788.26
3.9497,0.0,788.04
3.9597,0.0,793.76
3.9697,0.0,805.09
3.9797,0.0,822.58
3.9897,0.0,839.41
3.9997,0.0,861.96
4.0097,0.0,890.67
4.0197,0.0,914.32
4.0297,0.0,944.68
4.0397,0.0,969.76
4.0497,0.0,992.64
4.0597,0.0,1010.24
4.0697,0.0,1015.41
4.0797,0.0,1018.82
4.0897,0.0,1020.69
4.0997,0.0,1015.85
4.1097,0.0,996.16
4.1197,0.0,981.53
4.1297,0.0,953.59
4.1397,0.0,928.4
4.1497,0.0,900.24
4.1597,0.0,873.51
4.1697,0.0,837.76
4.1797,15.51,808.28
4.1897,211.86,769.34
4.1997,476.96,720.39
4.2097,571.23,666.82
4.2197,698.94,583.99
4.2297,781.88,491.26
4.2397,832.59,391.38
4.2497,894.19,304.81
4.2597,993.41,215.16
4.2697,1038.29,161.15
4.2797,1085.7,123.64
4.2897,1147.19,83.71
4.2997,1189.43,24.64
4.3097,1203.73,14.08
4.3197,1203.51,8.14
4.3297,1176.56,3.63
4.3397,1135.86,0.0
4.3497,1099.01,0.0
4.3597,1050.28,0.0
4.3697,1002.76,0.0
4.3797,962.39,0.0
4.3897,921.91,0.0
4.3997,888.36,0.0
4.4097,859.43,0.0
4.4197,841.72,0.0
4.4297,838.53,0.0
4.4397,843.37,0.0
4.4497,856.02,0.0
4.4597,879.56,0.0
4.4697,898.04,0.0
4.4797,925.54,0.0
4.4897,941.93,0.0
4.4997,965.25,0.0
4.5097,983.07,0.0
4.5197,1005.62,0.0
4.5297,1030.59,0.0
4.5397,1040.16,0.0
4.5497,1055.89,0.0
4.5597,1061.39,0.0
4.5697,1057.98,0.0
4.5797,1052.59,0.0
4.5897,1040.93,0.0
4.5997,1026.96,0.0
4.6097,1003.42,0.0
4.6197,988.68,0.0
4.6297,969.54,0.0
4.6397,948.31,0.0
4.6497,931.37,0.0
4.6597,911.57,0.0
4.6697,892.98,0.0
4.6797,868.45,0.0
4.6897,834.57,9.24
4.6997,804.43,47.96
4.7097,756.14,233.53
4.7197,704.99,356.73
4.7297,637.56,490.71
4.7397,570.02,604.12
4.7497,490.6,672.87
4.7597,414.81,729.52
4.7697,329.78,797.28
4.7797,252.23,884.29
4.7897,183.7,924.44
4.7997,142.34,966.57
4.8097,111.32,1009.14
4.8197,69.41,1044.67
4.8297,34.87,1069.09
4.8397,21.12,1082.84
4.8497,14.19,1076.79
4.8597,7.48,1067.99
4.8697,3.74,1045.22
4.8797,0.0,1017.61
4.8897,0.0,986.81
4.8997,0.0,956.23
4.9097,0.0,921.47
4.9197,0.0,887.7
4.9297,0.0,867.79
4.9397,0.0,847.22
4.9497,0.0,829.29
4.9597,0.0,819.06
4.9697,0.0,811.47
4.9797,0.0,814.44
4.9897,0.0,818.73
4.9997,0.0,833.58
5.0096,0.0,848.54
5.0196,0.0,865.48
5.0296,0.0,883.41
5.0396,0.0,908.05
5.0496,0.0,929.61
5.0596,0.0,955.68
5.0696,0.0,988.02
5.0796,0.0,1006.28
5.0896,0.0,1023.11
5.0996,0.0,1033.01
5.1096,0.0,1034.55
5.1196,0.0,1036.09
5.1296,0.0,1023.44
5.1396,0.0,1019.26
5.1496,0.0,1003.97
5.1596,0.0,983.07
5.1696,0.0,957.66
5.1796,0.0,934.12
5.1896,0.0,915.86
5.1996,0.0,895.4
5.2096,0.0,864.27
5.2196,27.28,831.38
5.2296,348.48,792.22
5.2396,441.76,744.15
5.2496,551.76,689.92
5.2596,661.98,617.1
5.2696,742.5,528.22
5.2796,755.81,434.06
5.2896,796.84,340.34
5.2996,877.36,254.1
5.3096,937.09,177.32
5.3196,997.81,140.25
5.3296,1062.38,106.48
5.3396,1116.94,58.19
5.3496,1153.13,16.17
5.3596,1159.73,8.14
5.3696,1150.27,3.63
5.3796,1121.78,0.0
5.3896,1094.61,0.0
5.3996,1059.3,0.0
5.4096,1025.53,0.0
5.4196,992.64,0.0
5.4296,962.5,0.0
5.4396,925.1,0.0
5.4496,904.09,0.0
5.4596,887.59,0.0
5.4696,873.4,0.0
5.4796,867.46,0.0
5.4896,861.63,0.0
5.4996,871.42,0.0
5.5096,882.31,0.0
5.5196,897.16,0.0
5.5296,916.08,0.0
5.5396,931.81,0.0
5.5496,950.07,0.0
5.5596,972.29,0.0
5.5696,993.85,0.0
5.5796,1012.0,0.0
5.5896,1030.26,0.0
5.5996,1040.05,0.0
5.6096,1045.99,0.0
5.6196,1049.51,0.0
5.6296,1043.79,0.0
5.6396,1034.99,0.0
5.6496,1029.82,0.0
5.6596,1015.52,0.0
5.6696,1007.38,0.0
5.6796,992.75,0.0
5.6896,983.73,0.0
5.6996,972.62,0.0
5.7096,957.66,0.0
5.7196,941.6,0.0
5.7296,920.7,7.7
5.7396,886.71,41.8
5.7496,842.71,217.47
5.7596,781.77,343.64
5.7696,708.07,471.13
5.7796,635.36,578.05
5.7896,548.35,629.09
5.7996,466.29,658.13
5.8096,393.03,679.25
5.8196,308.99,740.85
5.8296,232.98,808.17
5.8396,171.27,858.77
5.8496,137.83,916.19
5.8596,110.77,971.96
5.8696,62.81,1015.41
5.8796,26.51,1042.47
5.8896,18.04,1056.22
5.8996,16.17,1053.58
5.9096,9.35,1039.39
5.9196,7.48,1019.04
5.9296,5.61,995.72
5.9396,3.74,969.76
5.9496,0.0,936.21
5.9596,0.0,903.76
5.9696,0.0,874.5
5.9796,0.0,849.09
5.9896,0.0,829.29
5.9996,0.0,822.8
6.0096,0.0,815.43
6.0196,0.0,814.88
6.0296,0.0,824.67
6.0396,0.0,839.08
6.0496,0.0,858.44
6.0596,0.0,873.95
6.0696,0.0,887.15
6.0796,0.0,900.13
6.0896,0.0,916.41
6.0996,0.0,926.53
6.1096,0.0,945.67
6.1196,0.0,968.88
6.1296,0.0,988.35
6.1396,0.0,998.8
6.1496,0.0,1002.65
6.1596,0.0,998.36
6.1696,0.0,990.88
6.1796,0.0,989.67
6.1896,0.0,975.59
6.1996,0.0,956.67
6.2096,0.0,939.62
6.2196,0.0,922.02
6.2296,0.0,897.71
6.2396,0.0,873.4
6.2496,0.0,846.23
6.2596,36.96,816.86
6.2696,427.35,777.92
6.2796,495.88,731.94
6.2896,614.79,675.07
6.2996,714.01,603.35
6.3096,755.81,516.56
6.3196,747.89,421.08
6.3296,794.64,325.27
6.3396,888.69,238.48
6.3496,950.95,169.4
6.3596,1018.27,134.2
6.3696,1082.18,107.25
6.3796,1130.03,56.43
6.3896,1152.14,14.41
6.3996,1161.27,4.51
6.4096,1144.99,0.0
6.4196,1113.42,0.0
6.4295,1074.04,0.0
6.4395,1030.04,0.0
6.4495,990.66,0.0
6.4595,957.0,0.0
6.4695,925.43,0.0
6.4795,898.26,0.0
6.4895,876.81,0.0
6.4995,863.17,0.0
6.5095,851.84,0.0
6.5195,861.3,0.0
6.5295,873.07,0.0
6.5395,883.41,0.0
6.5495,911.02,0.0
6.5595,928.18,0.0
6.5695,949.41,0.0
6.5795,961.51,0.0
6.5895,984.28,0.0
6.5995,1001.99,0.0
6.6095,1015.63,0.0
6.6195,1033.23,0.0
6.6295,1041.26,0.0
6.6395,1045.44,0.0
6.6495,1042.03,0.0
6.6595,1040.93,0.0
6.6695,1031.36,0.0
6.6795,1026.3,0.0
6.6895,1013.43,0.0
6.6995,994.07,0.0
6.7095,980.1,0.0
6.7195,968.66,0.0
6.7295,953.37,0.0
6.7395,938.41,0.0
6.7495,925.43,0.0
6.7595,900.79,0.0
6.7695,874.06,0.0
6.7795,839.52,16.94
6.7895,796.07,75.35
6.7995,739.97,327.14
6.8095,677.6,421.41
6.8195,615.23,560.89
6.8295,534.82,647.57
6.8395,453.2,713.02
6.8495,380.16,751.52
6.8595,299.64,821.26
6.8695,226.49,877.8
6.8795,164.67,913.0
6.8895,131.45,961.07
6.8995,108.57,1004.3
6.9095,66.44,1042.8
6.9195,31.79,1061.5
6.9295,18.04,1073.6
6.9395,18.04,1060.07
6.9495,11.33,1047.2
6.9595,9.35,1023.77
6.9695,7.48,993.19
6.9795,5.61,957.44
6.9895,3.74,920.26
6.9995,3.74,896.5
7.0095,3.74,865.7
7.0195,0.0,844.47
7.0295,0.0,822.8
7.0395,0.0,806.19
7.0495,0.0,801.68
7.0595,0.0,799.48
7.0695,0.0,804.87
7.0795,0.0,814.55
7.0895,0.0,834.68
7.0995,0.0,852.28
7.1095,0.0,873.18
7.1195,0.0,889.02
7.1295,0.0,913.66
7.1395,0.0,932.14
7.1495,0.0,960.3
7.1595,0.0,982.19
7.1695,0.0,996.6
7.1795,0.0,1009.14
7.1895,0.0,1012.77
7.1995,0.0,1006.28
7.2095,0.0,993.52
7.2195,0.0,991.76
7.2295,0.0,995.39
7.2395,0.0,977.9
7.2495,0.0,959.53
7.2595,0.0,935.22
7.2695,0.0,919.05
7.2795,0.0,893.42
7.2895,0.0,867.68
7.2995,11.66,840.29
7.3095,113.41,806.3
7.3195,426.69,762.52
7.3295,477.4,715.22
7.3395,599.28,662.31
7.3495,682.66,601.7
7.3595,717.53,505.78
7.3695,736.12,404.91
7.3795,783.2,322.74
7.3895,869.11,236.5
7.3995,920.92,177.65
7.4095,980.76,146.63
7.4195,1045.44,113.08
7.4295,1096.48,58.3
7.4395,1123.1,9.9
7.4495,1132.01,9.9
7.4595,1116.5,3.63
7.4695,1092.41,0.0
7.4795,1059.3,0.0
7.4895,1030.92,0.0
7.4995,1002.32,0.0
7.5095,970.86,0.0
7.5195,939.18,0.0
7.5295,914.98,0.0
7.5395,898.04,0.0
7.5495,885.17,0.0
7.5595,875.05,0.0
7.5695,874.72,0.0
7.5795,883.96,0.0
7.5895,895.95,0.0
7.5995,912.01,0.0
7.6095,927.52,0.0
7.6195,946.99,0.0
7.6295,968.77,0.0
7.6395,980.54,0.0
7.6495,996.49,0.0
7.6595,1004.96,0.0
7.6695,1012.44,0.0
7.6795,1021.02,0.0
7.6895,1019.81,0.0
7.6995,1023.22,0.0
7.7095,1019.26,0.0
7.7195,1003.64,0.0
7.7295,990.22,0.0
7.7395,972.62,0.0
7.7495,962.5,0.0
7.7595,950.95,0.0
7.7695,939.4,0.0
7.7795,930.82,0.0
7.7895,915.86,0.0
7.7995,897.27,0.0
7.8095,877.69,0.0
7.8195,848.54,15.4
7.8295,812.35,67.1
7.8395,773.96,282.7
7.8495,719.29,363.11
7.8594,650.98,499.73
7.8694,574.75,587.18
7.8794,492.58,657.58
7.8894,416.57,714.34
7.8994,346.94,766.7
7.9094,263.45,832.26
7.9194,188.54,892.65
7.9294,146.19,951.5
7.9394,118.8,1007.05
7.9494,83.71,1048.52
7.9594,45.43,1083.83
7.9694,22.22,1098.13
7.9794,18.04,1095.27
7.9894,11.33,1084.93
7.9994,7.48,1061.5
8.0094,5.61,1026.19
8.0194,3.74,985.05
8.0294,3.74,950.29
8.0394,0.0,917.84
8.0494,0.0,886.49
8.0594,0.0,861.41
8.0694,0.0,844.47
8.0794,0.0,829.4
8.0894,0.0,825.0
8.0994,0.0,821.92
8.1094,0.0,824.23
8.1194,0.0,824.34
8.1294,0.0,838.97
8.1394,0.0,856.68
8.1494,0.0,869.22
8.1594,0.0,886.38
8.1694,0.0,904.75
8.1794,0.0,924.44
8.1894,0.0,947.1
8.1994,0.0,978.78
8.2094,0.0,1006.83
8.2194,0.0,1030.26
8.2294,0.0,1043.57
8.2394,0.0,1048.85
8.2494,0.0,1052.81
8.2594,0.0,1056.44
8.2694,0.0,1044.23
8.2794,0.0,1033.67
8.2894,0.0,1025.75
8.2994,0.0,999.9
8.3094,0.0,972.18
8.3194,0.0,939.4
8.3294,0.0,909.04
8.3394,0.0,878.57
8.3494,7.7,844.91
8.3594,86.79,804.65
8.3694,413.16,767.91
8.3794,458.7,713.35
8.3894,570.02,657.58
8.3994,659.78,594.77
8.4094,708.51,502.37
8.4194,716.65,407.66
8.4294,766.48,324.72
8.4394,832.04,240.24
8.4494,884.62,177.43
8.4594,941.16,140.25
8.4694,992.09,102.19
8.4794,1054.13,55.88
8.4894,1094.28,18.04
8.4994,1114.41,15.95
8.5094,1114.3,5.39
8.5194,1104.07,3.63
8.5294,1084.16,3.63
8.5394,1061.94,0.0
8.5494,1035.65,0.0
8.5594,1013.87,0.0
8.5694,984.5,0.0
8.5794,964.92,0.0
8.5894,940.72,0.0
8.5994,919.82,0.0
8.6094,908.93,0.0
8.6194,898.92,0.0
8.6294,893.75,0.0
8.6394,896.72,0.0
8.6494,902.22,0.0
8.6594,918.28,0.0
8.6694,929.28,0.0
8.6794,944.68,0.0
8.6894,961.07,0.0
8.6994,978.67,0.0
8.7094,1004.96,0.0
8.7194,1026.85,0.0
8.7294,1045.33,0.0
8.7394,1068.65,0.0
8.7494,1078.33,0.0
8.7594,1081.08,0.0
8.7694,1075.91,0.0
8.7794,1066.23,0.0
8.7894,1054.9,0.0
8.7994,1042.25,0.0
8.8094,1021.13,0.0
8.8194,1008.37,0.0
8.8294,982.96,0.0
8.8394,963.93,0.0
8.8494,940.94,0.0
8.8594,926.42,0.0
8.8694,905.74,0.0
8.8794,877.14,0.0
8.8894,835.67,9.24
8.8994,792.88,44.88
8.9094,736.89,258.83
8.9194,674.96,351.89
8.9294,617.54,490.82
8.9394,546.48,607.2
8.9494,465.96,690.47
8.9594,380.49,743.82
8.9694,301.29,797.39
8.9794,229.02,880.33
8.9894,169.95,902.22
8.9994,136.73,932.69
9.0094,108.13,969.54
9.0194,70.18,1004.3
9.0294,28.16,1041.81
9.0394,18.59,1063.26
9.0494,18.59,1072.5
9.0594,14.19,1065.68
9.0694,10.45,1055.34
9.0794,3.74,1035.76
9.0894,0.0,1009.91
9.0994,0.0,984.17
9.1094,0.0,957.99
9.1194,0.0,931.04
9.1294,0.0,906.29
9.1394,0.0,891.88
9.1494,0.0,874.06
9.1594,0.0,866.8
9.1694,0.0,861.63
9.1794,0.0,856.35
9.1894,0.0,853.93
9.1994,0.0,863.06
9.2094,0.0,873.18
9.2194,0.0,888.25
9.2294,0.0,902.22
9.2394,0.0,910.69
9.2494,0.0,928.84
9.2594,0.0,938.3
9.2694,0.0,961.18
9.2794,0.0,977.9
9.2893,0.0,994.18
9.2993,0.0,1000.01
9.3093,0.0,997.48
9.3193,0.0,1000.56
9.3293,0.0,1001.99
9.3393,0.0,997.59
9.3493,0.0,986.15
9.3593,0.0,964.15
9.3693,0.0,945.89
9.3793,0.0,926.42
9.3893,0.0,901.12
9.3993,0.0,867.24
9.4093,0.0,835.34
9.4193,21.34,802.89
9.4293,283.03,759.22
9.4393,449.68,717.2
9.4493,536.8,656.81
9.4593,657.69,594.22
9.4693,735.9,505.34
9.4793,756.25,416.9
9.4893,795.3,331.98
9.4993,866.91,244.97
9.5093,908.71,183.7
9.5193,963.38,146.63
9.5293,1021.9,119.68
9.5393,1076.24,68.86
9.5493,1115.07,20.24
9.5593,1138.28,5.39
9.5693,1132.12,9.9
9.5793,1113.64,3.63
9.5893,1084.6,0.0
9.5993,1052.48,0.0
9.6093,1020.91,0.0
9.6193,989.56,0.0
9.6293,955.24,0.0
9.6393,927.74,0.0
9.6493,904.2,0.0
9.6593,883.96,0.0
9.6693,871.31,0.0
9.6793,855.91,0.0
9.6893,858.44,0.0
9.6993,867.79,0.0
9.7093,876.04,0.0
9.7193,889.24,0.0
9.7293,912.12,0.0
9.7393,925.43,0.0
9.7493,946.88,0.0
9.7593,960.19,0.0
9.7693,983.18,0.0
9.7793,999.68,0.0
9.7893,1021.24,0.0
9.7993,1031.91,0.0
9.8093,1040.27,0.0
9.8193,1037.08,0.0
9.8293,1034.44,0.0
9.8393,1027.18,0.0
9.8493,1020.47,0.0
9.8593,1008.59,0.0
9.8693,994.4,0.0
9.8793,982.85,0.0
9.8893,962.72,0.0
9.8993,958.43,0.0
9.9093,939.95,0.0
9.9193,916.85,0.0
9.9293,891.22,15.4
9.9393,855.69,55.77
9.9493,808.28,263.56
9.9593,758.34,369.71
9.9693,687.39,498.52
9.9793,622.27,580.25
9.9893,526.02,638.88
9.9993,441.43,679.03
10.0093,362.89,720.06
10.0193,285.67,797.06
10.0293,214.06,847.22
10.0393,154.44,896.72
10.0493,121.88,958.21
10.0593,91.85,1007.82
10.0693,54.67,1045.11
10.0793,26.51,1075.03
10.0893,20.46,1081.63
10.0993,16.17,1074.04
10.1093,14.19,1065.9
10.1193,7.48,1050.06
10.1293,5.61,1019.37
10.1393,5.61,986.37
10.1493,3.74,959.31
10.1593,0.0,932.58
10.1693,0.0,900.68
10.1793,0.0,878.46
10.1893,0.0,858.66
10.1993,0.0,849.09
10.2093,0.0,837.21
10.2193,0.0,832.15
10.2293,0.0,834.24
10.2393,0.0,839.19
10.2493,0.0,847.22
10.2593,0.0,862.07
10.2693,0.0,877.14
10.2793,0.0,888.14
10.2893,0.0,909.04
10.2993,0.0,925.32
10.3093,0.0,941.71
10.3193,0.0,960.19
10.3293,0.0,981.75
10.3393,0.0,993.63
10.3493,0.0,1004.41
10.3593,0.0,1013.98
10.3693,0.0,1016.07
10.3793,0.0,1011.89
10.3893,0.0,1019.81
10.3993,0.0,1004.3
10.4093,0.0,981.97
10.4193,0.0,959.2
10.4293,0.0,934.78
10.4393,0.0,911.46
10.4493,0.0,879.67
10.4593,7.7,839.96
10.4693,99.22,807.73
10.4793,463.1,766.59
10.4893,525.14,712.8
10.4993,657.03,653.51
10.5093,738.98,564.74
10.5193,767.91,465.41
10.5293,775.28,361.79
10.5393,832.48,275.11
10.5493,905.85,189.86
10.5593,966.13,144.1
10.5693,1025.97,121.77
10.5793,1087.68,85.8
10.5893,1139.6,31.02
10.5993,1157.64,12.32
10.6093,1154.67,7.81
10.6193,1131.68,0.0
10.6293,1101.32,0.0
10.6393,1061.72,0.0
10.6493,1012.22,0.0
10.6593,974.71,0.0
10.6693,939.29,0.0
10.6793,906.95,0.0
10.6893,882.42,0.0
10.6993,870.1,0.0
10.7093,858.0,0.0
10.7192,847.33,0.0
10.7292,853.27,0.0
10.7392,857.45,0.0
10.7492,876.37,0.0
10.7592,891.22,0.0
10.7692,912.34,0.0
10.7792,934.67,0.0
10.7892,955.13,0.0
10.7992,980.87,0.0
10.8092,996.16,0.0
10.8192,1020.14,0.0
10.8292,1041.92,0.0
10.8392,1050.06,0.0
10.8492,1059.96,0.0
10.8592,1067.77,0.0
10.8692,1069.42,0.0
10.8792,1057.98,0.0
10.8892,1050.17,0.0
10.8992,1046.87,0.0
10.9092,1030.04,0.0
10.9192,1024.54,0.0
10.9292,1003.86,0.0
10.9392,988.35,0.0
10.9492,970.42,0.0
10.9592,948.75,0.0
10.9692,926.75,0.0
10.9792,902.0,15.4
10.9892,859.87,67.1
10.9992,819.61,289.74
11.0092,755.37,387.64
11.0192,689.81,529.1
11.0292,607.2,608.08
11.0392,517.77,662.97
11.0492,434.61,691.46
11.0592,356.18,737.44
11.0692,273.13,805.86
11.0792,204.05,851.84
11.0892,160.6,910.69
11.0992,127.16,976.03
11.1092,96.25,1024.1
11.1192,59.18,1060.73
11.1292,26.51,1087.13
11.1392,20.46,1094.5
11.1492,16.17,1093.95
11.1592,12.32,1074.92
11.1692,5.61,1047.53
11.1792,3.74,1015.85
11.1892,0.0,986.26
11.1992,0.0,948.31
11.2092,0.0,915.86
11.2192,0.0,885.28
11.2292,0.0,860.53
11.2392,0.0,845.68
11.2492,0.0,828.41
11.2592,0.0,823.02
11.2692,0.0,817.3
11.2792,0.0,821.7
11.2892,0.0,828.52
11.2992,0.0,843.37
11.3092,0.0,850.96
11.3192,0.0,868.78
11.3292,0.0,893.97
11.3392,0.0,914.21
11.3492,0.0,942.92
11.3592,0.0,975.59
11.3692,0.0,998.91
11.3792,0.0,1020.03
11.3892,0.0,1040.93
11.3992,0.0,1048.63
11.4092,0.0,1064.03
11.4192,0.0,1068.1
11.4292,0.0,1064.58
11.4392,0.0,1056.88
11.4492,0.0,1044.23
11.4592,0.0,1014.75
11.4692,0.0,984.61
11.4792,0.0,948.53
11.4892,0.0,917.29
11.4992,0.0,881.1
11.5092,0.0,843.81
11.5192,13.64,805.31
11.5292,176.22,763.73
11.5392,441.87,709.5
11.5492,530.42,649.33
11.5592,650.98,571.34
11.5692,749.87,479.16
11.5792,778.47,386.98
11.5892,799.04,302.5
11.5992,874.5,217.36
11.6092,951.06,162.91
11.6192,1006.39,136.51
11.6292,1066.56,98.12
11.6392,1120.46,45.65
11.6492,1157.31,16.17
11.6592,1175.02,16.17
11.6692,1161.71,8.14
11.6792,1143.34,0.0
11.6892,1103.52,0.0
11.6992,1063.15,0.0
11.7092,1027.62,0.0
11.7192,983.18,0.0
11.7292,955.35,0.0
11.7392,917.95,0.0
11.7492,892.1,0.0
11.7592,871.2,0.0
11.7692,862.29,0.0
11.7792,855.36,0.0
11.7892,863.61,0.0
11.7992,873.07,0.0
11.8092,891.55,0.0
11.8192,913.22,0.0
11.8292,937.09,0.0
11.8392,964.37,0.0
11.8492,981.97,0.0
11.8592,1004.96,0.0
11.8692,1027.51,0.0
11.8792,1046.76,0.0
11.8892,1065.9,0.0
11.8992,1081.96,0.0
11.9092,1084.93,0.0
11.9192,1094.94,0.0
11.9292,1090.87,0.0
11.9392,1081.52,0.0
11.9492,1072.39,0.0
11.9592,1063.81,0.0
11.9692,1049.4,0.0
11.9792,1032.68,0.0
11.9892,1018.27,0.0
11.9992,998.91,0.0
12.0092,982.52,0.0
12.0192,962.06,0.0
12.0292,940.28,0.0
12.0392,913.77,7.7
12.0492,873.62,40.26
12.0592,823.9,238.7
12.0692,760.54,354.09
12.0792,684.53,492.8
12.0892,604.34,604.23
12.0992,519.09,676.61
12.1092,416.57,725.89
12.1192,323.4,775.5
12.1292,244.97,864.82
12.1392,174.79,905.41
12.1491,139.92,942.7
12.1591,107.03,988.46
12.1691,66.55,1033.67
12.1791,36.3,1056.88
12.1891,22.11,1076.57
12.1991,25.96,1079.87
12.2091,14.74,1068.98
12.2191,10.45,1056.88
12.2291,8.58,1031.69
12.2391,0.0,1005.73
12.2491,0.0,978.12
12.2591,0.0,948.42
12.2691,0.0,920.92
12.2791,0.0,899.47
12.2891,0.0,875.16
12.2991,0.0,863.39
12.3091,0.0,852.28
12.3191,0.0,850.3
12.3291,0.0,845.68
12.3391,0.0,848.65
12.3491,0.0,853.27
12.3591,0.0,861.74
12.3691,0.0,875.16
12.3791,0.0,889.57
12.3891,0.0,903.32
12.3991,0.0,921.58
12.4091,0.0,946.33
12.4191,0.0,967.23
12.4291,0.0,992.42
12.4391,0.0,1017.61
12.4491,0.0,1033.01
12.4591,0.0,1048.41
12.4691,0.0,1051.82
12.4791,0.0,1045.99
12.4891,0.0,1042.36
12.4991,0.0,1018.6
12.5091,0.0,998.25
12.5191,0.0,972.73
12.5291,0.0,939.4
12.5391,0.0,916.3
12.5491,0.0,885.28
12.5591,0.0,851.62
12.5691,15.51,816.09
12.5791,206.58,777.7
12.5891,429.66,738.65
12.5991,514.8,680.57
12.6091,627.0,617.65
12.6191,712.8,528.77
12.6291,738.21,440.55
12.6391,738.54,344.08
12.6491,795.96,259.49
12.6591,872.74,190.19
12.6691,920.48,148.72
12.6791,977.24,130.13
12.6891,1029.71,89.76
12.6991,1071.84,32.67
12.7091,1101.54,20.35
12.7191,1107.37,18.26
12.7291,1090.43,14.41
12.7391,1077.56,7.81
12.7491,1051.71,4.18
12.7591,1027.07,0.0
12.7691,1000.67,0.0
12.7791,977.24,0.0
12.7891,952.71,0.0
12.7991,941.27,0.0
12.8091,921.47,0.0
12.8191,912.78,0.0
12.8291,902.99,0.0
12.8391,909.04,0.0
12.8491,911.57,0.0
12.8591,918.83,0.0
12.8691,929.5,0.0
12.8791,938.85,0.0
12.8891,954.47,0.0
12.8991,954.14,0.0
12.9091,966.02,0.0
12.9191,976.69,0.0
12.9291,997.92,0.0
12.9391,1011.56,0.0
12.9491,1021.68,0.0
12.9591,1032.79,0.0
12.9691,1035.87,0.0
12.9791,1040.38,0.0
12.9891,1036.97,0.0
12.9991,1028.5,0.0
13.0091,1013.1,0.0
13.0191,1001.55,0.0
13.0291,983.4,0.0
13.0391,968.55,0.0
13.0491,959.53,0.0
13.0591,943.58,0.0
13.0691,919.16,0.0
13.0791,891.88,0.0
13.0891,859.76,15.4
13.0991,812.02,68.75
13.1091,759.11,332.97
13.1191,693.77,402.05
13.1291,624.69,547.47
13.1391,542.19,623.81
13.1491,451.0,693.11
13.1591,365.53,739.97
13.1691,288.86,805.2
13.1791,209.33,886.16
13.1891,158.73,932.91
13.1991,128.59,983.51
13.2091,91.63,1031.91
13.2191,51.26,1067.33
13.2291,27.83,1096.81
13.2391,25.96,1107.59
13.2491,16.61,1101.43
13.2591,12.32,1086.03
13.2691,10.45,1060.62
13.2791,8.58,1030.04
13.2891,0.0,998.03
13.2991,0.0,959.97
13.3091,0.0,930.27
13.3191,0.0,895.73
13.3291,0.0,875.93
13.3391,0.0,856.79
13.3491,0.0,842.49
13.3591,0.0,827.64
13.3691,0.0,820.27
13.3791,0.0,821.04
13.3891,0.0,825.66
13.3991,0.0,837.54
13.4091,0.0,858.55
13.4191,0.0,873.62
13.4291,0.0,887.7
13.4391,0.0,908.6
13.4491,0.0,934.45
13.4591,0.0,955.02
13.4691,0.0,980.65
13.4791,0.0,1002.21
13.4891,0.0,1019.81
13.4991,0.0,1032.46
13.5091,0.0,1037.96
13.5191,0.0,1042.25
13.5291,0.0,1041.26
13.5391,0.0,1034.99
13.5491,0.0,1008.04
13.5591,0.0,983.4
13.5691,0.0,952.49
13.579,0.0,925.32
13.589,0.0,897.05
13.599,0.0,862.29
13.609,19.47,821.48
13.619,268.29,787.27
13.629,433.51,737.44
13.639,532.29,678.37
13.649,644.71,613.47
13.659,727.43,526.68
13.669,756.14,434.83
13.679,787.16,341.88
13.689,857.78,259.6
13.699,914.54,192.06
13.709,974.38,148.72
13.719,1039.17,128.04
13.729,1101.21,83.71
13.739,1144.11,30.58
13.749,1170.18,16.17
13.759,1171.83,16.17
13.769,1152.69,7.81
13.779,1126.73,3.63
13.789,1099.67,0.0
13.799,1068.32,0.0
13.809,1034.33,0.0
13.819,1005.07,0.0
13.829,975.48,0.0
13.839,946.33,0.0
13.849,922.24,0.0
13.859,906.29,0.0
13.869,892.76,0.0
13.879,888.47,0.0
13.889,889.9,0.0
13.899,900.79,0.0
13.909,914.1,0.0
13.919,926.64,0.0
13.929,932.36,0.0
13.939,946.33,0.0
13.949,954.14,0.0
13.959,959.86,0.0
13.969,968.99,0.0
13.979,984.39,0.0
13.989,991.32,0.0
13.999,999.57,0.0
14.009,1002.21,0.0
14.019,1003.97,0.0
14.029,1000.23,0.0
14.039,987.91,0.0
14.049,978.78,0.0
14.059,967.67,0.0
14.069,957.66,0.0
14.079,938.41,0.0
14.089,925.65,0.0
14.099,906.29,0.0
14.109,878.57,0.0
14.119,849.09,15.4
14.129,811.36,67.1
14.139,761.64,311.74
14.149,693.55,407.22
14.159,628.32,552.53
14.169,547.36,637.01
14.179,463.43,702.02
14.189,387.42,753.72
14.199,313.06,831.93
14.209,233.31,888.58
14.219,169.73,949.74
14.229,132.11,1016.73
14.239,113.3,1070.96
14.249,74.8,1113.42
14.259,39.82,1140.81
14.269,24.64,1152.58
14.279,18.04,1157.97
14.289,16.17,1142.02
14.299,14.19,1114.19
14.309,7.48,1084.16
14.319,5.61,1038.84
14.329,3.74,1000.45
14.339,3.74,950.62
14.349,0.0,920.7
14.359,0.0,887.04
14.369,0.0,862.18
14.379,0.0,836.66
14.389,0.0,823.13
14.399,0.0,815.1
14.409,0.0,807.73
14.419,0.0,812.68
14.429,0.0,829.62
14.439,0.0,839.96
14.449,0.0,859.43
14.459,0.0,879.56
14.469,0.0,904.86
14.479,0.0,929.5
14.489,0.0,952.27
14.499,0.0,982.52
14.509,0.0,1010.46
14.519,0.0,1031.47
14.529,0.0,1049.84
14.539,0.0,1060.62
14.549,0.0,1072.28
14.559,0.0,1076.13
14.569,0.0,1068.21
14.579,0.0,1061.28
14.589,0.0,1043.02
14.599,0.0,1020.14
14.609,0.0,999.46
14.619,0.0,958.21
14.629,0.0,925.87
14.639,3.85,890.01
14.649,50.6,858.77
14.659,416.79,812.24
14.669,470.36,774.07
14.679,581.9,721.16
14.689,667.26,658.46
14.699,707.19,579.92
14.709,725.56,485.21
14.719,755.04,388.19
14.729,827.31,304.04
14.739,879.67,223.52
14.749,945.23,162.69
14.759,1028.17,130.02
14.769,1085.59,104.83
14.779,1125.19,49.39
14.789,1147.19,24.31
14.799,1149.28,19.8
14.809,1131.02,13.75
14.819,1105.06,13.75
14.829,1078.99,11.66
14.839,1046.32,9.9
14.849,1017.06,7.81
14.859,986.04,0.0
14.869,955.35,0.0
14.879,931.37,0.0
14.889,915.31,0.0
14.899,901.12,0.0
14.909,892.1,0.0
14.919,891.88,0.0
14.929,898.81,0.0
14.939,910.69,0.0
14.949,925.76,0.0
14.959,942.59,0.0
14.969,960.85,0.0
14.979,972.62,0.0
14.989,995.06,0.0
14.999,1010.35,0.0
15.0089,1023.55,0.0
15.0189,1030.48,0.0
15.0289,1038.4,0.0
15.0389,1040.93,0.0
15.0489,1041.37,0.0
15.0589,1035.76,0.0
15.0689,1029.49,0.0
15.0789,1016.51,0.0
15.0889,1004.41,0.0
15.0989,991.76,0.0
15.1089,981.42,0.0
15.1189,964.81,0.0
15.1289,953.7,0.0
15.1389,944.02,0.0
15.1489,925.76,0.0
15.1589,909.37,0.0
15.1689,876.26,15.4
15.1789,841.83,58.96
15.1889,797.61,302.94
15.1989,740.19,396.0
15.2089,670.12,527.34
15.2189,598.29,615.56
15.2289,509.08,680.02
15.2389,424.6,715.11
15.2489,354.42,780.56
15.2589,275.44,819.06
15.2689,198.11,875.6
15.2789,156.31,927.74
15.2889,127.71,983.84
15.2989,99.44,1032.24
15.3089,59.18,1069.2
15.3189,30.8,1090.87
15.3289,20.46,1100.33
15.3389,18.59,1097.47
15.3489,14.19,1082.4
15.3589,12.32,1054.46
15.3689,5.61,1021.79
15.3789,3.74,984.83
15.3889,0.0,951.72
15.3989,0.0,913.11
15.4089,0.0,886.38
15.4189,0.0,866.36
15.4289,0.0,839.52
15.4389,0.0,827.2
15.4489,0.0,816.97
15.4589,0.0,807.51
15.4689,0.0,811.03
15.4789,0.0,812.9
15.4889,0.0,825.55
15.4989,0.0,846.89
15.5089,0.0,866.25
15.5189,0.0,883.19
15.5289,0.0,906.51
15.5389,0.0,923.67
15.5489,0.0,946.77
15.5589,0.0,968.33
15.5689,0.0,984.94
15.5789,0.0,1002.87
15.5889,0.0,1016.95
15.5989,0.0,1035.65
15.6089,0.0,1040.82
15.6189,0.0,1038.07
15.6289,0.0,1031.36
15.6389,0.0,1019.59
15.6489,0.0,1001.33
15.6589,0.0,980.87
15.6689,0.0,952.71
15.6789,0.0,927.96
15.6889,0.0,893.2
15.6989,36.96,865.7
15.7089,399.08,819.39
15.7189,452.76,780.01
15.7289,561.22,725.78
15.7389,661.87,658.79
15.7489,711.7,582.67
15.7589,730.29,484.99
15.7689,761.86,388.41
15.7789,818.73,297.0
15.7889,876.7,210.98
15.7989,939.07,156.42
15.8089,1013.43,127.6
15.8189,1077.45,107.25
15.8289,1115.95,47.3
15.8389,1138.72,20.35
15.8489,1143.01,20.35
15.8589,1129.04,11.99
15.8689,1107.92,9.9
15.8789,1084.49,7.81
15.8889,1055.67,4.18
15.8989,1022.45,0.0
15.9089,996.82,0.0
15.9189,968.33,0.0
15.9289,940.94,0.0
15.9389,919.6,0.0
15.9489,898.48,0.0
15.9589,884.07,0.0
15.9689,881.1,0.0
15.9789,881.87,0.0
15.9889,891.99,0.0
15.9989,901.89,0.0
16.0089,915.31,0.0
16.0189,931.7,0.0
16.0289,950.62,0.0
16.0389,967.23,0.0
16.0489,980.87,0.0
16.0589,1004.63,0.0
16.0689,1027.84,0.0
16.0789,1042.58,0.0
16.0889,1061.28,0.0
16.0989,1072.39,0.0
16.1089,1077.01,0.0
16.1189,1083.61,0.0
16.1289,1075.47,0.0
16.1389,1075.25,0.0
16.1489,1074.26,0.0
16.1589,1061.72,0.0
16.1689,1050.06,0.0
16.1789,1028.39,0.0
16.1889,1011.78,0.0
16.1989,989.89,0.0
16.2089,977.35,3.08
16.2189,941.82,15.4
16.2289,904.86,55.77
16.2389,857.01,263.12
16.2489,797.5,349.47
16.2589,725.56,467.61
16.2689,652.3,552.64
16.2789,560.67,616.88
16.2889,464.2,654.5
16.2989,384.89,691.24
16.3089,309.54,758.78
16.3189,235.29,795.96
16.3289,169.73,849.09
16.3389,136.84,904.42
16.3489,109.78,952.71
16.3589,67.21,1001.55
16.3689,45.54,1038.07
16.3789,24.75,1052.26
16.3889,20.46,1061.61
16.3989,18.59,1054.46
16.4089,12.32,1046.65
16.4189,12.32,1028.17
16.4288,5.61,1012.55
16.4388,3.74,993.3
16.4488,3.74,971.96
16.4588,0.0,947.1
16.4688,0.0,930.49
16.4788,0.0,912.89
16.4888,0.0,897.93
16.4988,0.0,887.48
16.5088,0.0,878.13
16.5188,0.0,866.8
16.5288,0.0,871.31
16.5388,0.0,876.15
16.5488,0.0,882.09
16.5588,0.0,887.81
16.5688,0.0,896.5
16.5788,0.0,904.09
16.5888,0.0,919.93
16.5988,0.0,930.6
16.6088,0.0,950.62
16.6188,0.0,972.73
16.6288,0.0,992.2
16.6388,0.0,1017.06
16.6488,0.0,1034.66
16.6588,0.0,1037.52
16.6688,0.0,1027.95
16.6788,0.0,1028.28
16.6888,0.0,1011.01
16.6988,0.0,987.91
16.7088,0.0,960.74
16.7188,0.0,930.82
16.7288,0.0,894.41
16.7388,0.0,867.79
16.7488,27.28,833.14
16.7588,375.1,797.72
16.7688,471.24,754.16
16.7788,586.19,707.41
16.7888,691.79,652.3
16.7988,744.81,561.66
16.8088,742.5,472.89
16.8188,758.56,380.49
16.8288,816.09,298.87
16.8388,868.45,220.0
16.8488,927.41,158.84
16.8588,986.26,125.84
16.8688,1040.82,111.21
16.8788,1078.66,73.37
16.8888,1099.23,26.73
16.8988,1101.21,24.53
16.9088,1094.39,17.93
16.9188,1076.13,14.08
16.9288,1039.61,11.99
16.9388,1015.96,11.99
16.9488,983.18,11.99
16.9588,959.42,11.99
16.9688,936.32,6.27
16.9788,918.5,6.27
16.9888,906.62,4.18
16.9988,899.25,4.18
17.0088,893.97,4.18
17.0188,904.75,0.0
17.0288,916.52,0.0
17.0388,930.27,0.0
17.0488,947.87,0.0
17.0588,963.27,0.0
17.0688,977.24,0.0
17.0788,990.0,0.0
17.0888,1001.99,0.0
17.0988,1012.99,0.0
17.1088,1024.1,0.0
17.1188,1031.47,0.0
17.1288,1045.77,0.0
17.1388,1051.6,0.0
17.1488,1057.21,0.0
17.1588,1057.76,0.0
17.1688,1057.1,0.0
17.1788,1057.54,0.0
17.1888,1048.19,0.0
17.1988,1036.86,0.0
17.2088,1022.34,0.0
17.2188,1007.82,0.0
17.2288,994.62,0.0
17.2388,975.37,0.0
17.2488,959.09,0.0
17.2588,951.61,0.0
17.2688,931.04,0.0
17.2788,912.45,0.0
17.2888,878.24,9.24
17.2988,839.96,46.42
17.3088,794.2,264.22
17.3188,733.92,364.76
17.3288,666.38,506.11
17.3388,598.95,608.96
17.3488,512.82,679.47
17.3588,429.0,711.92
17.3688,344.63,764.17
17.3788,274.23,830.61
17.3888,204.16,865.7
17.3988,158.18,910.58
17.4088,134.09,961.4
17.4188,100.65,1003.31
17.4288,64.02,1041.37
17.4388,30.47,1068.43
17.4488,16.61,1079.87
17.4588,16.61,1079.1
17.4688,10.45,1067.88
17.4788,8.58,1049.84
17.4888,4.84,1021.79
17.4988,0.0,996.71
17.5088,0.0,967.56
17.5188,0.0,938.85
17.5288,0.0,916.3
17.5388,0.0,891.44
17.5488,0.0,873.95
17.5588,0.0,856.46
17.5688,0.0,848.1
17.5788,0.0,840.18
17.5888,0.0,844.25
17.5988,0.0,848.98
17.6088,0.0,856.46
17.6188,0.0,876.04
17.6288,0.0,892.32
17.6388,0.0,904.97
17.6488,0.0,917.84
17.6588,0.0,936.32
17.6688,0.0,952.49
17.6788,0.0,976.25
17.6888,0.0,999.13
17.6988,0.0,1007.38
17.7088,0.0,1024.43
17.7188,0.0,1035.21
17.7288,0.0,1036.2
17.7388,0.0,1016.18
17.7488,0.0,1011.12
17.7588,0.0,993.96
17.7688,0.0,978.23
17.7788,0.0,955.68
17.7888,0.0,927.96
17.7988,0.0,902.99
17.8088,0.0,880.44
17.8188,0.0,855.8
17.8288,27.28,828.3
17.8388,297.88,796.84
17.8488,426.58,763.73
17.8587,505.45,716.1
17.8687,606.43,661.1
17.8787,665.5,601.48
17.8887,684.2,512.6
17.8987,700.26,430.65
17.9087,757.68,344.3
17.9187,837.32,257.62
17.9287,905.96,190.74
17.9387,976.36,153.12
17.9487,1051.6,127.93
17.9587,1099.23,83.05
17.9687,1131.02,36.3
17.9787,1143.34,32.34
17.9887,1143.67,23.98
17.9987,1140.81,19.8
18.0087,1129.15,19.8
18.0187,1116.83,19.8
18.0287,1095.38,15.84
18.0387,1070.52,13.75
18.0487,1043.35,11.99
18.0587,1013.54,9.9
18.0687,984.5,6.27
18.0787,961.51,4.18
18.0887,937.97,4.18
18.0987,921.36,4.18
18.1087,908.82,4.18
18.1187,903.87,0.0
18.1287,896.39,0.0
18.1387,897.05,0.0
18.1487,902.22,0.0
18.1587,908.82,0.0
18.1687,913.33,0.0
18.1787,924.22,0.0
18.1887,938.52,0.0
18.1987,949.96,0.0
18.2087,961.51,0.0
18.2187,970.2,0.0
18.2287,978.12,0.0
18.2387,988.57,0.0
18.2487,990.0,0.0
18.2587,994.18,0.0
18.2687,994.62,0.0
18.2787,992.53,0.0
18.2887,990.99,0.0
18.2987,982.96,0.0
18.3087,971.08,0.0
18.3187,955.79,0.0
18.3287,941.16,0.0
18.3387,920.26,0.0
18.3487,898.59,0.0
18.3587,870.87,13.86
18.3687,831.71,61.93
18.3787,792.11,263.89
18.3887,737.66,352.99
18.3987,673.75,478.06
18.4087,604.12,565.07
18.4187,525.91,626.67
18.4287,450.45,662.64
18.4387,378.18,718.41
18.4487,306.57,797.06
18.4587,231.99,839.52
18.4687,171.27,885.28
18.4787,136.73,938.74
18.4887,98.12,980.1
18.4987,67.43,1019.37
18.5087,47.85,1045.55
18.5187,37.4,1057.76
18.5287,27.28,1056.66
18.5387,25.41,1050.17
18.5487,21.56,1035.76
18.5587,17.27,1016.73
18.5687,12.32,989.89
18.5787,5.61,973.06
18.5887,5.61,950.18
18.5987,3.74,927.41
18.6087,3.74,917.18
18.6187,3.74,906.4
18.6287,3.74,893.53
18.6387,3.74,895.62
18.6487,3.74,898.04
18.6587,3.74,910.03
18.6687,0.0,927.63
18.6787,0.0,942.7
18.6887,0.0,960.63
18.6987,0.0,975.92
18.7087,0.0,991.21
18.7187,0.0,1005.84
18.7287,0.0,1019.37
18.7387,0.0,1032.79
18.7487,0.0,1041.48
18.7587,0.0,1041.04
18.7687,0.0,1039.17
18.7787,0.0,1030.7
18.7887,0.0,1028.17
18.7987,0.0,1020.14
18.8087,0.0,1004.74
18.8187,0.0,976.03
18.8287,0.0,959.64
18.8387,0.0,945.45
18.8487,0.0,920.81
18.8587,0.0,892.87
18.8687,0.0,865.59
18.8787,0.0,842.27
18.8887,0.0,817.3
18.8987,13.64,794.31
18.9087,127.49,762.85
18.9187,421.74,738.54
18.9287,473.88,698.39
18.9387,595.65,650.65
18.9487,672.32,595.43
18.9587,731.72,524.48
18.9687,798.27,446.93
18.9787,865.26,371.36
18.9887,909.7,303.38
18.9987,948.64,239.14
19.0087,1003.64,188.1
19.0187,1051.71,144.98
19.0287,1095.82,113.63
19.0387,1125.19,70.95
19.0487,1145.21,43.23
19.0587,1159.29,37.18
19.0687,1159.18,31.13
19.0787,1156.54,29.04
19.0887,1147.08,25.19
19.0987,1134.21,20.79
19.1087,1124.09,16.83
19.1187,1105.39,13.75
19.1287,1087.13,13.75
19.1387,1074.92,11.99
19.1487,1061.28,11.99
19.1587,1056.77,11.99
19.1687,1052.37,11.99
19.1787,1048.52,13.75
19.1887,1044.67,15.84
19.1987,1049.62,13.75
19.2087,1049.29,15.84
19.2187,1053.69,13.75
19.2287,1053.91,15.84
19.2387,1062.05,15.84
19.2487,1066.67,15.84
19.2587,1064.47,13.75
19.2687,1064.03,15.84
19.2787,1059.85,22.11
19.2886,1054.9,22.11
19.2986,1049.84,24.31
19.3086,1037.08,24.31
19.3186,1021.02,28.71
19.3286,1006.06,34.87
19.3386,990.77,45.21
19.3486,961.18,77.33
19.3586,935.33,118.8
19.3686,906.51,164.12
19.3786,867.24,211.31
19.3886,821.7,258.61
19.3986,776.05,304.92
19.4086,719.18,355.52
19.4186,667.15,439.23
19.4286,608.41,603.24
19.4386,546.04,780.78
19.4486,468.38,837.76
19.4586,384.12,861.41
19.4686,308.66,868.56
19.4786,239.03,886.6
19.4886,179.52,912.01
19.4986,120.12,935.66
19.5086,80.52,966.57
19.5186,55.77,994.07
19.5286,32.01,1014.86
19.5386,22.44,1033.67
19.5486,20.02,1038.4
19.5586,18.04,1035.76
19.5686,15.62,1033.56
19.5786,15.62,1027.84
19.5886,13.2,1017.28
19.5986,9.79,1015.08
19.6086,4.95,1009.8
19.6186,4.95,1007.6
19.6286,0.0,1008.81
19.6386,3.85,1008.81
19.6486,0.0,1011.89
19.6586,0.0,1008.15
19.6686,0.0,1005.73
19.6786,0.0,1009.14
19.6886,0.0,1013.54
19.6986,0.0,1013.54
19.7086,0.0,1020.8
19.7186,0.0,1025.42
19.7286,0.0,1025.53
19.7386,0.0,1035.65
19.7486,0.0,1034.88
19.7586,4.4,1040.27
19.7686,4.4,1043.57
19.7786,0.0,1048.96
19.7886,4.4,1054.46
19.7986,4.4,1059.3
19.8086,4.4,1062.6
19.8186,4.4,1058.42
19.8286,4.4,1060.84
19.8386,8.25,1064.03
19.8486,8.25,1066.67
19.8586,10.45,1059.3
19.8686,12.43,1064.36
19.8786,51.92,1060.18
19.8886,123.86,1053.14
19.8986,222.53,1033.56
19.9086,273.02,1000.78
19.9186,296.12,951.17
19.9286,338.03,905.08
19.9386,418.22,850.41
19.9486,498.63,779.79
19.9586,561.55,702.79
19.9686,635.14,618.97
19.9786,710.6,529.32
19.9886,791.45,454.3
19.9986,865.37,389.18
20.0086,919.27,330.88
20.0186,969.43,287.98
20.0286,1000.45,244.09
20.0386,1026.41,217.03
20.0486,1042.36,193.6
20.0586,1054.24,171.71
20.0686,1063.04,149.38
20.0786,1069.2,130.68
20.0886,1074.92,112.53
20.0986,1071.51,96.8
20.1086,1076.57,88.77
20.1186,1082.73,78.65
20.1286,1089.44,70.73
20.1386,1093.51,66.66
20.1486,1096.59,54.01
20.1586,1102.97,50.71
20.1686,1106.49,50.27
20.1786,1105.5,43.45
20.1886,1113.42,39.16
20.1986,1118.15,39.16
20.2086,1118.26,39.16
20.2186,1120.9,37.62
20.2286,1121.12,37.62
20.2386,1121.12,33.55
20.2486,1121.78,33.55
20.2586,1116.39,32.01
20.2686,1118.92,32.01
20.2786,1110.67,32.01
20.2886,1108.03,25.52
20.2986,1100.55,32.01
20.3086,1094.39,26.07
20.3186,1087.13,26.07
20.3286,1073.6,30.47
20.3386,1066.34,30.47
20.3486,1053.91,30.47
20.3586,1044.89,30.47
20.3686,1028.39,30.47
20.3786,1009.03,30.47
20.3886,988.57,34.43
20.3986,967.34,30.03
20.4086,946.11,47.85
20.4186,915.86,96.25
20.4286,887.81,278.3
20.4386,848.87,381.37
20.4486,811.8,441.54
20.4586,763.73,488.18
20.4686,717.42,542.19
20.4786,666.6,585.53
20.4886,614.9,619.52
20.4986,556.93,655.71
20.5086,494.34,691.02
20.5186,427.9,719.29
20.5286,355.52,740.52
20.5386,283.91,761.53
20.5486,226.05,781.11
20.5586,175.01,795.74
20.5686,142.45,817.63
20.5786,115.94,833.36
20.5886,84.7,850.85
20.5986,64.9,865.59
20.6086,47.3,880.99
20.6186,39.6,888.36
20.6286,37.62,896.17
20.6386,33.33,898.81
20.6486,29.04,909.04
20.6586,22.99,905.63
20.6686,16.28,905.63
20.6786,14.3,908.82
20.6886,7.48,908.82
20.6986,7.48,911.24
20.7086,5.61,908.82
20.7185,3.74,903.65
20.7285,3.74,896.06
20.7385,0.0,893.2
20.7485,0.0,895.62
20.7585,0.0,897.38
20.7685,0.0,895.07
20.7785,0.0,901.45
20.7885,0.0,908.27
20.7985,0.0,917.29
20.8085,0.0,930.71
20.8185,0.0,945.34
20.8285,0.0,955.35
20.8385,0.0,967.12
20.8485,0.0,982.96
20.8585,0.0,1000.01
20.8685,0.0,1015.52
20.8785,0.0,1025.97
20.8885,0.0,1037.08
20.8985,0.0,1044.45
20.9085,0.0,1052.7
20.9185,0.0,1051.93
20.9285,0.0,1049.62
20.9385,0.0,1051.6
20.9485,0.0,1045.11
20.9585,0.0,1033.67
20.9685,0.0,1014.31
20.9785,0.0,1011.23
20.9885,0.0,994.73
20.9985,0.0,973.94
21.0085,12.1,943.25
21.0185,74.47,922.02
21.0285,359.7,891.0
21.0385,463.21,855.36
21.0485,542.85,814.44
21.0585,559.46,763.07
21.0685,567.6,706.75
21.0785,637.01,645.7
21.0885,679.91,577.28
21.0985,719.51,495.99
21.1085,767.36,404.25
21.1185,800.58,335.28
21.1285,834.9,268.29
21.1385,859.76,202.07
21.1485,889.79,156.31
21.1585,910.8,136.4
21.1685,927.96,104.06
21.1785,946.88,61.93
21.1885,960.3,26.29
21.1985,964.59,24.2
21.2085,968.55,20.24
21.2185,974.71,9.79
21.2285,970.2,6.16
21.2385,966.79,6.16
21.2485,965.14,6.16
21.2585,963.71,4.62
21.2685,962.72,6.16
21.2785,961.18,4.62
21.2885,971.41,4.62
21.2985,968.88,4.62
21.3085,982.08,4.62
21.3185,984.5,4.62
21.3285,991.43,4.62
21.3385,1001.22,4.62
21.3485,1009.69,4.62
21.3585,1011.23,4.62
21.3685,1014.97,3.08
21.3785,1024.32,4.62
21.3885,1034.0,4.62
21.3985,1046.65,4.62
21.4085,1052.81,4.62
21.4185,1060.29,4.62
21.4285,1069.86,4.62
21.4385,1072.06,4.62
21.4485,1074.26,4.62
21.4585,1069.97,4.62
21.4685,1056.99,4.62
21.4785,1048.08,4.62
21.4885,1039.61,4.62
21.4985,1029.49,4.62
21.5085,1021.46,4.62
21.5185,1010.13,4.62
21.5285,993.41,4.62
21.5385,978.56,6.16
21.5485,958.1,10.78
21.5585,936.21,23.21
21.5685,903.65,57.31
21.5785,861.52,304.15
21.5885,811.25,445.17
21.5985,747.34,510.95
21.6085,677.16,597.85
21.6185,590.7,659.56
21.6285,487.85,719.07
21.6385,411.07,754.49
21.6485,333.63,796.07
21.6585,260.81,850.74
21.6685,191.95,895.62
21.6785,141.35,936.65
21.6885,108.02,979.44
21.6985,72.16,1014.2
21.7085,42.68,1034.22
21.7185,25.41,1040.93
21.7285,18.59,1043.13
21.7385,14.19,1030.48
21.7485,12.32,1007.6
21.7585,5.61,984.94
21.7685,3.74,959.42
21.7785,3.74,934.34
21.7885,0.0,911.57
21.7985,0.0,889.79
21.8085,0.0,869.99
21.8185,0.0,858.55
21.8285,0.0,846.01
21.8385,0.0,839.3
21.8485,0.0,834.46
21.8585,0.0,834.79
21.8685,0.0,839.96
21.8785,0.0,850.41
21.8885,0.0,860.42
21.8985,0.0,878.02
21.9085,0.0,896.39
21.9185,0.0,914.1
21.9285,0.0,936.54
21.9385,0.0,954.91
21.9485,0.0,975.15
21.9585,0.0,992.86
21.9685,0.0,1016.18
21.9785,0.0,1030.81
21.9885,0.0,1048.08
21.9985,0.0,1066.45
22.0085,0.0,1088.01
22.0185,0.0,1093.95
22.0285,0.0,1097.91
22.0385,0.0,1095.93
22.0485,0.0,1083.72
22.0585,0.0,1058.53
22.0685,0.0,1045.22
22.0785,0.0,1018.6
22.0885,0.0,981.2
22.0985,0.0,954.91
22.1085,3.85,919.49
22.1185,42.79,883.19
22.1285,339.24,846.12
22.1385,424.38,808.39
22.1484,507.32,763.18
22.1584,570.57,709.28
22.1684,605.0,645.04
22.1784,611.38,565.07
22.1884,627.66,463.43
22.1984,672.32,372.9
22.2084,714.89,295.46
22.2184,760.32,213.18
22.2284,819.72,171.16
22.2384,872.19,154.99
22.2484,921.14,119.02
22.2584,963.82,63.91
22.2684,992.09,34.43
22.2784,1009.91,34.43
22.2884,1016.62,23.98
22.2984,1007.38,19.47
22.3084,1001.77,15.62
22.3184,983.51,20.13
22.3284,970.31,11.66
22.3384,953.7,9.57
22.3484,940.39,7.81
22.3584,926.86,3.63
22.3684,920.37,0.0
22.3784,912.78,0.0
22.3884,908.38,0.0
22.3984,916.74,0.0
22.4084,921.36,0.0
22.4184,933.68,0.0
22.4284,951.39,0.0
22.4384,967.23,0.0
22.4484,984.94,0.0
22.4584,1000.23,0.0
22.4684,1024.1,0.0
22.4784,1040.05,0.0
22.4884,1064.14,0.0
22.4984,1074.26,0.0
22.5084,1092.52,0.0
22.5184,1093.29,0.0
22.5284,1092.08,0.0
22.5384,1084.38,0.0
22.5484,1076.02,0.0
22.5584,1060.51,0.0
22.5684,1051.16,0.0
22.5784,1039.72,0.0
22.5884,1020.69,0.0
22.5984,1001.99,0.0
22.6084,980.54,0.0
22.6184,961.84,0.0
22.6284,942.15,0.0
22.6384,921.58,9.24
22.6484,899.58,40.26
22.6584,868.01,197.45
22.6684,822.58,353.76
22.6784,764.61,462.77
22.6884,701.8,566.17
22.6984,620.95,643.72
22.7084,538.34,710.71
22.7184,442.09,750.31
22.7284,362.01,775.5
22.7384,282.7,804.76
22.7484,214.39,849.31
22.7584,156.42,904.86
22.7684,129.14,950.84
22.7784,95.92,992.2
22.7884,58.85,1023.11
22.7984,32.01,1042.14
22.8084,21.01,1051.93
22.8184,16.61,1048.74
22.8284,14.74,1028.94
22.8384,10.45,1011.78
22.8484,4.84,981.86
22.8584,0.0,951.28
22.8684,0.0,919.38
22.8784,0.0,890.12
22.8884,0.0,871.09
22.8984,0.0,848.98
22.9084,0.0,834.46
22.9184,0.0,825.11
22.9284,0.0,823.24
22.9384,0.0,824.12
22.9484,0.0,826.65
22.9584,0.0,838.64
22.9684,0.0,855.47
22.9784,0.0,878.46
22.9884,0.0,898.26
22.9984,0.0,920.7
23.0084,0.0,943.69
23.0184,0.0,966.68
23.0284,0.0,988.9
23.0384,0.0,1011.34
23.0484,0.0,1019.92
23.0584,0.0,1031.03
23.0684,0.0,1037.19
23.0784,0.0,1034.11
23.0884,0.0,1034.33
23.0984,0.0,1031.91
23.1084,0.0,1023.66
23.1184,0.0,1017.61
23.1284,0.0,1012.55
23.1384,0.0,991.87
23.1484,0.0,965.36
23.1584,0.0,941.49
23.1684,0.0,913.11
23.1784,0.0,880.66
23.1884,0.0,845.02
23.1984,36.96,807.84
23.2084,391.71,766.59
23.2184,463.87,720.83
23.2284,575.3,660.77
23.2384,690.91,594.22
23.2484,751.52,507.21
23.2584,771.43,408.54
23.2684,811.36,323.51
23.2784,865.15,233.53
23.2884,894.52,179.41
23.2984,954.47,152.79
23.3084,1006.83,116.93
23.3184,1052.81,57.42
23.3284,1098.46,32.34
23.3384,1121.78,32.34
23.3484,1119.69,21.89
23.3584,1096.48,15.62
23.3684,1066.78,15.62
23.3784,1040.27,13.53
23.3884,1011.12,9.57
23.3984,985.49,7.81
23.4084,958.54,3.63
23.4184,936.1,0.0
23.4284,921.58,0.0
23.4384,906.4,0.0
23.4484,896.28,0.0
23.4584,894.41,0.0
23.4684,901.34,0.0
23.4784,908.49,0.0
23.4884,923.78,0.0
23.4984,941.49,0.0
23.5084,952.16,0.0
23.5184,969.32,0.0
23.5284,984.39,0.0
23.5384,1002.43,0.0
23.5484,1018.27,0.0
23.5584,1028.28,0.0
23.5684,1041.15,0.0
23.5783,1044.23,0.0
23.5883,1043.24,0.0
23.5983,1041.59,0.0
23.6083,1034.88,0.0
23.6183,1027.73,0.0
23.6283,1016.51,0.0
23.6383,1002.98,0.0
23.6483,992.2,0.0
23.6583,976.36,0.0
23.6683,959.97,0.0
23.6783,943.47,0.0
23.6883,925.65,0.0
23.6983,898.59,0.0
23.7083,870.1,12.32
23.7183,832.7,54.12
23.7283,784.08,271.81
23.7383,724.68,361.02
23.7483,660.55,503.47
23.7583,589.16,600.49
23.7683,502.26,686.18
23.7783,422.73,756.69
23.7883,346.72,831.71
23.7983,274.67,878.02
23.8083,202.4,905.3
23.8183,152.35,942.15
23.8283,128.26,978.67
23.8383,89.98,1016.73
23.8483,55.22,1062.38
23.8583,28.93,1089.55
23.8683,27.06,1098.9
23.8783,20.46,1098.35
23.8883,16.61,1086.03
23.8983,14.74,1065.24
23.9083,10.45,1044.89
23.9183,5.61,1013.65
23.9283,3.74,983.18
23.9383,3.74,950.62
23.9483,3.74,920.92
23.9583,0.0,896.39
23.9683,0.0,875.38
23.9783,0.0,862.84
23.9883,0.0,843.81
23.9983,0.0,838.75
24.0083,0.0,836.0
24.0183,0.0,834.9
24.0283,0.0,852.28
24.0383,0.0,864.82
24.0483,0.0,880.22
24.0583,0.0,893.64
24.0683,0.0,914.76
24.0783,0.0,933.46
24.0883,0.0,949.19
24.0983,0.0,965.69
24.1083,0.0,980.54
24.1183,0.0,997.7
24.1283,0.0,1001.55
24.1383,0.0,1001.22
24.1483,0.0,999.46
24.1583,0.0,997.48
24.1683,0.0,997.04
24.1783,0.0,983.51
24.1883,0.0,958.76
24.1983,0.0,938.19
24.2083,0.0,915.97
24.2183,0.0,888.47
24.2283,0.0,856.46
24.2383,0.0,820.6
24.2483,29.15,788.81
24.2583,356.18,745.47
24.2683,485.98,689.15
24.2783,585.97,641.52
24.2883,714.01,564.96
24.2983,781.66,470.91
24.3083,819.61,374.99
24.3183,875.16,293.04
24.3283,944.79,212.96
24.3383,1000.89,160.71
24.3483,1058.42,136.29
24.3583,1109.9,96.03
24.3683,1168.42,38.83
24.3783,1199.55,22.22
24.3883,1208.68,22.22
24.3983,1190.42,11.66
24.4083,1168.86,11.66
24.4183,1131.68,9.57
24.4283,1097.36,9.57
24.4383,1065.13,3.63
24.4483,1024.21,3.63
24.4583,990.55,0.0
24.4683,958.76,0.0
24.4783,931.48,0.0
24.4883,904.53,0.0
24.4983,884.4,0.0
24.5083,874.17,0.0
24.5183,867.02,0.0
24.5283,868.89,0.0
24.5383,882.09,0.0
24.5483,895.84,0.0
24.5583,907.06,0.0
24.5683,927.74,0.0
24.5783,944.46,0.0
24.5883,960.96,0.0
24.5983,984.61,0.0
24.6083,1002.21,0.0
24.6183,1020.8,0.0
24.6283,1026.52,0.0
24.6383,1033.56,0.0
24.6483,1044.01,0.0
24.6583,1039.06,0.0
24.6683,1035.98,0.0
24.6783,1024.98,0.0
24.6883,1015.41,0.0
24.6983,1005.07,0.0
24.7083,995.83,0.0
24.7183,977.9,0.0
24.7283,961.4,0.0
24.7383,944.02,0.0
24.7483,928.4,0.0
24.7583,897.71,13.86
24.7683,863.72,55.77
24.7783,821.04,261.8
24.7883,767.91,371.47
24.7983,704.44,497.86
24.8083,632.5,592.68
24.8183,544.5,659.67
24.8283,459.36,697.95
24.8383,382.58,755.48
24.8483,307.78,827.86
24.8583,232.76,871.97
24.8683,174.24,928.95
24.8783,142.89,984.5
24.8883,115.5,1037.85
24.8983,82.17,1076.57
24.9083,45.43,1103.63
24.9183,28.93,1113.31
24.9283,24.75,1118.59
24.9383,18.59,1103.19
24.9483,14.19,1088.01
24.9583,12.32,1056.88
24.9683,5.61,1019.04
24.9783,3.74,984.28
24.9883,3.74,948.86
24.9983,3.74,920.92
25.0082,0.0,884.62
25.0182,0.0,860.75
25.0282,0.0,846.23
25.0382,0.0,828.41
25.0482,0.0,828.63
25.0582,0.0,818.07
25.0682,0.0,825.22
25.0782,0.0,834.57
25.0882,0.0,851.51
25.0982,0.0,868.01
25.1082,0.0,880.77
25.1182,0.0,899.14
25.1282,0.0,921.91
25.1382,0.0,943.69
25.1482,0.0,968.88
25.1582,0.0,989.89
25.1682,0.0,1011.01
25.1782,0.0,1032.46
25.1882,0.0,1039.17
25.1982,0.0,1048.85
25.2082,0.0,1044.78
25.2182,0.0,1039.5
25.2282,0.0,1028.72
25.2382,0.0,1018.38
25.2482,0.0,1004.52
25.2582,0.0,985.27
25.2682,0.0,958.32
25.2782,0.0,928.84
25.2882,0.0,903.1
25.2982,0.0,870.21
25.3082,38.94,829.18
25.3182,426.69,792.22
25.3282,483.23,746.57
25.3382,612.48,688.6
25.3482,725.78,619.08
25.3582,777.92,525.25
25.3682,795.3,427.35
25.3782,842.93,337.04
25.3882,895.29,253.99
25.3982,950.18,177.32
25.4082,1015.96,140.25
25.4182,1078.22,113.52
25.4282,1130.03,66.33
25.4382,1162.59,24.31
25.4482,1172.38,22.22
25.4582,1159.73,15.62
25.4682,1132.23,11.66
25.4782,1103.19,11.66
25.4882,1064.69,11.66
25.4982,1032.02,7.81
25.5082,998.91,7.81
25.5182,968.44,0.0
25.5282,938.74,0.0
25.5382,914.98,0.0
25.5482,898.7,0.0
25.5582,886.05,0.0
25.5682,875.6,0.0
25.5782,876.81,0.0
25.5882,878.79,0.0
25.5982,892.32,0.0
25.6082,907.94,0.0
25.6182,921.25,0.0
25.6282,932.25,0.0
25.6382,943.58,0.0
25.6482,964.92,0.0
25.6582,980.32,0.0
25.6682,997.48,0.0
25.6782,1015.41,0.0
25.6882,1040.27,0.0
25.6982,1054.9,0.0
25.7082,1067.33,0.0
25.7182,1069.75,0.0
25.7282,1069.53,0.0
25.7382,1061.5,0.0
25.7482,1054.24,0.0
25.7582,1041.15,0.0
25.7682,1029.16,0.0
25.7782,1012.66,0.0
25.7882,995.72,0.0
25.7982,977.57,0.0
25.8082,958.43,0.0
25.8182,939.84,6.16
25.8282,912.56,26.29
25.8382,875.27,123.97
25.8482,830.28,328.13
25.8582,768.57,438.57
25.8682,703.12,571.34
25.8782,627.44,638.88
25.8882,537.02,676.83
25.8982,445.39,692.23
25.9082,369.71,732.71
25.9182,295.02,763.29
25.9282,225.72,814.0
25.9382,171.93,876.15
25.9482,140.91,936.87
25.9582,121.99,993.19
25.9682,80.74,1045.11
25.9782,42.13,1076.13
25.9882,27.06,1094.72
25.9982,24.64,1101.98
26.0082,18.59,1098.02
26.0182,14.19,1090.32
26.0282,12.32,1069.86
26.0382,5.61,1046.54
26.0482,3.74,1015.74
26.0582,3.74,992.2
26.0682,0.0,968.77
26.0782,0.0,939.4
26.0882,0.0,917.4
26.0982,0.0,894.85
26.1082,0.0,873.18
26.1182,0.0,858.0
26.1282,0.0,845.24
26.1382,0.0,841.06
26.1482,0.0,837.1
26.1582,0.0,843.59
26.1682,0.0,851.62
26.1782,0.0,863.61
26.1882,0.0,878.02
26.1982,0.0,900.46
26.2082,0.0,920.15
26.2182,0.0,948.31
26.2282,0.0,976.58
26.2382,0.0,1012.0
26.2482,0.0,1032.9
26.2582,0.0,1057.1
26.2682,0.0,1072.39
26.2782,0.0,1080.64
26.2882,0.0,1072.83
26.2982,0.0,1052.15
26.3082,0.0,1035.43
26.3182,0.0,1015.96
26.3282,0.0,987.14
26.3382,0.0,949.41
26.3482,0.0,919.05
26.3582,0.0,880.22
26.3682,3.85,846.01
26.3782,58.52,806.52
26.3882,426.03,758.34
26.3982,465.63,713.79
26.4082,589.16,654.06
26.4182,701.25,580.14
26.4282,756.69,482.68
26.4381,779.68,390.61
26.4481,828.96,306.13
26.4581,897.05,219.56
26.4681,951.28,167.31
26.4781,1022.34,136.29
26.4881,1090.65,111.65
26.4981,1151.7,58.3
26.5081,1188.22,20.35
26.5181,1208.24,24.31
26.5281,1197.35,18.26
26.5381,1178.65,11.66
26.5481,1142.57,11.66
26.5581,1103.96,9.9
26.5681,1067.88,9.9
26.5781,1027.51,7.81
26.5881,989.89,4.18
26.5981,955.57,4.18
26.6081,922.35,0.0
26.6181,902.88,0.0
26.6281,881.87,0.0
26.6381,874.06,0.0
26.6481,866.8,0.0
26.6581,874.5,0.0
26.6681,884.29,0.0
26.6781,901.45,0.0
26.6881,918.28,0.0
26.6981,937.97,0.0
26.7081,956.89,0.0
26.7181,986.7,0.0
26.7281,999.46,0.0
26.7381,1019.7,0.0
26.7481,1038.07,0.0
26.7581,1050.28,0.0
26.7681,1066.12,0.0
26.7781,1066.45,0.0
26.7881,1067.55,0.0
26.7981,1060.84,0.0
26.8081,1056.33,0.0
26.8181,1043.9,0.0
26.8281,1029.27,0.0
26.8381,1013.87,0.0
26.8481,1005.51,0.0
26.8581,985.38,0.0
26.8681,973.94,0.0
26.8781,953.48,0.0
26.8881,930.6,13.86
26.8981,897.05,58.96
26.9081,853.27,296.89
26.9181,799.26,395.78
26.9281,729.41,534.16
26.9381,655.71,632.94
26.9481,567.71,703.12
26.9581,471.35,755.15
26.9681,389.07,800.03
26.9781,312.84,815.87
26.9881,233.53,854.48
26.9981,169.51,910.58
27.0081,132.55,971.85
27.0181,109.78,1021.68
27.0281,69.41,1064.25
27.0381,38.5,1096.92
27.0481,20.46,1111.99
27.0581,20.46,1114.74
27.0681,18.59,1104.29
27.0781,14.19,1083.72
27.0881,12.32,1053.58
27.0981,5.61,1027.4
27.1081,5.61,991.65
27.1181,3.74,963.27
27.1281,3.74,933.68
27.1381,3.74,909.26
27.1481,3.74,893.09
27.1581,0.0,873.07
27.1681,0.0,860.2
27.1781,0.0,851.29
27.1881,0.0,848.32
27.1981,0.0,848.65
27.2081,0.0,851.07
27.2181,0.0,870.65
27.2281,0.0,880.99
27.2381,0.0,898.81
27.2481,0.0,914.21
27.2581,0.0,936.87
27.2681,0.0,955.46
27.2781,0.0,978.12
27.2881,0.0,999.02
27.2981,0.0,1014.97
27.3081,0.0,1033.12
27.3181,0.0,1041.15
27.3281,0.0,1046.98
27.3381,0.0,1046.65
27.3481,0.0,1044.45
27.3581,0.0,1033.23
27.3681,0.0,1023.88
27.3781,0.0,1006.17
27.3881,0.0,988.46
27.3981,0.0,960.74
27.4081,0.0,929.39
27.4181,0.0,899.25
27.4281,0.0,868.01
27.4381,3.85,830.83
27.4481,56.54,796.07
27.4581,421.19,756.14
27.4681,472.78,703.56
27.4781,583.22,653.29
27.4881,677.82,576.4
27.4981,729.74,488.95
27.5081,735.35,398.31
27.5181,792.44,310.09
27.5281,868.45,213.07
27.5381,933.79,162.91
27.5481,1003.53,131.89
27.5581,1076.13,96.03
27.5681,1135.97,42.79
27.5781,1182.94,26.07
27.5881,1196.47,26.07
27.5981,1192.73,15.62
27.6081,1172.27,15.62
27.6181,1138.72,11.66
27.6281,1102.97,11.66
27.6381,1067.99,7.81
27.6481,1030.48,3.63
27.6581,992.31,0.0
27.6681,960.08,0.0
27.6781,921.58,0.0
27.6881,906.84,0.0
27.6981,882.86,0.0
27.7081,875.05,0.0
27.7181,873.07,0.0
27.7281,875.49,0.0
27.7381,889.13,0.0
27.7481,908.82,0.0
27.7581,926.09,0.0
27.7681,944.35,0.0
27.7781,967.01,0.0
27.7881,987.14,0.0
27.7981,1007.93,0.0
27.8081,1032.9,0.0
27.8181,1055.56,0.0
27.8281,1077.89,0.0
27.8381,1091.42,0.0
27.8481,1097.25,0.0
27.858,1103.08,0.0
27.868,1103.96,0.0
27.878,1100.11,0.0
27.888,1085.81,0.0
27.898,1078.88,0.0
27.908,1066.56,0.0
27.918,1050.06,0.0
27.928,1038.95,0.0
27.938,1019.92,0.0
27.948,996.82,0.0
27.958,973.94,13.86
27.968,950.84,54.12
27.978,918.39,261.14
27.988,872.3,367.18
27.998,811.36,477.84
28.008,742.5,565.73
28.018,657.14,641.41
28.028,573.32,684.86
28.038,470.8,721.27
28.048,385.66,754.27
28.058,311.08,776.38
28.068,234.3,832.81
28.078,176.22,885.83
28.088,137.17,937.53
28.098,112.2,990.77
28.108,78.65,1031.25
28.118,45.43,1052.81
28.128,29.7,1067.55
28.138,22.88,1071.62
28.148,18.59,1061.39
28.158,12.32,1044.12
28.168,10.45,1015.96
28.178,8.58,985.93
28.188,3.74,961.07
28.198,0.0,931.7
28.208,0.0,901.45
28.218,0.0,876.7
28.228,0.0,861.19
28.238,0.0,844.25
28.248,0.0,836.11
28.258,0.0,835.89
28.268,0.0,842.6
28.278,0.0,851.62
28.288,0.0,859.76
28.298,0.0,881.1
28.308,0.0,901.01
28.318,0.0,917.84
28.328,0.0,936.54
28.338,0.0,952.05
28.348,0.0,971.63
28.358,0.0,989.12
28.368,0.0,1009.36
28.378,0.0,1015.08
28.388,0.0,1026.08
28.398,0.0,1035.43
28.408,0.0,1048.96
28.418,0.0,1053.69
28.428,0.0,1055.01
28.438,0.0,1032.57
28.448,0.0,1017.61
28.458,0.0,992.42
28.468,0.0,965.14
28.478,0.0,939.18
28.488,0.0,912.67
28.498,9.68,876.92
28.508,113.74,843.92
28.518,478.61,807.62
28.528,528.88,759.44
28.538,667.26,704.0
28.548,734.47,642.29
28.558,742.72,549.78
28.568,763.62,444.84
28.578,818.84,348.04
28.588,879.45,264.88
28.598,935.33,177.65
28.608,998.58,133.76
28.618,1059.19,102.19
28.628,1108.25,68.86
28.638,1129.7,26.4
28.648,1138.61,24.53
28.658,1133.44,17.93
28.668,1108.14,14.08
28.678,1072.83,11.99
28.688,1039.28,11.99
28.698,1008.37,9.9
28.708,974.71,6.27
28.718,937.09,4.18
28.728,911.9,4.18
28.738,892.1,4.18
28.748,879.01,0.0
28.758,869.77,0.0
28.768,863.5,0.0
28.778,867.79,0.0
28.788,877.14,0.0
28.798,891.99,0.0
28.808,906.4,0.0
28.818,926.53,0.0
28.828,942.92,0.0
28.838,966.68,0.0
28.848,985.27,0.0
28.858,1007.71,0.0
28.868,1022.01,0.0
28.878,1047.2,0.0
28.888,1060.73,0.0
28.898,1072.28,0.0
28.908,1083.06,0.0
28.918,1090.54,0.0
28.928,1094.28,0.0
28.938,1094.83,0.0
28.948,1082.73,0.0
28.958,1073.16,0.0
28.968,1066.89,0.0
28.978,1057.1,0.0
28.988,1047.2,0.0
28.998,1029.05,0.0
29.008,1007.27,0.0
29.018,987.58,0.0
29.028,961.73,0.0
29.038,936.32,15.4
29.048,903.21,58.96
29.058,863.72,291.39
29.068,805.86,373.45
29.078,738.76,505.23
29.088,660.88,588.17
29.098,573.54,655.93
29.108,473.99,694.21
29.118,388.08,720.17
29.128,312.62,774.84
29.138,241.12,808.5
29.148,171.6,860.09
29.158,137.72,926.09
29.168,108.57,977.02
29.178,70.84,1025.97
29.188,41.58,1065.79
29.198,27.83,1087.02
29.208,27.83,1093.4
29.218,18.59,1088.45
29.228,14.74,1075.8
29.238,10.45,1051.16
29.248,10.45,1029.05
29.258,8.58,1001.0
29.268,3.74,970.2
29.278,3.74,939.84
29.2879,3.74,914.32
29.2979,3.74,886.93
29.3079,3.74,867.9
29.3179,0.0,850.52
29.3279,0.0,845.46
29.3379,0.0,835.34
29.3479,0.0,835.34
29.3579,0.0,843.7
29.3679,0.0,851.62
29.3779,0.0,870.98
29.3879,0.0,888.25
29.3979,0.0,911.35
29.4079,0.0,934.45
29.4179,0.0,961.62
29.4279,0.0,989.01
29.4379,0.0,1011.45
29.4479,0.0,1037.3
29.4579,0.0,1053.36
29.4679,0.0,1064.69
29.4779,0.0,1075.58
29.4879,0.0,1080.09
29.4979,0.0,1072.5
29.5079,0.0,1057.76
29.5179,0.0,1045.22
29.5279,0.0,1023.66
29.5379,0.0,1002.1
29.5479,0.0,970.53
29.5579,0.0,939.07
29.5679,0.0,908.05
29.5779,9.68,876.04
29.5879,116.05,839.85
29.5979,418.55,805.64
29.6079,476.08,751.08
29.6179,579.92,695.53
29.6279,659.78,637.34
29.6379,685.85,543.73
29.6479,684.42,442.53
29.6579,718.63,352.0
29.6679,781.66,262.13
29.6779,840.18,181.17
29.6879,898.37,139.7
29.6979,971.63,123.31
29.7079,1039.17,78.98
29.7179,1090.76,38.61
29.7279,1123.43,38.61
29.7379,1131.57,25.74
29.7479,1115.4,23.65
29.7579,1094.17,23.65
29.7679,1068.32,21.56
29.7779,1041.81,17.71
29.7879,1009.14,17.71
29.7979,982.85,13.75
29.8079,954.58,9.9
29.8179,928.73,9.9
29.8279,920.26,7.81
29.8379,903.54,4.18
29.8479,889.13,0.0
29.8579,885.94,0.0
29.8679,887.04,0.0
29.8779,895.73,0.0
29.8879,912.23,0.0
29.8979,924.66,0.0
29.9079,939.4,0.0
29.9179,962.06,0.0
29.9279,981.97,0.0
29.9379,1008.92,0.0
29.9479,1025.64,0.0
29.9579,1048.08,0.0
29.9679,1061.5,0.0
29.9779,1082.95,0.0
29.9879,1089.0,0.0
29.9979,1094.94,0.0
30.0079,1088.67,0.0
30.0179,1088.78,0.0
30.0279,1078.0,0.0
30.0379,1068.54,0.0
30.0479,1046.76,0.0
30.0579,1028.17,0.0
30.0679,1006.39,0.0
30.0779,984.61,0.0
30.0879,955.46,0.0
30.0979,929.39,9.24
30.1079,896.17,46.97
30.1179,850.3,255.86
30.1279,802.12,375.32
30.1379,743.6,503.8
30.1479,667.92,592.13
30.1579,585.75,652.63
30.1679,499.18,685.52
30.1779,411.51,716.76
30.1879,334.4,766.26
30.1979,257.73,806.41
30.2079,190.85,859.21
30.2179,143.88,921.03
30.2279,124.63,978.01
30.2379,85.91,1024.43
30.2479,52.14,1055.67
30.2579,30.8,1080.75
30.2679,24.64,1083.06
30.2779,20.46,1084.82
30.2879,16.17,1066.45
30.2979,12.32,1047.31
30.3079,10.45,1016.18
30.3179,5.61,988.79
30.3279,3.74,958.43
30.3379,3.74,928.51
30.3479,3.74,906.73
30.3579,3.74,881.98
30.3679,3.74,864.93
30.3779,3.74,850.52
30.3879,0.0,847.0
30.3979,0.0,844.03
30.4079,3.74,844.14
30.4179,0.0,858.77
30.4279,0.0,868.56
30.4379,0.0,879.45
30.4479,0.0,897.27
30.4579,0.0,911.24
30.4679,0.0,928.07
30.4779,0.0,951.83
30.4879,0.0,973.83
30.4979,0.0,994.18
30.5079,0.0,1015.41
30.5179,0.0,1031.47
30.5279,0.0,1046.87
30.5379,0.0,1055.67
30.5479,0.0,1068.65
30.5579,0.0,1065.24
30.5679,0.0,1049.4
30.5779,0.0,1033.34
30.5879,0.0,1019.59
30.5979,0.0,990.77
30.6079,0.0,950.4
30.6179,0.0,921.14
30.6279,0.0,888.47
30.6379,15.51,850.08
30.6479,201.74,810.59
30.6579,463.21,762.85
30.6679,531.08,708.62
30.6779,649.99,641.41
30.6879,717.75,566.28
30.6979,728.53,461.89
30.7079,737.0,364.87
30.7178,794.53,271.15
30.7278,860.97,183.04
30.7378,911.35,133.32
30.7478,974.6,104.28
30.7578,1029.71,61.6
30.7678,1078.0,21.56
30.7778,1113.2,21.56
30.7878,1123.32,17.71
30.7978,1114.85,17.71
30.8078,1092.19,15.62
30.8178,1065.57,11.66
30.8278,1037.08,11.66
30.8378,1011.89,7.81
30.8478,986.37,7.81
30.8578,950.73,0.0
30.8678,929.5,0.0
30.8778,913.66,0.0
30.8878,893.31,0.0
30.8978,885.94,0.0
30.9078,887.81,0.0
30.9178,897.82,0.0
30.9278,906.18,0.0
30.9378,923.12,0.0
30.9478,934.78,0.0
30.9578,953.37,0.0
30.9678,969.32,0.0
30.9778,990.44,0.0
30.9878,1011.45,0.0
30.9978,1034.44,0.0
31.0078,1046.65,0.0
31.0178,1058.64,0.0
31.0278,1072.72,0.0
31.0378,1075.14,0.0
31.0478,1073.27,0.0
31.0578,1067.55,0.0
31.0678,1062.49,0.0
31.0778,1052.59,0.0
31.0878,1041.81,0.0
31.0978,1030.59,0.0
31.1078,1011.01,0.0
31.1178,980.76,0.0
31.1278,957.88,0.0
31.1378,937.09,0.0
31.1478,920.15,4.62
31.1578,895.51,21.67
31.1678,862.4,89.54
31.1778,821.81,334.18
31.1878,770.33,415.36
31.1978,700.81,540.87
31.2078,625.02,621.94
31.2178,544.72,686.29
31.2278,445.83,722.48
31.2378,358.05,765.6
31.2478,271.7,795.63
31.2578,198.77,855.47
31.2678,151.03,919.16
31.2778,123.75,977.57
31.2878,91.96,1027.73
31.2978,51.92,1062.49
31.3078,38.72,1089.0
31.3178,34.54,1091.53
31.3278,25.96,1088.67
31.3378,23.98,1075.36
31.3478,19.69,1047.75
31.3578,17.82,1019.26
31.3678,8.58,983.18
31.3778,4.84,945.45
31.3878,0.0,916.41
31.3978,0.0,885.17
31.4078,0.0,863.5
31.4178,0.0,843.59
31.4278,0.0,828.96
31.4378,0.0,824.67
31.4478,0.0,821.81
31.4578,0.0,823.02
31.4678,0.0,833.25
31.4778,0.0,853.27
31.4878,0.0,872.74
31.4978,0.0,900.57
31.5078,0.0,931.15
31.5178,0.0,953.15
31.5278,0.0,976.25
31.5378,0.0,1001.33
31.5478,0.0,1028.39
31.5578,0.0,1044.89
31.5678,0.0,1061.17
31.5778,0.0,1060.62
31.5878,0.0,1065.57
31.5978,0.0,1061.39
31.6078,0.0,1046.21
31.6178,0.0,1033.67
31.6278,0.0,1017.61
31.6378,0.0,994.62
31.6478,0.0,967.45
31.6578,5.5,941.93
31.6678,0.0,912.12
31.6778,0.0,880.22
31.6878,0.0,845.68
31.6978,21.34,807.07
31.7078,292.49,763.84
31.7178,461.12,716.43
31.7278,543.29,660.88
31.7378,664.18,593.34
31.7478,740.96,513.48
31.7578,788.37,417.23
31.7678,828.3,334.73
31.7778,886.49,239.91
31.7878,923.01,170.83
31.7978,975.59,139.92
31.8078,1033.56,116.82
31.8178,1084.49,67.87
31.8278,1129.04,34.21
31.8378,1145.21,32.12
31.8478,1139.93,28.16
31.8578,1126.18,21.56
31.8678,1098.9,19.8
31.8778,1075.69,17.71
31.8878,1046.87,15.62
31.8978,1014.31,13.75
31.9078,980.32,11.66
31.9178,960.19,9.9
31.9278,935.11,7.81
31.9378,914.54,4.18
31.9478,902.66,4.18
31.9578,897.05,0.0
31.9678,897.93,0.0
31.9778,909.37,0.0
31.9878,912.56,0.0
31.9978,923.23,0.0
32.0078,932.8,0.0
32.0178,946.22,0.0
32.0278,956.89,0.0
32.0378,963.49,0.0
32.0478,977.46,0.0
32.0578,989.89,0.0
32.0678,1003.97,0.0
32.0778,1015.85,0.0
32.0878,1020.8,0.0
32.0978,1020.91,0.0
32.1078,1023.33,0.0
32.1178,1015.63,0.0
32.1278,1005.4,0.0
32.1378,1000.89,0.0
32.1477,983.95,0.0
32.1577,971.96,0.0
32.1677,951.06,0.0
32.1777,936.21,0.0
32.1877,912.45,0.0
32.1977,885.61,0.0
32.2077,853.93,12.32
32.2177,814.66,55.77
32.2277,765.16,273.68
32.2377,709.28,366.74
32.2477,643.61,516.01
32.2577,561.33,594.99
32.2677,484.22,666.93
32.2777,413.93,727.87
32.2877,343.2,800.14
32.2977,262.35,852.06
32.3077,184.69,908.27
32.3177,139.7,963.71
32.3277,114.73,1016.51
32.3377,80.63,1057.54
32.3477,51.26,1101.1
32.3577,31.46,1120.68
32.3677,20.46,1131.02
32.3777,20.46,1135.42
32.3877,14.19,1124.64
32.3977,14.19,1106.27
32.4077,5.61,1083.39
32.4177,5.61,1055.45
32.4277,5.61,1027.29
32.4377,3.74,995.83
32.4477,3.74,970.2
32.4577,3.74,943.91
32.4677,3.74,917.18
32.4777,3.74,898.37
32.4877,3.74,881.43
32.4977,3.74,864.82
32.5077,3.74,853.49
32.5177,3.74,849.64
32.5277,0.0,850.08
32.5377,0.0,853.38
32.5477,0.0,864.16
32.5577,0.0,870.87
32.5677,0.0,886.38
32.5777,0.0,907.5
32.5877,0.0,927.85
32.5977,0.0,962.94
32.6077,0.0,994.62
32.6177,0.0,1019.92
32.6277,0.0,1052.59
32.6377,0.0,1074.26
32.6477,0.0,1086.8
32.6577,0.0,1088.89
32.6677,0.0,1078.11
32.6777,0.0,1068.98
32.6877,0.0,1054.02
32.6977,0.0,1029.05
32.7077,0.0,988.79
32.7177,0.0,958.1
32.7277,0.0,922.46
32.7377,0.0,884.4
32.7477,9.68,845.02
32.7577,110.0,806.19
32.7677,442.42,763.29
32.7777,502.7,712.8
32.7877,607.42,648.12
32.7977,685.3,576.62
32.8077,716.65,487.96
32.8177,726.99,404.47
32.8277,771.54,321.75
32.8377,827.09,233.86
32.8477,877.47,175.23
32.8577,948.64,137.83
32.8677,1003.31,117.26
32.8777,1060.29,61.38
32.8877,1106.93,38.5
32.8977,1130.69,38.61
32.9077,1134.21,25.74
32.9177,1115.51,21.89
32.9277,1092.3,19.8
32.9377,1068.43,17.93
32.9477,1044.78,15.84
32.9577,1010.9,15.84
32.9677,989.01,11.99
32.9777,962.5,6.27
32.9877,940.83,6.27
32.9977,919.93,4.18
33.0077,906.29,4.18
33.0177,903.54,0.0
33.0277,902.66,0.0
33.0377,910.58,0.0
33.0477,921.58,0.0
33.0577,937.09,0.0
33.0677,947.98,0.0
33.0777,957.99,0.0
33.0877,971.41,0.0
33.0977,988.79,0.0
33.1077,1006.61,0.0
33.1177,1026.96,0.0
33.1277,1034.0,0.0
33.1377,1045.11,0.0
33.1477,1046.65,0.0
33.1577,1041.04,0.0
33.1677,1036.75,0.0
33.1777,1030.81,0.0
33.1877,1020.25,0.0
33.1977,1005.51,0.0
33.2077,993.19,0.0
33.2177,977.9,0.0
33.2277,957.55,0.0
33.2377,944.57,0.0
33.2477,927.08,0.0
33.2577,905.85,0.0
33.2677,883.96,0.0
33.2777,856.24,12.32
33.2877,818.84,58.96
33.2977,774.73,321.86
33.3077,709.28,404.25
33.3177,637.78,561.55
33.3277,563.53,654.61
33.3377,474.1,751.19
33.3477,393.36,819.5
33.3577,314.05,878.79
33.3677,238.04,907.17
33.3777,174.79,934.89
33.3877,139.81,984.72
33.3977,108.57,1028.83
33.4077,77.44,1078.44
33.4177,48.29,1118.48
33.4277,36.3,1143.12
33.4377,29.7,1150.16
33.4477,21.01,1152.03
33.4577,16.61,1142.13
33.4677,10.45,1125.74
33.4777,10.45,1095.38
33.4877,8.58,1069.86
33.4977,3.74,1034.11
33.5077,3.74,1002.32
33.5177,3.74,962.83
33.5277,0.0,933.68
33.5377,0.0,904.31
33.5477,0.0,882.64
33.5577,3.74,858.22
33.5677,0.0,844.8
33.5776,0.0,837.87
33.5876,3.74,833.91
33.5976,0.0,836.0
33.6076,0.0,846.89
33.6176,0.0,856.9
33.6276,0.0,870.32
33.6376,0.0,888.69
33.6476,0.0,913.77
33.6576,0.0,937.86
33.6676,0.0,963.71
33.6776,0.0,995.61
33.6876,0.0,1014.53
33.6976,0.0,1038.51
33.7076,0.0,1044.34
33.7176,0.0,1051.27
33.7276,0.0,1048.41
33.7376,0.0,1040.16
33.7476,0.0,1026.19
33.7576,0.0,993.85
33.7676,0.0,966.02
33.7776,0.0,935.0
33.7876,0.0,898.81
33.7976,7.7,861.52
33.8076,97.35,817.41
33.8176,449.35,773.96
33.8276,498.08,721.49
33.8376,620.62,658.79
33.8476,704.11,580.25
33.8576,734.58,485.1
33.8676,742.72,386.32
33.8776,797.5,295.02
33.8876,859.32,210.98
33.8976,907.28,156.42
33.9076,961.95,125.51
33.9176,1023.11,94.16
33.9276,1068.87,38.72
33.9376,1112.76,26.4
33.9476,1120.68,24.31
33.9576,1118.92,15.84
33.9676,1095.49,18.26
33.9776,1056.66,18.26
33.9876,1020.69,13.75
33.9976,991.87,9.9
34.0076,956.23,9.9
34.0176,934.34,4.18
34.0276,908.49,4.18
34.0376,894.52,0.0
34.0476,881.43,0.0
34.0576,878.68,0.0
34.0676,874.72,0.0
34.0776,885.61,0.0
34.0876,898.92,0.0
34.0976,916.85,0.0
34.1076,937.2,0.0
34.1176,954.14,0.0
34.1276,971.96,0.0
34.1376,995.17,0.0
34.1476,1012.55,0.0
34.1576,1033.78,0.0
34.1676,1057.87,0.0
34.1776,1067.88,0.0
34.1876,1074.04,0.0
34.1976,1082.18,0.0
34.2076,1080.31,0.0
34.2176,1074.48,0.0
34.2276,1062.49,0.0
34.2376,1052.59,0.0
34.2476,1042.8,0.0
34.2576,1031.47,0.0
34.2676,1006.28,0.0
34.2776,990.66,0.0
34.2876,969.76,0.0
34.2976,951.06,0.0
34.3076,930.16,0.0
34.3176,906.4,4.62
34.3276,872.96,24.75
34.3376,827.53,126.94
34.3476,780.45,347.16
34.3576,712.8,445.17
34.3676,641.08,564.3
34.3776,559.79,646.03
34.3876,465.52,704.33
34.3976,384.12,753.72
34.4076,308.11,812.68
34.4176,224.62,865.81
34.4276,159.06,927.52
34.4376,131.45,985.71
34.4476,102.63,1041.7
34.4576,67.21,1085.59
34.4676,40.04,1120.24
34.4776,33.88,1145.1
34.4876,29.7,1144.77
34.4976,20.46,1134.32
34.5076,16.61,1113.75
34.5176,12.32,1083.39
34.5276,12.32,1042.47
34.5376,5.61,1009.36
34.5476,5.61,966.35
34.5576,5.61,930.93
34.5676,3.74,901.67
34.5776,3.74,874.17
34.5876,3.74,850.3
34.5976,3.74,838.09
34.6076,3.74,823.79
34.6176,3.74,818.95
34.6276,3.74,821.15
34.6376,3.74,826.43
34.6476,3.74,836.0
34.6576,3.74,855.8
34.6676,3.74,872.08
34.6776,0.0,892.21
34.6876,3.74,910.14
34.6976,3.74,934.56
34.7076,3.74,957.11
34.7176,3.74,984.06
34.7276,3.74,1004.52
34.7376,3.74,1023.11
34.7476,3.74,1042.25
34.7576,3.74,1053.14
34.7676,3.74,1060.4
34.7776,3.74,1059.3
34.7876,0.0,1043.24
34.7976,0.0,1025.42
34.8076,0.0,1007.38
34.8176,0.0,990.22
34.8276,0.0,960.19
34.8376,0.0,932.14
34.8476,0.0,906.62
34.8576,3.85,877.36
34.8676,56.54,833.36
34.8776,404.8,792.99
34.8876,451.99,750.09
34.8976,569.03,696.3
34.9076,670.67,636.35
34.9176,725.01,550.99
34.9276,751.3,450.56
34.9376,790.68,356.95
34.9476,830.06,264.22
34.9576,885.94,183.04
34.9676,957.99,145.86
34.9776,1032.24,118.8
34.9876,1094.39,80.96
34.9976,1139.49,36.41
35.0075,1162.81,34.21
35.0175,1161.49,28.05
35.0275,1143.23,23.65
35.0375,1116.72,23.65
35.0475,1090.54,19.8
35.0575,1058.75,17.71
35.0675,1028.06,17.71
35.0775,999.24,13.75
35.0875,972.95,13.75
35.0975,946.88,11.66
35.1075,925.1,9.9
35.1175,917.73,9.9
35.1275,901.34,6.27
35.1375,898.26,4.18
35.1475,905.41,4.18
35.1575,914.98,4.18
35.1675,931.59,0.0
35.1775,950.73,0.0
35.1875,968.99,0.0
35.1975,987.8,0.0
35.2075,1011.01,0.0
35.2175,1030.37,0.0
35.2275,1052.04,0.0
35.2375,1060.95,0.0
35.2475,1077.56,0.0
35.2575,1080.75,0.0
35.2675,1087.79,0.0
35.2775,1072.83,0.0
35.2875,1065.35,0.0
35.2975,1049.51,0.0
35.3075,1029.82,0.0
35.3175,1012.77,0.0
35.3275,999.57,0.0
35.3375,981.2,0.0
35.3475,959.31,0.0
35.3575,942.04,0.0
35.3675,913.88,7.7
35.3775,885.06,35.53
35.3875,848.87,191.73
35.3975,805.64,349.91
35.4075,750.64,457.82
35.4175,680.68,561.0
35.4275,606.43,634.48
35.4375,504.68,703.23
35.4475,426.47,762.08
35.4575,353.76,800.25
35.4675,288.2,827.64
35.4775,211.31,890.34
35.4875,149.71,956.01
35.4975,121.88,1014.64
35.5075,91.19,1068.54
35.5175,61.82,1099.34
35.5275,34.76,1122.11
35.5375,24.09,1134.1
35.5475,26.51,1138.94
35.5575,18.04,1123.21
35.5675,16.17,1104.95
35.5775,7.48,1086.8
35.5875,7.48,1055.89
35.5975,7.48,1029.82
35.6075,5.61,997.81
35.6175,7.48,968.44
35.6275,5.61,937.75
35.6375,5.61,923.01
35.6475,5.61,900.57
35.6575,5.61,880.99
35.6675,3.74,871.2
35.6775,3.74,864.38
35.6875,3.74,867.13
35.6975,3.74,870.98
35.7075,3.74,878.13
35.7175,3.74,896.83
35.7275,3.74,911.46
35.7375,0.0,929.06
35.7475,0.0,946.66
35.7575,0.0,968.77
35.7675,0.0,989.45
35.7775,0.0,1002.32
35.7875,0.0,1015.19
35.7975,0.0,1033.45
35.8075,0.0,1041.48
35.8175,0.0,1061.72
35.8275,0.0,1071.62
35.8375,0.0,1062.71
35.8475,0.0,1043.57
35.8575,0.0,1021.24
35.8675,0.0,998.8
35.8775,0.0,971.96
35.8875,0.0,940.83
35.8975,0.0,908.6
35.9075,0.0,875.05
35.9175,25.3,839.3
35.9275,327.36,802.89
35.9375,492.91,757.79
35.9475,578.05,703.45
35.9575,686.07,646.14
35.9675,733.26,570.68
35.9775,763.95,474.43
35.9875,785.51,380.6
35.9975,842.27,295.57
36.0075,886.16,214.17
36.0175,948.97,150.04
36.0275,1019.37,119.13
36.0375,1071.18,92.29
36.0475,1116.72,42.9
36.0575,1138.94,30.58
36.0675,1147.3,28.49
36.0775,1140.48,21.89
36.0875,1114.63,20.02
36.0975,1085.48,17.93
36.1075,1055.67,17.93
36.1175,1023.44,15.84
36.1275,992.42,14.08
36.1375,969.1,11.99
36.1475,945.78,6.27
36.1575,927.41,6.27
36.1675,915.75,4.18
36.1775,903.43,4.18
36.1875,903.76,0.0
36.1975,908.05,0.0
36.2075,924.77,0.0
36.2175,941.05,0.0
36.2275,961.18,0.0
36.2375,978.67,0.0
36.2475,991.87,0.0
36.2575,1010.57,0.0
36.2675,1032.57,0.0
36.2775,1037.19,0.0
36.2875,1052.15,0.0
36.2975,1054.9,0.0
36.3075,1061.83,0.0
36.3175,1065.46,0.0
36.3275,1061.5,0.0
36.3375,1056.66,0.0
36.3475,1036.31,0.0
36.3575,1028.5,0.0
36.3675,1016.29,0.0
36.3775,1007.27,0.0
36.3875,996.27,0.0
36.3975,983.62,0.0
36.4075,965.47,0.0
36.4175,946.33,0.0
36.4275,931.26,0.0
36.4374,913.11,0.0
36.4474,892.32,12.32
36.4574,860.09,53.13
36.4674,823.68,279.95
36.4774,772.86,388.74
36.4874,710.93,517.77
36.4974,638.55,604.34
36.5074,561.66,660.11
36.5174,466.4,691.9
36.5274,386.54,740.96
36.5374,317.68,802.89
36.5474,242.55,837.1
36.5574,178.64,892.32
36.5674,137.83,948.97
36.5774,118.58,1001.55
36.5874,86.46,1045.99
36.5974,55.22,1080.2
36.6074,33.88,1104.18
36.6174,24.75,1112.21
36.6274,20.46,1112.98
36.6374,18.59,1101.65
36.6474,14.19,1089.11
36.6574,12.32,1066.12
36.6674,5.61,1047.31
36.6774,5.61,1021.79
36.6874,5.61,993.3
36.6974,3.74,971.3
36.7074,3.74,948.86
36.7174,3.74,931.7
36.7274,3.74,912.12
36.7374,3.74,897.71
36.7474,3.74,882.2
36.7574,3.74,877.8
36.7674,3.74,870.54
36.7774,3.74,874.83
36.7874,3.74,877.25
36.7974,3.74,889.35
36.8074,0.0,899.8
36.8174,0.0,912.12
36.8274,0.0,926.42
36.8374,0.0,948.64
36.8474,0.0,969.21
36.8574,0.0,991.43
36.8674,0.0,1016.51
36.8774,0.0,1041.37
36.8874,0.0,1061.5
36.8974,0.0,1079.1
36.9074,0.0,1094.72
36.9174,0.0,1094.06
36.9274,0.0,1077.89
36.9374,0.0,1067.77
36.9474,0.0,1038.73
36.9574,0.0,1010.35
36.9674,0.0,971.85
36.9774,11.66,933.13
36.9874,93.28,897.82
36.9974,444.84,856.35
37.0074,500.06,811.58
37.0174,614.35,758.34
37.0274,675.4,697.07
37.0374,681.56,634.48
37.0474,690.36,545.38
37.0574,712.03,441.21
37.0674,759.33,355.41
37.0774,801.57,258.06
37.0874,852.61,201.3
37.0974,917.73,143.66
37.1074,973.5,117.04
37.1174,1021.13,102.85
37.1274,1051.49,64.79
37.1374,1066.34,39.16
37.1474,1075.58,29.92
37.1574,1068.32,26.07
37.1674,1051.82,23.98
37.1774,1033.67,22.11
37.1874,1011.23,22.11
37.1974,994.18,20.02
37.2074,973.28,20.02
37.2174,959.31,16.17
37.2274,946.0,16.17
37.2374,934.01,14.08
37.2474,923.23,11.99
37.2574,925.54,8.36
37.2674,929.94,8.36
37.2774,938.3,8.36
37.2874,952.82,6.27
37.2974,960.74,8.36
37.3074,979.22,6.27
37.3174,985.71,6.27
37.3274,998.03,6.27
37.3374,1011.89,6.27
37.3474,1019.26,6.27
37.3574,1033.45,4.18
37.3674,1041.81,4.18
37.3774,1052.81,4.18
37.3874,1062.27,0.0
37.3974,1075.03,0.0
37.4074,1080.86,0.0
37.4174,1087.9,0.0
37.4274,1084.6,0.0
37.4374,1081.3,0.0
37.4474,1080.86,0.0
37.4574,1071.73,0.0
37.4674,1064.8,0.0
37.4774,1054.9,0.0
37.4874,1039.06,0.0
37.4974,1020.25,0.0
37.5074,996.82,4.18
37.5174,973.5,10.34
37.5274,945.34,25.85
37.5374,917.07,97.57
37.5474,881.76,325.6
37.5574,827.09,401.83
37.5674,764.5,528.88
37.5774,687.39,622.05
37.5874,597.19,699.27
37.5974,504.57,755.7
37.6074,400.73,776.38
37.6174,327.8,779.35
37.6274,248.16,818.73
37.6374,178.64,869.22
37.6474,138.49,913.0
37.6574,117.92,964.7
37.6674,92.84,1015.19
37.6774,55.33,1054.46
37.6874,33.88,1077.01
37.6974,27.83,1092.08
37.7074,25.41,1094.39
37.7174,18.59,1083.39
37.7274,14.19,1060.51
37.7374,12.32,1030.15
37.7474,5.61,1005.18
37.7574,5.61,974.93
37.7674,5.61,944.9
37.7774,3.74,919.71
37.7874,3.74,898.04
37.7974,3.74,881.43
37.8074,3.74,869.11
37.8174,3.74,859.76
37.8274,3.74,862.07
37.8374,3.74,859.43
37.8474,3.74,864.16
37.8573,3.74,882.86
37.8673,3.74,897.27
37.8773,3.74,917.95
37.8873,3.74,938.41
37.8973,0.0,958.32
37.9073,0.0,978.23
37.9173,0.0,1003.42
37.9273,0.0,1026.08
37.9373,0.0,1043.68
37.9473,0.0,1051.05
37.9573,0.0,1064.36
37.9673,0.0,1071.07
37.9773,0.0,1072.28
37.9873,0.0,1067.66
37.9973,0.0,1053.69
38.0073,0.0,1044.89
38.0173,0.0,1033.34
38.0273,0.0,1019.26
38.0373,0.0,990.11
38.0473,0.0,959.42
38.0573,0.0,929.28
38.0673,23.32,902.66
38.0773,266.31,870.32
38.0873,456.83,826.87
38.0973,538.56,782.87
38.1073,651.42,723.47
38.1173,706.53,663.3
38.1273,732.27,590.04
38.1373,751.08,494.56
38.1473,785.4,394.24
38.1573,819.39,313.28
38.1673,869.88,227.81
38.1773,917.95,160.38
38.1873,981.75,133.43
38.1973,1032.13,121.0
38.2073,1069.31,82.94
38.2173,1089.99,42.57
38.2273,1101.32,42.57
38.2373,1100.0,36.52
38.2473,1095.82,25.74
38.2573,1080.31,28.05
38.2673,1066.23,21.89
38.2773,1047.86,19.8
38.2873,1034.0,17.93
38.2973,1028.28,15.84
38.3073,1013.43,15.84
38.3173,1003.42,11.99
38.3273,991.87,11.99
38.3373,986.15,11.99
38.3473,978.45,6.27
38.3573,974.05,6.27
38.3673,972.29,6.27
38.3773,975.48,6.27
38.3873,980.98,4.18
38.3973,984.72,4.18
38.4073,998.69,6.27
38.4173,1005.4,4.18
38.4273,1009.69,4.18
38.4373,1014.75,4.18
38.4473,1032.9,0.0
38.4573,1046.1,0.0
38.4673,1051.38,0.0
38.4773,1059.85,0.0
38.4873,1061.39,0.0
38.4973,1055.01,0.0
38.5073,1047.31,0.0
38.5173,1040.93,0.0
38.5273,1022.78,0.0
38.5373,1005.95,0.0
38.5473,992.75,0.0
38.5573,977.57,0.0
38.5673,959.86,0.0
38.5773,945.89,0.0
38.5873,927.74,0.0
38.5973,904.97,4.62
38.6073,879.23,30.91
38.6173,847.0,148.61
38.6273,809.05,292.16
38.6373,759.33,396.55
38.6473,699.49,504.35
38.6573,632.72,586.74
38.6673,553.19,663.52
38.6773,468.16,727.98
38.6873,403.59,777.26
38.6973,329.56,808.06
38.7073,258.39,845.24
38.7173,193.05,890.78
38.7273,144.43,943.91
38.7373,120.34,987.25
38.7473,90.42,1028.83
38.7573,67.98,1058.86
38.7673,24.64,1073.71
38.7773,20.9,1086.25
38.7873,32.89,1095.27
38.7973,25.96,1094.28
38.8073,17.38,1081.08
38.8173,15.51,1065.02
38.8273,13.53,1041.7
38.8373,13.53,1023.88
38.8473,13.53,1001.44
38.8573,7.48,981.97
38.8673,9.35,969.32
38.8773,7.48,952.38
38.8873,7.48,940.06
38.8973,7.48,929.83
38.9073,7.48,920.15
38.9173,7.48,910.69
38.9273,7.48,913.44
38.9373,7.48,910.8
38.9473,7.48,916.3
38.9573,7.48,924.33
38.9673,7.48,932.03
38.9773,5.61,942.7
38.9873,5.61,956.89
38.9973,5.61,970.75
39.0073,5.61,988.68
39.0173,5.61,1002.43
39.0273,3.74,1018.38
39.0373,7.92,1026.74
39.0473,0.0,1035.43
39.0573,0.0,1042.69
39.0673,0.0,1041.92
39.0773,0.0,1039.17
39.0873,0.0,1023.55
39.0973,0.0,1015.19
39.1073,0.0,1005.07
39.1173,0.0,994.51
39.1273,0.0,977.68
39.1373,0.0,963.71
39.1473,0.0,939.07
39.1573,7.7,914.21
39.1673,42.79,889.68
39.1773,370.04,858.88
39.1873,435.82,822.47
39.1973,534.71,781.88
39.2073,642.29,727.32
39.2173,715.11,672.1
39.2273,759.33,605.66
39.2373,788.92,524.48
39.2473,812.24,434.61
39.2573,837.76,355.19
39.2673,887.04,283.03
39.2773,932.91,219.34
39.2872,981.42,158.4
39.2972,1031.58,135.52
39.3072,1063.7,125.4
39.3172,1087.46,89.32
39.3272,1097.47,44.55
39.3372,1107.92,38.39
39.3472,1110.12,34.43
39.3572,1106.16,27.83
39.3672,1095.05,25.74
39.3772,1077.01,23.98
39.3872,1060.95,23.98
39.3972,1042.91,21.89
39.4072,1031.58,17.93
39.4172,1014.53,17.93
39.4272,1001.33,17.93
39.4372,988.9,14.08
39.4472,970.97,14.08
39.4572,957.88,14.08
39.4672,943.58,14.08
39.4772,936.54,14.08
39.4872,927.3,14.08
39.4972,919.16,11.99
39.5072,918.72,11.99
39.5172,917.29,11.99
39.5272,918.17,8.36
39.5372,912.67,8.36
39.5472,915.2,8.36
39.5572,915.53,6.27
39.5672,911.79,6.27
39.5772,910.03,6.27
39.5872,905.52,4.18
39.5972,904.42,4.18
39.6072,910.25,0.0
39.6172,903.76,0.0
39.6272,903.43,0.0
39.6372,898.04,0.0
39.6472,896.39,0.0
39.6572,883.85,0.0
39.6672,878.35,4.18
39.6772,862.84,4.18
39.6872,850.19,4.18
39.6972,836.77,6.27
39.7072,818.62,6.27
39.7172,805.75,8.36
39.7272,781.88,8.36
39.7372,753.5,27.39
39.7472,721.16,74.25
39.7572,678.04,285.45
39.7672,633.93,366.63
39.7772,581.57,506.44
39.7872,523.71,607.2
39.7972,468.6,688.71
39.8072,421.08,776.93
39.8172,374.66,866.36
39.8272,323.4,884.84
39.8372,270.38,895.51
39.8472,199.65,921.69
39.8572,150.48,962.94
39.8672,115.61,998.91
39.8772,77.0,1030.92
39.8872,55.77,1064.36
39.8972,45.32,1082.29
39.9072,41.69,1094.28
39.9172,35.53,1105.5
39.9272,31.13,1113.53
39.9372,29.26,1113.64
39.9472,25.74,1101.87
39.9572,21.45,1088.67
39.9672,19.58,1074.92
39.9772,14.74,1063.81
39.9872,12.76,1048.63
39.9972,9.35,1035.54
40.0072,9.35,1025.97
40.0172,9.35,1012.77
40.0272,9.35,1001.88
40.0372,7.48,991.98
40.0472,7.48,986.81
40.0572,7.48,989.34
40.0672,7.48,991.76
40.0772,7.48,991.76
40.0872,7.48,999.13
40.0972,16.61,1013.43
40.1072,16.61,1028.28
40.1172,17.6,1035.98
40.1272,5.61,1056.55
40.1372,0.0,1064.69
40.1472,0.0,1075.58
40.1572,0.0,1083.72
40.1672,0.0,1088.78
40.1772,0.0,1092.74
40.1872,0.0,1088.12
40.1972,0.0,1089.44
40.2072,0.0,1087.79
40.2172,0.0,1078.88
40.2272,0.0,1075.58
40.2372,0.0,1065.57
40.2472,0.0,1063.26
40.2572,0.0,1049.29
40.2672,0.0,1036.97
40.2772,0.0,1027.4
40.2872,0.0,1011.67
40.2972,0.0,990.0
40.3072,0.0,966.02
40.3172,0.0,943.36
40.3272,0.0,923.23
