0.0,405.13,677.49
0.01,405.13,677.49
0.02,388.19,684.53
0.03,366.96,698.72
0.04,346.61,707.63
0.05,327.47,725.01
0.06,310.2,736.67
0.07,298.43,746.02
0.08,284.79,758.23
0.09,270.05,777.15
0.1,249.48,787.16
0.11,236.94,801.35
0.12,211.09,813.23
0.13,171.38,829.73
0.14,133.54,846.56
0.15,90.09,867.57
0.16,51.81,883.74
0.17,27.06,902.44
0.18,15.73,918.28
0.19,9.02,934.01
0.2,0.0,943.03
0.21,0.0,954.03
0.22,0.0,957.77
0.23,0.0,953.92
0.24,0.0,957.55
0.25,0.0,946.44
0.26,0.0,942.48
0.27,0.0,936.98
0.28,0.0,923.89
0.29,0.0,933.46
0.3,0.0,931.26
0.31,0.0,931.37
0.32,0.0,934.23
0.33,0.0,933.35
0.34,0.0,929.06
0.35,0.0,938.63
0.36,0.0,939.62
0.37,0.0,938.08
0.38,0.0,940.83
0.39,0.0,944.46
0.4,0.0,948.2
0.41,0.0,947.1
0.42,0.0,950.73
0.43,0.0,952.05
0.44,0.0,953.81
0.45,0.0,960.74
0.46,0.0,959.2
0.47,0.0,965.47
0.48,0.0,962.94
0.49,0.0,959.2
0.5,0.0,955.46
0.51,0.0,952.27
0.52,0.0,952.93
0.53,0.0,944.24
0.54,0.0,948.97
0.55,0.0,944.9
0.56,0.0,938.85
0.57,8.25,923.56
0.58,20.68,903.32
0.59,45.54,888.03
0.6,109.56,877.25
0.61,184.03,863.83
0.62,228.36,839.08
0.63,266.31,808.72
0.64,305.25,781.88
0.65,354.86,744.59
0.66,407.0,705.43
0.67,485.98,664.51
0.68,547.14,611.71
0.69,593.78,547.03
0.7,636.79,472.56
0.71,675.18,396.88
0.7199,700.37,318.12
0.7299,727.54,234.74
0.7399,748.77,172.59
0.7499,765.71,140.25
0.7599,778.58,110.77
0.7699,793.32,86.35
0.7799,803.99,44.0
0.7899,808.06,12.43
0.7999,814.55,9.9
0.8099,819.06,4.95
0.8199,817.19,0.0
0.8299,817.85,0.0
0.8399,811.91,0.0
0.8499,799.92,0.0
0.8599,792.11,0.0
0.8699,786.83,0.0
0.8799,789.58,0.0
0.8899,795.19,0.0
0.8999,798.27,0.0
0.9099,799.7,0.0
0.9199,807.73,0.0
0.9299,811.8,0.0
0.9399,813.67,0.0
0.9499,822.47,0.0
0.9599,820.38,0.0
0.9699,825.44,0.0
0.9799,827.09,0.0
0.9899,829.84,0.0
0.9999,828.08,0.0
1.0099,823.46,0.0
1.0199,820.38,0.0
1.0299,803.44,0.0
1.0399,798.38,0.0
1.0499,778.47,0.0
1.0599,765.16,0.0
1.0699,758.56,0.0
1.0799,756.36,0.0
1.0899,754.16,0.0
1.0999,749.87,0.0
1.1099,758.01,0.0
1.1199,757.35,0.0
1.1299,756.91,0.0
1.1399,760.65,0.0
1.1499,751.63,9.13
1.1599,748.77,34.32
1.1699,734.91,92.95
1.1799,720.61,171.38
1.1899,698.72,227.04
1.1999,678.37,312.29
1.2099,645.92,395.34
1.2199,631.73,457.6
1.2299,589.49,494.56
1.2399,537.57,522.06
1.2499,463.21,550.99
1.2599,389.51,622.27
1.2699,292.05,687.39
1.2799,187.11,737.33
1.2899,119.35,781.0
1.2999,79.53,815.21
1.3099,48.51,839.41
1.3199,15.51,863.94
1.3299,0.0,885.17
1.3399,0.0,901.67
1.3499,0.0,916.08
1.3599,0.0,931.15
1.3699,0.0,932.14
1.3799,0.0,932.47
1.3899,0.0,920.04
1.3999,0.0,906.73
1.4099,0.0,884.51
1.4199,0.0,864.16
1.4299,0.0,850.74
1.4399,0.0,849.2
1.4499,0.0,848.1
1.4599,0.0,846.78
1.4699,0.0,836.44
1.4799,0.0,836.11
1.4899,0.0,845.24
1.4999,0.0,854.92
1.5099,0.0,859.76
1.5199,0.0,864.6
1.5299,0.0,864.6
1.5399,0.0,869.55
1.5499,0.0,874.61
1.5599,0.0,875.49
1.5699,0.0,876.7
1.5799,0.0,880.88
1.5899,0.0,885.17
1.5999,0.0,885.17
1.6099,0.0,880.44
1.6199,0.0,884.4
1.6299,0.0,886.05
1.6399,0.0,891.77
1.6499,0.0,897.38
1.6599,0.0,891.11
1.6699,0.0,882.2
1.6799,0.0,870.54
1.6899,6.16,851.51
1.6999,47.52,827.64
1.7099,173.69,806.19
1.7199,275.22,775.28
1.7299,347.27,734.91
1.7399,432.85,684.64
1.7499,503.47,617.98
1.7599,570.46,544.72
1.7699,651.53,467.06
1.7799,715.0,359.15
1.7899,762.19,221.21
1.7999,797.5,161.7
1.8099,831.05,125.62
1.8199,862.51,84.15
1.8299,886.93,35.64
1.8399,912.12,4.95
1.8499,928.18,4.95
1.8599,942.26,4.95
1.8699,938.96,0.0
1.8799,935.77,0.0
1.8899,925.87,0.0
1.8999,918.5,0.0
1.9099,904.86,0.0
1.9199,880.33,0.0
1.9299,862.07,0.0
1.9399,843.81,0.0
1.9499,829.62,0.0
1.9599,818.07,0.0
1.9699,806.3,0.0
1.9799,791.89,0.0
1.9899,790.79,0.0
1.9999,781.0,0.0
2.0099,775.39,0.0
2.0199,769.67,0.0
2.0299,760.76,0.0
2.0399,758.45,0.0
2.0499,754.49,0.0
2.0599,753.17,0.0
2.0699,750.31,0.0
2.0799,745.14,0.0
2.0899,748.88,0.0
2.0999,751.52,0.0
2.1099,752.18,0.0
2.1199,758.45,0.0
2.1299,759.88,0.0
2.1399,765.71,0.0
2.1498,758.89,0.0
2.1598,764.83,0.0
2.1698,767.8,0.0
2.1798,763.07,0.0
2.1898,761.97,0.0
2.1998,752.29,0.0
2.2098,744.7,45.76
2.2198,730.29,141.68
2.2298,713.24,236.72
2.2398,688.93,285.45
2.2498,661.98,399.52
2.2598,638.44,490.93
2.2698,600.38,544.06
2.2798,546.7,566.06
2.2898,472.45,585.2
2.2998,400.51,621.72
2.3098,315.7,704.22
2.3198,212.08,759.11
2.3298,132.44,808.17
2.3398,95.04,848.98
2.3498,50.82,879.78
2.3598,20.02,898.59
2.3698,0.0,912.67
2.3798,0.0,928.95
2.3898,0.0,940.72
2.3998,0.0,938.3
2.4098,0.0,941.27
2.4198,0.0,934.12
2.4298,0.0,911.46
2.4398,0.0,895.62
2.4498,0.0,869.22
2.4598,0.0,848.98
2.4698,0.0,833.47
2.4798,0.0,823.9
2.4898,0.0,813.78
2.4998,0.0,812.68
2.5098,0.0,821.92
2.5198,0.0,829.07
2.5298,0.0,833.58
2.5398,0.0,842.71
2.5498,0.0,847.88
2.5598,0.0,853.27
2.5698,0.0,852.61
2.5798,0.0,857.89
2.5898,0.0,863.28
2.5998,0.0,867.24
2.6098,0.0,863.39
2.6198,0.0,866.91
2.6298,0.0,868.78
2.6398,0.0,872.74
2.6498,0.0,872.74
2.6598,0.0,879.67
2.6698,0.0,874.06
2.6798,0.0,877.8
2.6898,0.0,881.65
2.6998,0.0,879.89
2.7098,0.0,871.53
2.7198,4.07,869.11
2.7298,16.5,850.08
2.7398,68.75,828.96
2.7498,199.65,805.31
2.7598,280.72,779.35
2.7698,362.45,742.06
2.7798,443.85,693.55
2.7898,506.33,634.48
2.7998,600.27,559.35
2.8098,673.2,475.97
2.8198,726.88,380.71
2.8298,760.76,249.92
2.8398,801.02,175.12
2.8498,836.88,128.48
2.8598,863.94,87.34
2.8698,891.55,52.58
2.8798,914.98,13.31
2.8898,924.88,4.95
2.8998,938.85,4.95
2.9098,938.08,0.0
2.9198,933.35,0.0
2.9298,920.04,0.0
2.9398,900.46,0.0
2.9498,881.76,0.0
2.9598,851.62,0.0
2.9698,817.85,0.0
2.9798,786.72,0.0
2.9898,762.3,0.0
2.9998,741.18,0.0
3.0098,722.48,0.0
3.0198,710.16,0.0
3.0298,703.67,0.0
3.0398,704.99,0.0
3.0498,703.89,0.0
3.0598,707.41,0.0
3.0698,715.11,0.0
3.0798,716.32,0.0
3.0898,722.15,0.0
3.0998,723.91,0.0
3.1098,730.51,0.0
3.1198,736.67,0.0
3.1298,745.25,0.0
3.1398,749.21,0.0
3.1498,753.39,0.0
3.1598,761.2,0.0
3.1698,760.54,4.51
3.1798,762.19,0.0
3.1898,765.6,0.0
3.1998,766.7,0.0
3.2098,767.69,0.0
3.2198,762.85,0.0
3.2298,763.84,4.51
3.2398,756.25,13.64
3.2498,748.55,34.32
3.2598,736.78,102.52
3.2698,722.37,187.77
3.2798,700.81,239.03
3.2898,675.95,314.71
3.2998,648.89,378.4
3.3098,616.22,440.99
3.3198,571.34,479.6
3.3298,505.56,498.41
3.3398,428.34,572.55
3.3498,368.39,663.19
3.3598,278.19,711.48
3.3698,176.0,756.03
3.3798,106.15,803.88
3.3898,68.42,843.81
3.3998,44.0,871.2
3.4098,17.49,897.49
3.4198,0.0,916.85
3.4298,0.0,934.12
3.4398,0.0,943.8
3.4498,0.0,952.05
3.4598,0.0,953.59
3.4698,0.0,945.45
3.4798,0.0,936.1
3.4898,0.0,923.67
3.4998,0.0,907.72
3.5098,0.0,891.0
3.5198,0.0,869.66
3.5298,0.0,857.56
3.5398,0.0,852.61
3.5498,0.0,842.27
3.5598,0.0,835.01
3.5698,0.0,827.53
3.5797,0.0,822.58
3.5897,0.0,817.96
3.5997,0.0,815.76
3.6097,0.0,811.47
3.6197,0.0,808.83
3.6297,0.0,809.16
3.6397,0.0,807.73
3.6497,0.0,810.59
3.6597,0.0,815.65
3.6697,0.0,822.36
3.6797,0.0,830.94
3.6897,0.0,830.61
3.6997,0.0,840.95
3.7097,0.0,851.29
3.7197,0.0,854.59
3.7297,0.0,862.07
3.7397,0.0,860.86
3.7497,0.0,853.71
3.7597,0.0,841.94
3.7697,0.0,830.28
3.7797,10.34,816.2
3.7897,60.06,802.23
3.7997,177.76,774.73
3.8097,273.13,751.19
3.8197,349.47,712.8
3.8297,440.99,663.96
3.8397,519.64,602.58
3.8497,629.64,530.31
3.8597,749.54,438.46
3.8697,800.03,307.45
3.8797,841.06,198.88
3.8897,883.85,142.12
3.8997,913.22,115.28
3.9097,936.76,76.01
3.9197,952.93,27.72
3.9297,969.21,4.95
3.9397,979.11,4.95
3.9497,971.3,0.0
3.9597,963.6,0.0
3.9697,951.28,0.0
3.9797,937.09,0.0
3.9897,912.12,0.0
3.9997,887.7,0.0
4.0097,858.66,0.0
4.0197,838.97,0.0
4.0297,817.19,0.0
4.0397,797.83,0.0
4.0497,787.05,0.0
4.0597,773.08,0.0
4.0697,762.52,0.0
4.0797,752.4,0.0
4.0897,744.48,0.0
4.0997,736.56,0.0
4.1097,731.72,0.0
4.1197,738.1,0.0
4.1297,736.01,0.0
4.1397,740.3,0.0
4.1497,744.59,0.0
4.1597,751.63,0.0
4.1697,759.0,0.0
4.1797,764.06,0.0
4.1897,772.64,0.0
4.1997,779.46,0.0
4.2097,782.98,0.0
4.2197,782.98,0.0
4.2297,784.63,0.0
4.2397,787.93,0.0
4.2497,791.23,0.0
4.2597,789.91,0.0
4.2697,787.38,0.0
4.2797,784.08,0.0
4.2897,780.89,11.44
4.2997,768.9,38.83
4.3097,754.71,90.53
4.3197,740.19,164.45
4.3297,716.21,197.12
4.3397,689.26,278.52
4.3497,661.76,358.71
4.3597,627.33,427.35
4.3697,580.58,470.91
4.3797,516.67,498.96
4.3897,453.86,525.69
4.3997,389.51,621.06
4.4097,294.03,686.84
4.4197,189.09,725.23
4.4297,119.35,770.0
4.4397,86.02,807.73
4.4497,52.91,834.9
4.4597,28.38,855.03
4.4697,4.51,867.02
4.4797,0.0,883.63
4.4897,0.0,893.2
4.4997,0.0,900.13
4.5097,0.0,904.42
4.5197,0.0,904.53
4.5297,0.0,902.55
4.5397,0.0,886.93
4.5497,0.0,864.27
4.5597,0.0,849.53
4.5697,0.0,836.33
4.5797,0.0,823.68
4.5897,0.0,815.98
4.5997,0.0,812.13
4.6097,0.0,806.85
4.6197,0.0,812.79
4.6297,0.0,815.1
4.6397,0.0,814.22
4.6497,0.0,813.89
4.6597,0.0,819.17
4.6697,0.0,826.32
4.6797,0.0,828.19
4.6897,0.0,825.88
4.6997,0.0,833.58
4.7097,0.0,837.43
4.7197,0.0,841.17
4.7297,0.0,844.25
4.7397,0.0,851.29
4.7497,0.0,864.27
4.7597,0.0,876.04
4.7697,0.0,887.37
4.7797,0.0,897.16
4.7897,0.0,896.28
4.7997,0.0,905.96
4.8097,0.0,904.2
4.8197,8.25,901.56
4.8297,31.02,892.1
4.8397,88.44,872.3
4.8497,215.05,847.0
4.8597,291.17,821.92
4.8697,351.56,791.78
4.8797,409.97,753.83
4.8897,461.56,700.81
4.8997,494.56,634.15
4.9097,575.63,554.84
4.9197,654.5,454.19
4.9297,697.29,340.89
4.9397,755.15,225.72
4.9497,792.55,172.04
4.9597,821.37,125.95
4.9697,845.57,83.6
4.9797,868.12,41.03
4.9897,888.47,10.45
4.9997,904.53,4.95
5.0096,907.72,3.96
5.0196,906.18,0.0
5.0296,900.9,0.0
5.0396,895.51,0.0
5.0496,879.23,0.0
5.0596,863.5,0.0
5.0696,845.68,0.0
5.0796,823.9,0.0
5.0896,804.43,0.0
5.0996,793.76,0.0
5.1096,782.76,0.0
5.1196,767.69,0.0
5.1296,757.9,0.0
5.1396,747.78,0.0
5.1496,742.06,0.0
5.1596,729.74,0.0
5.1696,730.4,0.0
5.1796,729.63,0.0
5.1896,729.74,0.0
5.1996,729.96,0.0
5.2096,736.78,0.0
5.2196,743.6,0.0
5.2296,749.1,0.0
5.2396,756.69,0.0
5.2496,761.86,0.0
5.2596,768.57,0.0
5.2696,769.23,0.0
5.2796,772.53,0.0
5.2896,778.47,0.0
5.2996,782.43,0.0
5.3096,783.64,0.0
5.3196,778.91,0.0
5.3296,773.74,0.0
5.3396,766.37,9.13
5.3496,758.78,29.7
5.3596,739.86,104.94
5.3696,722.59,197.12
5.3796,700.26,255.2
5.3896,679.8,337.81
5.3996,651.64,411.29
5.4096,613.58,467.28
5.4196,555.72,497.86
5.4296,474.43,514.8
5.4396,398.09,593.67
5.4496,303.27,702.68
5.4596,200.2,749.98
5.4696,130.24,789.14
5.4796,88.22,832.81
5.4896,55.0,869.66
5.4996,22.0,893.42
5.5096,0.0,913.88
5.5196,0.0,935.44
5.5296,0.0,950.07
5.5396,0.0,957.66
5.5496,0.0,956.45
5.5596,0.0,955.79
5.5696,0.0,942.81
5.5796,0.0,925.21
5.5896,0.0,901.12
5.5996,0.0,879.12
5.6096,0.0,861.41
5.6196,0.0,841.61
5.6296,0.0,828.63
5.6396,0.0,823.35
5.6496,0.0,816.42
5.6596,0.0,818.51
5.6696,0.0,812.46
5.6796,0.0,814.88
5.6896,0.0,818.62
5.6996,0.0,819.39
5.7096,0.0,824.78
5.7196,0.0,826.76
5.7296,0.0,834.68
5.7396,0.0,835.78
5.7496,0.0,840.51
5.7596,0.0,847.66
5.7696,0.0,853.82
5.7796,0.0,857.67
5.7896,0.0,863.72
5.7996,0.0,869.77
5.8096,0.0,877.69
5.8196,0.0,883.63
5.8296,0.0,888.25
5.8396,0.0,885.5
5.8496,0.0,878.46
5.8596,0.0,864.16
5.8696,0.0,850.08
5.8796,20.68,832.92
5.8896,86.24,814.0
5.8996,211.75,798.16
5.9096,284.79,765.6
5.9196,364.87,724.9
5.9296,450.89,666.05
5.9396,518.21,595.32
5.9496,590.37,520.85
5.9596,693.66,428.67
5.9696,740.3,303.82
5.9796,780.89,209.0
5.9896,816.2,167.97
5.9996,851.95,132.33
6.0096,874.61,89.87
6.0196,894.85,41.25
6.0296,915.64,17.93
6.0396,927.52,4.95
6.0496,939.18,4.95
6.0596,942.7,0.0
6.0696,939.51,0.0
6.0796,932.36,0.0
6.0896,916.3,0.0
6.0996,898.37,0.0
6.1096,876.15,0.0
6.1196,858.44,0.0
6.1296,842.82,0.0
6.1396,827.09,0.0
6.1496,813.67,0.0
6.1596,798.05,0.0
6.1696,788.59,0.0
6.1796,777.92,0.0
6.1896,767.69,0.0
6.1996,761.64,0.0
6.2096,756.14,0.0
6.2196,757.9,0.0
6.2296,760.65,0.0
6.2396,757.13,0.0
6.2496,755.59,0.0
6.2596,751.96,0.0
6.2696,753.28,0.0
6.2796,751.96,0.0
6.2896,754.38,0.0
6.2996,754.49,0.0
6.3096,751.74,0.0
6.3196,755.81,0.0
6.3296,757.13,0.0
6.3396,758.67,0.0
6.3496,761.86,0.0
6.3596,763.4,0.0
6.3696,762.41,0.0
6.3796,763.73,0.0
6.3896,760.43,13.64
6.3996,748.66,41.14
6.4096,738.87,102.52
6.4196,722.15,164.45
6.4295,700.48,225.17
6.4395,675.84,314.38
6.4495,652.74,393.47
6.4595,624.36,454.52
6.4695,576.95,493.24
6.4795,516.67,518.87
6.4895,448.8,556.82
6.4995,389.62,635.91
6.5095,296.12,684.86
6.5195,195.69,741.07
6.5295,125.95,781.99
6.5395,81.95,823.13
6.5495,59.51,853.49
6.5595,37.4,876.92
6.5695,11.0,895.18
6.5795,0.0,913.11
6.5895,0.0,922.24
6.5995,0.0,933.24
6.6095,0.0,930.93
6.6195,0.0,925.98
6.6295,0.0,914.54
6.6395,0.0,896.17
6.6495,0.0,871.53
6.6595,0.0,848.54
6.6695,0.0,830.72
6.6795,0.0,821.04
6.6895,0.0,821.37
6.6995,0.0,822.58
6.7095,0.0,822.58
6.7195,0.0,830.28
6.7295,0.0,831.6
6.7395,0.0,840.73
6.7495,0.0,845.24
6.7595,0.0,843.26
6.7695,0.0,845.79
6.7795,0.0,851.4
6.7895,0.0,856.46
6.7995,0.0,858.33
6.8095,0.0,866.8
6.8195,0.0,878.13
6.8295,0.0,881.76
6.8395,0.0,880.44
6.8495,0.0,882.53
6.8595,0.0,884.73
6.8695,0.0,890.89
6.8795,0.0,888.14
6.8895,0.0,895.73
6.8995,0.0,890.23
6.9095,0.0,883.08
6.9195,8.25,863.94
6.9295,28.93,849.53
6.9395,125.84,825.55
6.9495,267.19,796.73
6.9595,352.99,763.51
6.9695,440.66,718.41
6.9795,520.52,658.57
6.9895,596.86,586.63
6.9995,709.94,502.7
7.0095,760.1,412.5
7.0195,799.04,280.17
7.0295,835.12,189.31
7.0395,863.94,147.95
7.0495,889.24,106.04
7.0595,903.65,71.17
7.0695,917.62,26.07
7.0795,927.52,7.48
7.0895,930.71,4.95
7.0995,929.72,4.95
7.1095,926.53,0.0
7.1195,910.14,0.0
7.1295,896.5,0.0
7.1395,878.68,0.0
7.1495,854.15,0.0
7.1595,826.76,0.0
7.1695,803.44,0.0
7.1795,784.19,0.0
7.1895,765.93,0.0
7.1995,759.55,0.0
7.2095,746.9,0.0
7.2195,742.94,0.0
7.2295,739.86,0.0
7.2395,739.97,0.0
7.2495,742.5,0.0
7.2595,742.83,0.0
7.2695,741.18,0.0
7.2795,740.08,0.0
7.2895,747.23,0.0
7.2995,743.82,0.0
7.3095,750.42,0.0
7.3195,752.73,0.0
7.3295,751.96,0.0
7.3395,755.26,0.0
7.3495,757.24,0.0
7.3595,758.56,0.0
7.3695,766.26,0.0
7.3795,768.02,0.0
7.3895,769.01,0.0
7.3995,770.11,0.0
7.4095,771.32,0.0
7.4195,765.71,0.0
7.4295,762.41,0.0
7.4395,754.6,25.08
7.4495,741.73,59.51
7.4595,728.64,171.38
7.4695,706.2,255.2
7.4795,681.45,355.74
7.4895,648.67,453.31
7.4995,601.59,535.37
7.5095,530.2,573.43
7.5195,456.17,601.81
7.5295,378.4,693.44
7.5395,279.73,767.25
7.5495,180.18,803.0
7.5595,119.35,856.46
7.5695,79.53,893.09
7.5795,50.6,929.06
7.5895,24.2,955.68
7.5995,0.0,974.16
7.6095,0.0,988.57
7.6195,0.0,995.72
7.6295,0.0,991.43
7.6395,0.0,987.58
7.6495,0.0,979.66
7.6595,0.0,957.88
7.6695,0.0,933.35
7.6795,0.0,902.33
7.6895,0.0,873.4
7.6995,0.0,841.83
7.7095,0.0,813.12
7.7195,0.0,798.27
7.7295,0.0,790.57
7.7395,0.0,789.14
7.7495,0.0,790.35
7.7595,0.0,791.34
7.7695,0.0,802.45
7.7795,0.0,808.94
7.7895,0.0,816.75
7.7995,0.0,827.75
7.8095,0.0,836.22
7.8195,0.0,845.13
7.8295,0.0,849.42
7.8395,0.0,858.44
7.8495,0.0,865.37
7.8594,0.0,871.64
7.8694,0.0,882.75
7.8794,0.0,891.33
7.8894,0.0,897.82
7.8994,0.0,903.32
7.9094,0.0,906.73
7.9194,0.0,911.13
7.9294,0.0,904.31
7.9394,4.07,891.99
7.9494,16.5,873.07
7.9594,57.97,853.49
7.9694,175.12,829.62
7.9794,289.3,806.19
7.9894,350.9,771.21
7.9994,417.45,723.47
8.0094,475.53,671.55
8.0194,512.49,587.95
8.0294,599.94,509.52
8.0394,678.48,412.17
8.0494,727.98,292.82
8.0594,785.62,199.43
8.0694,825.77,160.16
8.0794,860.09,129.03
8.0894,891.88,85.03
8.0994,919.05,40.92
8.1094,935.11,20.46
8.1194,951.17,12.43
8.1294,958.32,4.95
8.1394,957.22,0.0
8.1494,949.52,0.0
8.1594,937.86,0.0
8.1694,924.0,0.0
8.1794,899.8,0.0
8.1894,868.78,0.0
8.1994,846.34,0.0
8.2094,826.21,0.0
8.2194,805.31,0.0
8.2294,786.94,0.0
8.2394,770.11,0.0
8.2494,759.55,0.0
8.2594,747.23,0.0
8.2694,737.88,0.0
8.2794,739.64,0.0
8.2894,732.93,0.0
8.2994,737.0,0.0
8.3094,741.95,0.0
8.3194,741.95,0.0
8.3294,742.94,0.0
8.3394,745.8,0.0
8.3494,751.08,0.0
8.3594,753.83,0.0
8.3694,756.14,0.0
8.3794,760.43,0.0
8.3894,759.88,0.0
8.3994,767.58,0.0
8.4094,769.23,0.0
8.4194,772.42,0.0
8.4294,778.36,0.0
8.4394,779.13,0.0
8.4494,779.79,0.0
8.4594,780.67,0.0
8.4694,777.26,4.51
8.4794,773.96,29.7
8.4894,761.64,71.5
8.4994,749.1,146.3
8.5094,730.07,183.04
8.5194,705.87,243.65
8.5294,681.45,320.21
8.5394,651.09,381.7
8.5494,617.98,434.61
8.5594,568.81,473.44
8.5694,499.84,501.27
8.5794,429.0,544.28
8.5894,371.14,633.38
8.5994,282.59,690.14
8.6094,187.11,736.34
8.6194,132.44,784.08
8.6294,88.55,817.52
8.6394,57.31,857.12
8.6494,30.91,880.77
8.6594,13.31,894.74
8.6694,0.0,916.08
8.6794,0.0,922.9
8.6894,0.0,931.81
8.6994,0.0,932.91
8.7094,0.0,928.4
8.7194,0.0,910.58
8.7294,0.0,892.65
8.7394,0.0,868.01
8.7494,0.0,848.54
8.7594,0.0,835.78
8.7694,0.0,827.42
8.7794,0.0,821.04
8.7894,0.0,819.83
8.7994,0.0,815.32
8.8094,0.0,817.74
8.8194,0.0,818.29
8.8294,0.0,813.23
8.8394,0.0,817.52
8.8494,0.0,817.41
8.8594,0.0,816.42
8.8694,0.0,824.67
8.8794,0.0,834.24
8.8894,0.0,845.68
8.8994,0.0,854.48
8.9094,0.0,871.97
8.9194,0.0,882.53
8.9294,0.0,893.42
8.9394,0.0,894.52
8.9494,0.0,892.98
8.9594,0.0,897.27
8.9694,0.0,899.03
8.9794,0.0,898.26
8.9894,0.0,898.15
8.9994,4.07,898.48
9.0094,10.34,889.9
9.0194,26.84,879.78
9.0294,73.15,854.15
9.0394,172.15,828.08
9.0494,283.36,797.28
9.0594,348.92,758.89
9.0694,412.83,718.63
9.0794,467.06,665.61
9.0894,503.69,599.17
9.0994,570.68,521.07
9.1094,650.65,436.37
9.1194,694.87,335.06
9.1294,746.02,234.3
9.1394,787.82,175.12
9.1494,821.26,139.37
9.1594,852.28,100.76
9.1694,870.1,55.11
9.1794,887.81,20.79
9.1894,903.21,12.43
9.1994,907.72,4.95
9.2094,908.49,4.95
9.2194,900.46,0.0
9.2294,894.52,0.0
9.2394,885.06,0.0
9.2494,864.82,0.0
9.2594,844.91,0.0
9.2694,824.89,0.0
9.2794,811.47,0.0
9.2893,800.47,0.0
9.2993,791.45,0.0
9.3093,782.21,0.0
9.3193,776.93,0.0
9.3293,773.96,0.0
9.3393,770.11,0.0
9.3493,761.75,0.0
9.3593,758.89,0.0
9.3693,750.97,0.0
9.3793,751.85,0.0
9.3893,744.59,0.0
9.3993,741.84,0.0
9.4093,743.49,0.0
9.4193,747.01,0.0
9.4293,743.82,0.0
9.4393,745.91,0.0
9.4493,754.38,15.95
9.4593,755.81,4.51
9.4693,755.7,6.82
9.4793,765.27,4.51
9.4893,762.85,0.0
9.4993,765.82,0.0
9.5093,764.72,0.0
9.5193,765.93,4.51
9.5293,760.43,15.95
9.5393,750.64,34.32
9.5493,738.43,78.65
9.5593,723.8,166.76
9.5693,702.02,229.79
9.5793,677.49,321.86
9.5893,651.97,392.7
9.5993,623.04,457.82
9.6093,575.85,499.07
9.6193,506.88,522.5
9.6293,435.49,571.34
9.6393,359.48,678.81
9.6493,261.8,725.45
9.6593,169.62,773.41
9.6693,115.06,816.09
9.6793,75.24,855.03
9.6893,46.31,885.5
9.6993,17.82,910.91
9.7093,0.0,928.95
9.7193,0.0,943.36
9.7293,0.0,953.48
9.7393,0.0,953.81
9.7493,0.0,952.49
9.7593,0.0,939.29
9.7693,0.0,919.93
9.7793,0.0,899.8
9.7893,0.0,865.7
9.7993,0.0,840.29
9.8093,0.0,822.69
9.8193,0.0,806.74
9.8293,0.0,803.88
9.8393,0.0,795.85
9.8493,0.0,793.32
9.8593,0.0,796.29
9.8693,0.0,795.41
9.8793,0.0,796.18
9.8893,0.0,804.87
9.8993,0.0,818.4
9.9093,0.0,820.93
9.9193,0.0,831.6
9.9293,0.0,842.38
9.9393,0.0,855.14
9.9493,0.0,857.45
9.9593,0.0,862.18
9.9693,0.0,864.49
9.9793,0.0,877.47
9.9893,0.0,879.56
9.9993,0.0,890.12
10.0093,0.0,897.71
10.0193,0.0,896.94
10.0293,0.0,893.97
10.0393,0.0,879.67
10.0493,0.0,865.15
10.0593,12.32,846.23
10.0693,64.46,822.14
10.0793,166.1,800.47
10.0893,273.13,772.64
10.0993,351.34,730.51
10.1093,424.27,674.52
10.1193,489.39,612.81
10.1293,540.43,542.52
10.1393,622.49,462.44
10.1493,726.88,350.13
10.1593,778.58,233.53
10.1693,825.55,179.63
10.1793,866.14,139.37
10.1893,900.24,98.23
10.1993,925.32,46.75
10.2093,941.49,20.79
10.2193,953.26,12.43
10.2293,959.09,4.95
10.2393,964.81,4.95
10.2493,955.35,0.0
10.2593,947.87,0.0
10.2693,934.34,0.0
10.2793,918.39,0.0
10.2893,898.37,0.0
10.2993,871.86,0.0
10.3093,854.37,0.0
10.3193,834.57,0.0
10.3293,815.87,0.0
10.3393,801.9,0.0
10.3493,782.1,0.0
10.3593,776.05,0.0
10.3693,770.99,0.0
10.3793,764.28,0.0
10.3893,753.39,0.0
10.3993,751.3,0.0
10.4093,745.47,0.0
10.4193,741.84,0.0
10.4293,738.43,0.0
10.4393,737.22,0.0
10.4493,742.17,0.0
10.4593,742.61,0.0
10.4693,746.79,0.0
10.4793,754.93,0.0
10.4893,754.27,0.0
10.4993,759.55,4.51
10.5093,765.6,0.0
10.5193,771.1,0.0
10.5293,772.64,0.0
10.5393,773.41,0.0
10.5493,771.98,0.0
10.5593,770.88,0.0
10.5693,767.58,11.44
10.5793,755.15,27.39
10.5893,742.61,69.08
10.5993,725.34,159.94
10.6093,710.05,240.02
10.6193,683.54,341.77
10.6293,655.16,418.88
10.6393,615.23,473.66
10.6493,571.12,496.98
10.6593,490.6,557.92
10.6693,415.69,658.02
10.6793,343.53,705.43
10.6893,241.23,746.46
10.6993,158.73,791.12
10.7093,124.41,830.94
10.7192,70.73,858.77
10.7292,42.02,889.57
10.7392,15.51,910.91
10.7492,0.0,932.25
10.7592,0.0,946.44
10.7692,0.0,956.89
10.7792,0.0,959.31
10.7892,0.0,955.68
10.7992,0.0,945.67
10.8092,0.0,924.99
10.8192,0.0,900.68
10.8292,0.0,871.09
10.8392,0.0,845.02
10.8492,0.0,823.24
10.8592,0.0,807.4
10.8692,0.0,796.18
10.8792,0.0,799.15
10.8892,0.0,790.13
10.8992,0.0,794.09
10.9092,0.0,797.28
10.9192,0.0,803.33
10.9292,0.0,815.21
10.9392,0.0,825.66
10.9492,0.0,836.88
10.9592,0.0,846.34
10.9692,0.0,857.56
10.9792,0.0,862.29
10.9892,0.0,871.2
10.9992,0.0,870.76
11.0092,0.0,872.08
11.0192,0.0,872.96
11.0292,0.0,878.79
11.0392,0.0,889.68
11.0492,0.0,893.86
11.0592,0.0,894.08
11.0692,0.0,891.11
11.0792,0.0,883.63
11.0892,0.0,866.8
11.0992,4.07,850.08
11.1092,18.59,835.45
11.1192,92.73,806.96
11.1292,212.85,789.58
11.1392,287.21,753.94
11.1492,363.77,706.53
11.1592,448.91,649.88
11.1692,520.52,573.54
11.1792,580.14,495.55
11.1892,701.25,397.87
11.1992,770.66,273.24
11.2092,820.16,197.34
11.2192,862.51,140.91
11.2292,900.9,116.93
11.2392,928.07,71.39
11.2492,954.91,28.6
11.2592,969.21,12.43
11.2692,981.31,9.9
11.2792,982.52,4.95
11.2892,979.11,0.0
11.2992,967.23,0.0
11.3092,951.06,0.0
11.3192,937.42,0.0
11.3292,912.67,0.0
11.3392,888.03,0.0
11.3492,871.97,0.0
11.3592,853.71,0.0
11.3692,833.14,0.0
11.3792,823.46,0.0
11.3892,804.76,0.0
11.3992,799.26,0.0
11.4092,785.4,0.0
11.4192,781.44,0.0
11.4292,771.65,0.0
11.4392,762.41,0.0
11.4492,759.99,0.0
11.4592,755.37,0.0
11.4692,751.74,0.0
11.4792,754.49,0.0
11.4892,757.46,0.0
11.4992,762.74,0.0
11.5092,765.71,0.0
11.5192,775.06,0.0
11.5292,783.86,0.0
11.5392,781.88,0.0
11.5492,785.62,0.0
11.5592,793.54,0.0
11.5692,801.46,0.0
11.5792,800.8,0.0
11.5892,804.32,0.0
11.5992,807.84,0.0
11.6092,808.72,0.0
11.6192,809.6,0.0
11.6292,806.52,0.0
11.6392,796.51,13.64
11.6492,784.52,36.52
11.6592,770.11,97.79
11.6692,748.99,185.46
11.6792,720.28,218.13
11.6892,691.24,309.65
11.6992,659.34,397.98
11.7092,623.7,457.27
11.7192,567.49,494.01
11.7292,486.31,519.42
11.7392,421.3,555.72
11.7492,352.77,632.72
11.7592,243.43,682.55
11.7692,151.91,737.11
11.7792,106.04,785.4
11.7892,72.93,833.36
11.7992,48.29,862.18
11.8092,17.71,885.94
11.8192,4.29,909.7
11.8292,0.0,925.76
11.8392,0.0,941.82
11.8492,0.0,953.7
11.8592,0.0,958.54
11.8692,0.0,956.89
11.8792,0.0,954.25
11.8892,0.0,933.9
11.8992,0.0,919.16
11.9092,0.0,896.61
11.9192,0.0,884.4
11.9292,0.0,876.04
11.9392,0.0,872.41
11.9492,0.0,863.61
11.9592,0.0,861.08
11.9692,0.0,855.25
11.9792,0.0,850.41
11.9892,0.0,847.99
11.9992,0.0,849.31
12.0092,0.0,853.27
12.0192,0.0,850.19
12.0292,0.0,854.92
12.0392,0.0,864.71
12.0492,0.0,871.31
12.0592,0.0,879.78
12.0692,0.0,892.98
12.0792,0.0,895.62
12.0892,0.0,893.75
12.0992,0.0,895.73
12.1092,0.0,892.87
12.1192,0.0,896.39
12.1292,0.0,895.18
12.1392,0.0,898.81
12.1491,0.0,886.49
12.1591,0.0,888.47
12.1691,10.34,878.46
12.1791,37.18,858.99
12.1891,110.22,842.16
12.1991,221.43,820.49
12.2091,291.28,791.89
12.2191,346.83,763.29
12.2291,402.93,728.31
12.2391,450.78,671.66
12.2491,483.45,612.7
12.2591,584.32,535.37
12.2691,649.22,454.96
12.2791,702.68,353.98
12.2891,755.48,236.5
12.2991,802.12,178.09
12.3091,839.85,142.23
12.3191,870.65,100.76
12.3291,890.56,60.5
12.3391,910.36,26.07
12.3491,921.25,12.43
12.3591,928.07,4.95
12.3691,925.87,0.0
12.3791,922.35,0.0
12.3891,914.21,0.0
12.3991,901.78,0.0
12.4091,884.95,0.0
12.4191,868.78,0.0
12.4291,854.7,0.0
12.4391,838.42,0.0
12.4491,828.96,0.0
12.4591,821.7,0.0
12.4691,810.04,0.0
12.4791,803.0,0.0
12.4891,804.65,0.0
12.4991,801.35,0.0
12.5091,795.85,0.0
12.5191,795.41,0.0
12.5291,796.73,0.0
12.5391,791.12,0.0
12.5491,789.91,0.0
12.5591,792.22,0.0
12.5691,790.57,0.0
12.5791,793.76,0.0
12.5891,788.48,0.0
12.5991,785.73,0.0
12.6091,783.2,0.0
12.6191,777.7,0.0
12.6291,780.34,0.0
12.6391,784.96,0.0
12.6491,786.5,0.0
12.6591,783.97,0.0
12.6691,787.6,0.0
12.6791,788.7,0.0
12.6891,786.17,0.0
12.6991,785.18,0.0
12.7091,781.99,11.44
12.7191,776.71,38.83
12.7291,764.72,104.94
12.7391,750.31,157.63
12.7491,722.15,190.08
12.7591,697.84,261.25
12.7691,672.98,334.84
12.7791,640.64,401.5
12.7891,602.58,443.52
12.7991,542.08,473.88
12.8091,479.27,495.44
12.8191,414.15,519.97
12.8291,329.12,627.66
12.8391,223.08,700.15
12.8491,141.13,749.21
12.8591,101.53,801.57
12.8691,68.53,842.6
12.8791,35.42,873.84
12.8891,15.51,908.05
12.8991,0.0,924.88
12.9091,0.0,943.91
12.9191,0.0,959.2
12.9291,0.0,969.76
12.9391,0.0,968.22
12.9491,0.0,964.26
12.9591,0.0,952.27
12.9691,0.0,932.47
12.9791,0.0,916.19
12.9891,0.0,892.43
12.9991,0.0,875.82
13.0091,0.0,863.17
13.0191,0.0,853.27
13.0291,0.0,845.57
13.0391,0.0,833.25
13.0491,0.0,828.41
13.0591,0.0,817.96
13.0691,0.0,806.41
13.0791,0.0,806.85
13.0891,0.0,805.53
13.0991,0.0,801.35
13.1091,0.0,799.7
13.1191,0.0,808.06
13.1291,0.0,816.31
13.1391,0.0,821.7
13.1491,0.0,836.22
13.1591,0.0,845.13
13.1691,0.0,855.91
13.1791,0.0,858.11
13.1891,0.0,875.38
13.1991,0.0,876.48
13.2091,0.0,885.61
13.2191,0.0,889.02
13.2291,0.0,883.85
13.2391,4.07,874.5
13.2491,14.41,862.95
13.2591,53.79,841.61
13.2691,163.57,827.75
13.2791,261.14,804.76
13.2891,316.91,762.52
13.2991,387.2,728.97
13.3091,449.68,675.4
13.3191,495.11,612.15
13.3291,584.98,537.13
13.3391,672.54,447.81
13.3491,731.5,330.66
13.3591,791.56,221.65
13.3691,835.23,175.12
13.3791,880.99,140.14
13.3891,917.4,95.7
13.3991,950.84,49.61
13.4091,967.01,18.26
13.4191,987.8,4.95
13.4291,992.97,0.0
13.4391,995.94,0.0
13.4491,990.99,0.0
13.4591,985.82,0.0
13.4691,967.67,0.0
13.4791,951.94,0.0
13.4891,925.76,0.0
13.4991,901.01,0.0
13.5091,869.44,0.0
13.5191,848.98,0.0
13.5291,825.22,0.0
13.5391,806.85,0.0
13.5491,786.61,0.0
13.5591,768.79,0.0
13.5691,758.01,0.0
13.579,742.72,0.0
13.589,736.89,0.0
13.599,724.46,0.0
13.609,718.85,0.0
13.619,712.58,0.0
13.629,708.4,0.0
13.639,712.58,0.0
13.649,714.45,0.0
13.659,720.06,0.0
13.669,725.78,0.0
13.679,736.01,0.0
13.689,741.73,0.0
13.699,745.69,0.0
13.709,757.57,0.0
13.719,762.63,0.0
13.729,767.69,0.0
13.739,772.75,0.0
13.749,771.43,0.0
13.759,769.89,0.0
13.769,766.04,4.51
13.779,759.88,38.83
13.789,753.39,114.51
13.799,746.9,197.12
13.809,724.57,252.89
13.819,706.2,350.9
13.829,680.68,438.35
13.839,648.45,499.07
13.849,600.38,529.87
13.859,522.94,548.35
13.869,448.69,584.43
13.879,373.01,673.97
13.889,285.89,741.07
13.899,183.04,786.83
13.909,119.46,839.3
13.919,81.84,880.55
13.929,53.13,904.64
13.939,28.93,922.68
13.949,13.31,935.11
13.959,0.0,941.05
13.969,0.0,942.37
13.979,0.0,937.75
13.989,0.0,928.18
13.999,0.0,919.71
14.009,0.0,910.69
14.019,0.0,892.76
14.029,0.0,870.43
14.039,0.0,857.89
14.049,0.0,845.13
14.059,0.0,837.21
14.069,0.0,838.64
14.079,0.0,836.22
14.089,0.0,835.78
14.099,0.0,835.78
14.109,0.0,833.58
14.119,0.0,826.98
14.129,0.0,825.0
14.139,0.0,823.9
14.149,0.0,815.21
14.159,0.0,818.51
14.169,0.0,817.41
14.179,0.0,825.44
14.189,0.0,829.29
14.199,0.0,843.37
14.209,0.0,856.57
14.219,0.0,864.38
14.229,0.0,880.55
14.239,0.0,884.51
14.249,0.0,892.65
14.259,0.0,891.88
14.269,0.0,896.94
14.279,0.0,899.8
14.289,0.0,894.96
14.299,0.0,879.45
14.309,0.0,862.95
14.319,10.34,839.74
14.329,73.15,818.62
14.339,180.18,795.19
14.349,268.51,762.63
14.359,341.22,719.84
14.369,417.67,666.38
14.379,496.65,602.91
14.389,552.53,530.31
14.399,666.93,440.55
14.409,756.58,331.65
14.419,802.12,223.74
14.429,844.91,167.53
14.439,874.17,125.62
14.449,910.47,81.62
14.459,937.97,38.94
14.469,954.36,10.45
14.479,975.26,4.95
14.489,978.34,0.0
14.499,981.97,0.0
14.509,985.38,0.0
14.519,975.37,0.0
14.529,961.4,0.0
14.539,949.41,0.0
14.549,928.62,0.0
14.559,908.16,0.0
14.569,881.32,0.0
14.579,860.97,0.0
14.589,840.95,0.0
14.599,827.31,0.0
14.609,808.28,0.0
14.619,794.31,0.0
14.629,784.41,0.0
14.639,773.96,0.0
14.649,768.35,0.0
14.659,761.31,0.0
14.669,754.49,0.0
14.679,739.53,0.0
14.689,750.42,0.0
14.699,750.53,0.0
14.709,744.7,0.0
14.719,747.56,0.0
14.729,753.17,0.0
14.739,757.79,0.0
14.749,762.52,0.0
14.759,760.21,0.0
14.769,768.35,0.0
14.779,772.09,0.0
14.789,776.05,0.0
14.799,783.53,0.0
14.809,780.89,0.0
14.819,783.97,0.0
14.829,782.76,0.0
14.839,781.55,4.51
14.849,774.07,22.88
14.859,764.17,47.96
14.869,747.67,137.17
14.879,730.73,190.08
14.889,704.66,252.89
14.899,677.82,348.04
14.909,648.01,425.48
14.919,621.61,479.38
14.929,565.51,509.19
14.939,497.86,526.35
14.949,430.98,613.47
14.959,357.83,685.3
14.969,252.78,731.39
14.979,160.82,784.08
14.989,108.46,827.2
14.999,72.93,865.59
15.0089,44.22,886.27
15.0189,20.02,910.47
15.0289,4.29,926.42
15.0389,0.0,939.84
15.0489,0.0,950.62
15.0589,0.0,958.87
15.0689,0.0,955.02
15.0789,0.0,956.89
15.0889,0.0,944.79
15.0989,0.0,926.53
15.1089,0.0,901.23
15.1189,0.0,886.16
15.1289,0.0,870.76
15.1389,0.0,860.09
15.1489,0.0,842.71
15.1589,0.0,832.48
15.1689,0.0,818.51
15.1789,0.0,811.25
15.1889,0.0,802.34
15.1989,0.0,791.34
15.2089,0.0,785.84
15.2189,0.0,783.75
15.2289,0.0,782.43
15.2389,0.0,786.5
15.2489,0.0,793.32
15.2589,0.0,800.58
15.2689,0.0,816.31
15.2789,0.0,827.09
15.2889,0.0,831.05
15.2989,0.0,843.37
15.3089,0.0,850.63
15.3189,0.0,858.22
15.3289,0.0,869.99
15.3389,0.0,867.57
15.3489,0.0,864.05
15.3589,0.0,855.03
15.3689,0.0,838.64
15.3789,14.41,831.82
15.3889,62.26,823.24
15.3989,183.92,802.56
15.4089,287.54,776.27
15.4189,356.95,740.41
15.4289,430.43,689.59
15.4389,500.39,628.98
15.4489,554.29,553.85
15.4589,671.55,471.24
15.4689,740.85,360.69
15.4789,790.68,245.63
15.4889,837.32,186.78
15.4989,877.36,149.6
15.5089,910.69,93.5
15.5189,933.68,60.28
15.5289,956.12,24.97
15.5389,969.87,4.95
15.5489,979.11,0.0
15.5589,979.88,0.0
15.5689,976.25,0.0
15.5789,968.22,0.0
15.5889,951.94,0.0
15.5989,931.15,0.0
15.6089,902.22,0.0
15.6189,877.69,0.0
15.6289,849.53,0.0
15.6389,823.35,0.0
15.6489,795.19,0.0
15.6589,778.69,0.0
15.6689,760.98,0.0
15.6789,748.88,0.0
15.6889,734.69,0.0
15.6989,726.55,0.0
15.7089,722.81,0.0
15.7189,717.31,0.0
15.7289,718.08,0.0
15.7389,722.26,0.0
15.7489,722.7,0.0
15.7589,724.68,0.0
15.7689,729.19,0.0
15.7789,738.32,0.0
15.7889,741.07,0.0
15.7989,747.89,0.0
15.8089,754.38,0.0
15.8189,758.78,0.0
15.8289,761.2,0.0
15.8389,769.34,0.0
15.8489,773.08,0.0
15.8589,774.62,0.0
15.8689,782.54,0.0
15.8789,779.9,0.0
15.8889,779.24,0.0
15.8989,774.07,0.0
15.9089,764.17,20.57
15.9189,748.0,54.89
15.9289,729.41,159.94
15.9389,705.32,218.13
15.9489,680.35,295.9
15.9589,645.7,396.44
15.9689,613.36,480.48
15.9789,554.07,527.89
15.9889,481.58,553.63
15.9989,419.87,577.94
16.0089,319.55,667.59
16.0189,200.2,733.7
16.0289,123.64,784.74
16.0389,85.91,832.37
16.0489,57.2,884.18
16.0589,28.71,908.93
16.0689,0.0,934.78
16.0789,0.0,955.79
16.0889,0.0,976.25
16.0989,0.0,983.51
16.1089,0.0,989.12
16.1189,0.0,990.55
16.1289,0.0,985.05
16.1389,0.0,975.15
16.1489,0.0,949.74
16.1589,0.0,928.95
16.1689,0.0,905.63
16.1789,0.0,886.93
16.1889,0.0,877.36
16.1989,0.0,870.76
16.2089,0.0,856.79
16.2189,0.0,849.86
16.2289,0.0,840.73
16.2389,0.0,834.13
16.2489,0.0,830.17
16.2589,0.0,824.01
16.2689,0.0,822.91
16.2789,0.0,828.63
16.2889,0.0,827.31
16.2989,0.0,836.44
16.3089,0.0,840.84
16.3189,0.0,842.38
16.3289,0.0,851.29
16.3389,0.0,854.92
16.3489,0.0,858.77
16.3589,0.0,861.52
16.3689,0.0,865.92
16.3789,0.0,866.58
16.3889,0.0,866.36
16.3989,0.0,859.21
16.4089,0.0,852.17
16.4189,0.0,840.4
16.4288,0.0,832.7
16.4388,14.41,825.99
16.4488,77.55,807.62
16.4588,211.31,789.25
16.4688,297.22,766.48
16.4788,376.86,727.54
16.4888,461.45,671.44
16.4988,529.21,609.62
16.5088,616.22,538.01
16.5188,720.06,454.96
16.5288,772.2,337.48
16.5388,812.9,228.25
16.5488,853.38,184.25
16.5588,889.57,153.01
16.5688,921.14,109.01
16.5788,939.62,54.45
16.5888,962.17,27.5
16.5988,973.94,4.95
16.6088,983.4,4.95
16.6188,986.81,0.0
16.6288,985.71,0.0
16.6388,974.05,0.0
16.6488,969.1,0.0
16.6588,953.48,0.0
16.6688,929.06,0.0
16.6788,905.19,0.0
16.6888,874.83,0.0
16.6988,853.27,0.0
16.7088,828.63,0.0
16.7188,812.24,0.0
16.7288,788.81,0.0
16.7388,770.66,0.0
16.7488,753.94,0.0
16.7588,741.29,0.0
16.7688,731.17,0.0
16.7788,719.18,0.0
16.7888,713.35,0.0
16.7988,711.81,0.0
16.8088,712.36,0.0
16.8188,714.34,0.0
16.8288,713.79,0.0
16.8388,715.33,0.0
16.8488,722.81,0.0
16.8588,724.35,0.0
16.8688,731.94,0.0
16.8788,737.33,0.0
16.8888,746.9,0.0
16.8988,750.75,0.0
16.9088,757.9,0.0
16.9188,760.87,0.0
16.9288,766.26,0.0
16.9388,765.05,0.0
16.9488,759.33,0.0
16.9588,753.5,11.44
16.9688,745.25,47.96
16.9788,730.29,134.86
16.9888,719.29,206.47
16.9988,699.38,275.99
17.0088,671.88,370.59
17.0188,641.3,458.15
17.0288,605.88,514.14
17.0388,546.15,541.31
17.0488,481.25,563.09
17.0588,406.89,641.85
17.0688,327.58,717.64
17.0788,232.32,762.85
17.0888,152.24,815.21
17.0988,97.35,855.47
17.1088,68.53,885.5
17.1188,35.42,917.73
17.1288,13.31,940.72
17.1388,0.0,957.11
17.1488,0.0,968.55
17.1588,0.0,975.48
17.1688,0.0,983.07
17.1788,0.0,978.56
17.1888,0.0,970.75
17.1988,0.0,957.55
17.2088,0.0,931.81
17.2188,0.0,909.92
17.2288,0.0,884.4
17.2388,0.0,866.91
17.2488,0.0,852.5
17.2588,0.0,838.42
17.2688,0.0,836.66
17.2788,0.0,832.92
17.2888,0.0,832.26
17.2988,0.0,833.58
17.3088,0.0,836.33
17.3188,0.0,836.33
17.3288,0.0,840.62
17.3388,0.0,845.79
17.3488,0.0,849.31
17.3588,0.0,850.41
17.3688,0.0,858.11
17.3788,0.0,865.15
17.3888,0.0,864.82
17.3988,0.0,869.66
17.4088,0.0,873.4
17.4188,0.0,872.63
17.4288,0.0,873.95
17.4388,0.0,880.0
17.4488,0.0,878.9
17.4588,0.0,877.03
17.4688,0.0,874.06
17.4788,4.07,861.63
17.4888,10.34,849.42
17.4988,31.02,832.26
17.5088,103.62,817.52
17.5188,236.06,795.85
17.5288,309.1,770.33
17.5388,374.66,727.98
17.5488,442.75,676.61
17.5588,498.19,603.02
17.5688,551.98,520.96
17.5788,669.79,431.31
17.5888,734.58,311.96
17.5988,788.15,211.53
17.6088,837.43,165.99
17.6188,874.72,126.5
17.6288,906.18,89.54
17.6388,930.93,38.39
17.6488,951.06,17.93
17.6588,966.79,4.95
17.6688,969.54,0.0
17.6788,967.89,0.0
17.6888,957.88,0.0
17.6988,943.8,0.0
17.7088,923.01,0.0
17.7188,898.26,0.0
17.7288,873.51,0.0
17.7388,845.13,0.0
17.7488,821.04,0.0
17.7588,799.26,0.0
17.7688,784.19,0.0
17.7788,767.36,0.0
17.7888,753.5,0.0
17.7988,744.04,0.0
17.8088,729.63,0.0
17.8188,721.6,0.0
17.8288,714.12,0.0
17.8388,706.53,0.0
17.8488,700.92,0.0
17.8587,703.34,0.0
17.8687,705.43,0.0
17.8787,711.7,0.0
17.8887,724.68,0.0
17.8987,731.61,0.0
17.9087,738.65,0.0
17.9187,745.58,0.0
17.9287,752.07,0.0
17.9387,752.62,0.0
17.9487,758.67,0.0
17.9587,758.34,0.0
17.9687,762.08,0.0
17.9787,767.69,0.0
17.9887,768.9,0.0
17.9987,770.77,0.0
18.0087,765.82,0.0
18.0187,762.52,18.26
18.0287,755.04,52.58
18.0387,738.76,141.68
18.0487,717.75,201.74
18.0587,689.59,259.82
18.0687,667.04,335.61
18.0787,643.5,400.07
18.0887,601.7,454.74
18.0987,535.92,487.08
18.1087,474.54,508.53
18.1187,415.36,535.48
18.1287,312.73,635.36
18.1387,191.07,699.16
18.1487,119.02,736.56
18.1587,85.8,769.89
18.1687,66.11,798.05
18.1787,41.69,825.55
18.1887,19.69,832.81
18.1987,0.0,845.24
18.2087,0.0,846.34
18.2187,0.0,853.93
18.2287,0.0,854.15
18.2387,0.0,857.45
18.2487,0.0,848.1
18.2587,0.0,834.68
18.2687,0.0,822.69
18.2787,0.0,807.84
18.2887,0.0,802.89
18.2987,0.0,793.87
18.3087,0.0,798.82
18.3187,0.0,797.39
18.3287,0.0,797.72
18.3387,0.0,795.41
18.3487,0.0,794.64
18.3587,0.0,791.78
18.3687,0.0,780.45
18.3787,0.0,771.21
18.3887,0.0,772.86
18.3987,0.0,773.52
18.4087,0.0,780.89
18.4187,0.0,792.66
18.4287,0.0,800.25
18.4387,0.0,816.2
18.4487,0.0,822.58
18.4587,0.0,832.26
18.4687,0.0,841.61
18.4787,0.0,853.49
18.4887,0.0,854.59
18.4987,0.0,859.87
18.5087,0.0,856.02
18.5187,4.07,845.79
18.5287,12.32,834.46
18.5387,43.45,822.8
18.5487,134.2,808.39
18.5587,275.77,784.19
18.5687,339.02,750.31
18.5787,418.55,706.53
18.5887,491.15,644.27
18.5987,568.15,566.28
18.6087,685.85,471.24
18.6187,750.53,369.38
18.6287,806.74,261.69
18.6387,849.53,191.29
18.6487,885.5,144.98
18.6587,913.55,97.68
18.6687,941.38,56.98
18.6787,953.15,12.32
18.6887,969.87,3.96
18.6987,975.04,0.0
18.7087,976.03,0.0
18.7187,970.86,0.0
18.7287,960.96,0.0
18.7387,951.17,0.0
18.7487,936.98,0.0
18.7587,918.06,0.0
18.7687,897.27,0.0
18.7787,870.43,0.0
18.7887,847.77,0.0
18.7987,829.84,0.0
18.8087,811.91,0.0
18.8187,795.96,0.0
18.8287,785.73,0.0
18.8387,772.75,0.0
18.8487,766.81,0.0
18.8587,762.85,0.0
18.8687,759.11,0.0
18.8787,758.34,0.0
18.8887,754.27,0.0
18.8987,750.2,0.0
18.9087,754.93,0.0
18.9187,755.37,0.0
18.9287,758.56,0.0
18.9387,761.31,0.0
18.9487,768.46,0.0
18.9587,773.08,0.0
18.9687,777.48,0.0
18.9787,785.62,0.0
18.9887,789.69,0.0
18.9987,795.3,0.0
19.0087,799.26,0.0
19.0187,800.14,0.0
19.0287,801.79,0.0
19.0387,798.27,0.0
19.0487,792.99,0.0
19.0587,785.4,9.13
19.0687,773.3,45.76
19.0787,756.47,130.35
19.0887,732.71,183.04
19.0987,706.42,232.1
19.1087,677.38,309.76
19.1187,647.24,389.62
19.1287,604.78,451.11
19.1387,546.59,489.5
19.1487,472.12,515.24
19.1587,402.38,534.38
19.1687,310.64,579.92
19.1787,207.24,691.35
19.1887,136.84,741.62
19.1987,92.73,785.84
19.2087,57.2,833.69
19.2187,30.91,867.02
19.2287,8.8,891.22
19.2387,0.0,908.82
19.2487,0.0,933.35
19.2587,0.0,941.05
19.2687,0.0,948.64
19.2787,0.0,945.12
19.2886,0.0,941.82
19.2986,0.0,931.37
19.3086,0.0,913.33
19.3186,0.0,886.38
19.3286,0.0,871.42
19.3386,0.0,856.35
19.3486,0.0,843.26
19.3586,0.0,837.1
19.3686,0.0,826.87
19.3786,0.0,815.87
19.3886,0.0,812.13
19.3986,0.0,806.3
19.4086,0.0,803.11
19.4186,0.0,803.66
19.4286,0.0,806.96
19.4386,0.0,808.06
19.4486,0.0,812.24
19.4586,0.0,810.59
19.4686,0.0,813.67
19.4786,0.0,821.59
19.4886,0.0,826.98
19.4986,0.0,835.56
19.5086,0.0,846.45
19.5186,0.0,860.86
19.5286,0.0,869.55
19.5386,0.0,882.97
19.5486,0.0,897.49
19.5586,0.0,896.61
19.5686,0.0,901.56
19.5786,0.0,906.4
19.5886,0.0,906.18
19.5986,4.07,898.81
19.6086,22.77,883.19
19.6186,86.24,865.15
19.6286,182.71,839.85
19.6386,238.81,814.88
19.6486,292.71,782.43
19.6586,351.45,746.46
19.6686,408.54,697.95
19.6786,453.97,636.46
19.6886,499.4,557.48
19.6986,576.07,463.87
19.7086,654.39,360.69
19.7186,704.88,239.58
19.7286,759.99,176.66
19.7386,800.03,135.85
19.7486,826.87,93.94
19.7586,853.6,56.65
19.7686,873.51,22.22
19.7786,893.86,4.95
19.7886,901.45,0.0
19.7986,902.44,0.0
19.8086,904.31,0.0
19.8186,893.42,0.0
19.8286,886.71,0.0
19.8386,875.71,0.0
19.8486,856.24,0.0
19.8586,839.08,0.0
19.8686,823.68,0.0
19.8786,810.48,0.0
19.8886,796.84,0.0
19.8986,784.74,0.0
19.9086,772.64,0.0
19.9186,764.72,0.0
19.9286,752.51,0.0
19.9386,746.79,0.0
19.9486,738.54,0.0
19.9586,730.95,0.0
19.9686,727.43,0.0
19.9786,725.45,0.0
19.9886,722.37,0.0
19.9986,728.53,0.0
20.0086,730.29,0.0
20.0186,734.03,0.0
20.0286,736.12,0.0
20.0386,740.63,0.0
20.0486,748.99,0.0
20.0586,751.08,0.0
20.0686,757.35,0.0
20.0786,752.73,0.0
20.0886,758.67,0.0
20.0986,753.83,0.0
20.1086,753.17,0.0
20.1186,752.84,0.0
20.1286,754.16,0.0
20.1386,755.48,0.0
20.1486,746.46,15.95
20.1586,745.25,34.32
20.1686,735.24,88.22
20.1786,720.83,159.94
20.1886,702.13,213.51
20.1986,674.52,277.42
20.2086,646.58,335.5
20.2186,621.06,379.39
20.2286,578.6,417.01
20.2386,520.85,438.57
20.2486,452.21,462.22
20.2586,396.22,498.63
20.2686,301.29,598.95
20.2786,179.96,650.98
20.2886,105.71,693.44
20.2986,74.69,729.74
20.3086,59.4,764.06
20.3186,34.87,794.31
20.3286,15.07,811.36
20.3386,0.0,828.41
20.3486,0.0,843.04
20.3586,0.0,850.41
20.3686,0.0,855.8
20.3786,0.0,860.97
20.3886,0.0,851.73
20.3986,0.0,837.98
20.4086,0.0,825.0
20.4186,0.0,814.11
20.4286,0.0,811.25
20.4386,0.0,807.73
20.4486,0.0,809.6
20.4586,0.0,811.47
20.4686,0.0,818.73
20.4786,0.0,823.57
20.4886,0.0,826.21
20.4986,0.0,829.07
20.5086,0.0,830.06
20.5186,0.0,823.24
20.5286,0.0,818.51
20.5386,0.0,814.44
20.5486,0.0,812.35
20.5586,0.0,811.25
20.5686,0.0,819.06
20.5786,0.0,824.01
20.5886,0.0,832.81
20.5986,0.0,838.2
20.6086,0.0,849.31
20.6186,0.0,850.96
20.6286,0.0,860.86
20.6386,0.0,865.7
20.6486,0.0,868.56
20.6586,0.0,868.56
20.6686,0.0,861.74
20.6786,4.07,855.03
20.6886,14.41,839.19
20.6986,51.7,819.83
20.7086,180.62,803.44
20.7185,268.84,777.48
20.7285,330.33,746.68
20.7385,408.87,708.73
20.7485,467.06,659.12
20.7585,540.32,598.07
20.7685,613.36,520.96
20.7785,663.96,425.26
20.7885,703.01,316.36
20.7985,743.93,213.62
20.8085,772.86,164.45
20.8185,797.17,117.59
20.8285,823.79,81.07
20.8385,848.21,46.64
20.8485,863.94,17.27
20.8585,879.56,0.0
20.8685,888.8,0.0
20.8785,895.4,0.0
20.8885,895.51,0.0
20.8985,894.3,0.0
20.9085,888.36,0.0
20.9185,878.24,0.0
20.9285,868.34,0.0
20.9385,854.04,0.0
20.9485,840.07,0.0
20.9585,825.88,0.0
20.9685,816.09,0.0
20.9785,810.37,0.0
20.9885,800.58,0.0
20.9985,792.77,0.0
21.0085,788.92,0.0
21.0185,785.84,0.0
21.0285,786.72,0.0
21.0385,785.51,0.0
21.0485,788.37,0.0
21.0585,788.92,0.0
21.0685,791.56,0.0
21.0785,791.89,0.0
21.0885,799.26,0.0
21.0985,800.03,0.0
21.1085,797.5,0.0
21.1185,802.45,0.0
21.1285,796.51,0.0
21.1385,791.12,0.0
21.1485,787.6,6.82
21.1585,785.18,4.51
21.1685,784.52,4.51
21.1785,781.0,4.51
21.1885,783.09,4.51
21.1985,781.33,9.13
21.2085,778.58,15.95
21.2185,786.28,22.88
21.2285,783.31,38.83
21.2385,771.21,107.25
21.2485,757.13,180.73
21.2585,736.89,252.56
21.2685,709.06,310.2
21.2785,680.57,358.71
21.2885,654.17,392.7
21.2985,614.79,413.6
21.3085,568.15,437.8
21.3185,525.58,543.4
21.3285,444.73,595.1
21.3385,369.93,645.04
21.3485,297.77,694.76
21.3585,214.06,737.0
21.3685,139.15,778.8
21.3785,90.75,821.26
21.3885,61.71,854.26
21.3985,30.8,877.58
21.4085,8.8,901.12
21.4185,0.0,926.97
21.4285,0.0,944.46
21.4385,0.0,955.02
21.4485,0.0,958.43
21.4585,0.0,962.61
21.4685,0.0,950.62
21.4785,0.0,942.81
21.4885,0.0,930.49
21.4985,0.0,918.72
21.5085,0.0,904.75
21.5185,0.0,885.83
21.5285,0.0,877.47
21.5385,0.0,863.39
21.5485,0.0,851.73
21.5585,0.0,849.31
21.5685,0.0,849.2
21.5785,0.0,844.03
21.5885,0.0,844.03
21.5985,0.0,846.12
21.6085,0.0,846.12
21.6185,0.0,849.75
21.6285,0.0,851.62
21.6385,0.0,848.87
21.6485,0.0,841.5
21.6585,0.0,845.35
21.6685,0.0,841.72
21.6785,0.0,845.13
21.6885,0.0,846.01
21.6985,0.0,842.71
21.7085,0.0,843.92
21.7185,0.0,849.53
21.7285,0.0,852.94
21.7385,4.07,851.62
21.7485,6.16,847.0
21.7585,12.32,840.4
21.7685,24.75,826.43
21.7785,61.71,807.73
21.7885,148.28,790.79
21.7985,246.4,769.12
21.8085,327.8,742.39
21.8185,389.62,708.95
21.8285,436.59,666.49
21.8385,498.52,610.17
21.8485,583.33,543.51
21.8585,631.18,464.53
21.8685,676.83,383.13
21.8785,719.95,276.21
21.8885,767.8,189.31
21.8985,807.07,134.31
21.9085,839.74,116.16
21.9185,872.52,89.87
21.9285,900.13,54.45
21.9385,918.83,27.28
21.9485,944.24,12.43
21.9585,954.58,0.0
21.9685,960.08,0.0
21.9785,959.75,0.0
21.9885,948.2,0.0
21.9985,933.57,0.0
22.0085,915.2,0.0
22.0185,886.05,0.0
22.0285,861.19,0.0
22.0385,831.93,0.0
22.0485,808.72,0.0
22.0585,788.7,0.0
22.0685,769.01,0.0
22.0785,757.24,0.0
22.0885,745.58,0.0
22.0985,740.19,0.0
22.1085,732.93,0.0
22.1185,723.69,0.0
22.1285,722.59,0.0
22.1385,719.18,0.0
22.1484,717.86,0.0
22.1584,716.98,0.0
22.1684,715.66,0.0
22.1784,714.45,0.0
22.1884,717.2,0.0
22.1984,719.62,0.0
22.2084,716.65,0.0
22.2184,721.27,0.0
22.2284,720.17,0.0
22.2384,725.12,0.0
22.2484,732.49,0.0
22.2584,737.33,0.0
22.2684,742.28,0.0
22.2784,749.65,0.0
22.2884,755.37,0.0
22.2984,758.34,0.0
22.3084,767.91,0.0
22.3184,768.68,0.0
22.3284,776.27,0.0
22.3384,777.26,0.0
22.3484,777.92,4.51
22.3584,772.42,22.88
22.3684,764.39,57.2
22.3784,756.47,132.66
22.3884,737.55,192.39
22.3984,716.21,284.68
22.4084,687.5,361.79
22.4184,666.6,418.44
22.4284,631.84,454.19
22.4384,583.44,464.97
22.4484,519.75,490.16
22.4584,463.76,547.8
22.4684,401.39,605.33
22.4784,308.66,652.63
22.4884,195.47,683.87
22.4984,119.13,720.61
22.5084,90.2,757.57
22.5184,70.51,788.37
22.5284,48.29,816.2
22.5384,28.27,843.48
22.5484,4.18,865.81
22.5584,0.0,887.92
22.5684,0.0,907.61
22.5784,0.0,913.44
22.5884,0.0,926.2
22.5984,0.0,918.06
22.6084,0.0,921.91
22.6184,0.0,916.19
22.6284,0.0,910.69
22.6384,0.0,899.58
22.6484,0.0,891.55
22.6584,0.0,887.37
22.6684,0.0,873.95
22.6784,0.0,869.77
22.6884,0.0,866.47
22.6984,0.0,860.42
22.7084,0.0,862.07
22.7184,0.0,856.9
22.7284,0.0,858.33
22.7384,0.0,855.14
22.7484,0.0,859.76
22.7584,0.0,856.9
22.7684,0.0,861.3
22.7784,0.0,865.59
22.7884,0.0,869.22
22.7984,0.0,880.0
22.8084,0.0,880.0
22.8184,0.0,889.13
22.8284,0.0,893.31
22.8384,0.0,899.03
22.8484,0.0,900.57
22.8584,10.34,901.78
22.8684,12.32,903.32
22.8784,14.41,908.6
22.8884,14.41,902.0
22.8984,20.68,900.24
22.9084,24.75,891.0
22.9184,31.02,882.09
22.9284,47.52,868.45
22.9384,75.35,861.63
22.9484,124.3,847.11
22.9584,184.47,835.34
22.9684,224.62,818.73
22.9784,256.41,802.34
22.9884,284.13,783.42
22.9984,308.0,764.94
23.0084,328.35,745.8
23.0184,345.73,716.1
23.0284,364.87,694.1
23.0384,387.75,665.61
23.0484,408.43,636.57
23.0584,427.35,610.39
23.0684,452.32,581.57
23.0784,471.24,550.55
23.0884,485.76,519.2
23.0984,500.39,487.96
23.1084,517.44,453.75
23.1184,538.78,422.29
23.1284,556.27,386.43
23.1384,576.18,359.7
23.1484,587.4,325.71
23.1584,605.22,301.18
23.1684,612.37,279.18
23.1784,622.05,257.07
23.1884,627.44,237.27
23.1984,637.67,222.53
23.2084,650.54,205.37
23.2184,659.56,196.24
23.2284,674.96,182.6
23.2384,681.23,171.05
23.2484,691.79,166.54
23.2584,691.57,161.92
23.2684,689.7,157.41
23.2784,695.97,152.35
23.2884,693.55,149.82
23.2984,692.67,147.29
23.3084,691.35,147.29
23.3184,698.39,144.32
23.3284,700.37,141.46
23.3384,706.64,140.47
23.3484,711.7,137.61
23.3584,716.54,134.64
23.3684,723.47,131.78
23.3784,723.47,133.87
23.3884,724.9,133.87
23.3984,733.04,138.71
23.4084,729.74,140.69
23.4184,735.24,143.66
23.4284,729.85,145.75
23.4384,732.6,148.61
23.4484,733.48,148.61
23.4584,731.61,153.56
23.4684,731.94,159.39
23.4784,736.56,161.92
23.4884,730.84,161.92
23.4984,733.59,159.94
23.5084,733.81,160.38
23.5184,731.94,160.38
23.5284,736.56,158.4
23.5384,736.78,161.37
23.5484,737.0,161.81
23.5584,737.33,157.3
23.5684,735.46,157.85
23.5783,735.46,158.29
23.5883,735.57,158.29
23.5983,735.9,156.31
23.6083,736.01,154.33
23.6183,736.23,151.36
23.6283,736.34,151.36
23.6383,734.25,151.03
23.6483,734.47,150.59
23.6583,732.27,145.64
23.6683,732.38,150.26
23.6783,730.4,150.26
23.6883,730.51,149.82
23.6983,728.42,151.8
23.7083,730.73,155.1
23.7183,728.64,157.63
23.7283,728.86,161.7
23.7383,724.46,163.68
23.7483,726.66,165.77
23.7583,718.08,172.26
23.7683,715.99,174.24
23.7783,713.68,180.51
23.7883,709.28,184.58
23.7983,707.19,194.04
23.8083,704.88,200.53
23.8183,700.37,212.96
23.8283,698.06,219.45
23.8383,691.57,235.62
23.8483,682.55,245.08
23.8583,678.15,258.39
23.8683,669.02,279.95
23.8783,662.2,297.77
23.8883,650.43,323.18
23.8983,643.39,347.27
23.9083,629.75,371.8
23.9183,620.4,396.44
23.9283,606.32,417.89
23.9383,590.26,440.66
23.9483,569.58,459.25
23.9583,553.63,480.15
23.9683,532.84,500.83
23.9783,502.92,524.81
23.9883,475.31,548.9
23.9983,439.34,567.6
24.0083,407.66,590.92
24.0183,375.87,611.82
24.0283,339.68,633.05
24.0383,312.62,663.41
24.0483,280.61,694.1
24.0583,243.43,722.59
24.0683,195.47,749.87
24.0783,144.1,781.22
24.0883,104.5,810.59
24.0983,84.37,835.12
24.1083,64.35,862.51
24.1183,51.04,882.2
24.1283,35.31,904.53
24.1383,19.91,922.46
24.1483,0.0,930.49
24.1583,0.0,946.11
24.1683,0.0,951.83
24.1783,0.0,958.1
24.1883,0.0,966.68
24.1983,0.0,968.55
24.2083,0.0,970.09
24.2183,0.0,968.88
24.2283,0.0,965.8
24.2383,0.0,954.69
24.2483,0.0,955.02
24.2583,0.0,953.04
24.2683,0.0,941.82
24.2783,0.0,937.09
24.2883,0.0,929.94
24.2983,0.0,922.68
24.3083,0.0,917.4
24.3183,0.0,916.74
24.3283,0.0,904.64
24.3383,0.0,901.67
24.3483,0.0,894.08
24.3583,0.0,885.39
24.3683,0.0,876.15
24.3783,0.0,868.78
24.3883,0.0,866.36
24.3983,0.0,856.79
24.4083,0.0,852.06
24.4183,0.0,844.91
24.4283,0.0,842.49
24.4383,0.0,837.76
24.4483,0.0,835.56
24.4583,0.0,828.41
24.4683,0.0,823.9
24.4783,0.0,821.59
24.4883,0.0,819.39
24.4983,0.0,824.23
24.5083,0.0,822.25
24.5183,18.59,824.56
24.5283,20.68,824.67
24.5383,30.58,826.98
24.5483,38.5,824.67
24.5583,52.36,820.38
24.5683,72.16,822.69
24.5783,98.01,816.2
24.5883,137.06,814.22
24.5983,192.61,802.78
24.6083,228.36,784.41
24.6183,260.15,763.51
24.6283,308.99,733.37
24.6383,398.31,699.82
24.6483,475.42,651.42
24.6583,543.95,604.56
24.6683,612.04,547.58
24.6783,672.54,481.03
24.6883,723.8,387.86
24.6983,775.28,284.24
24.7083,819.5,219.78
24.7183,860.75,190.85
24.7283,889.79,167.42
24.7383,918.5,139.15
24.7483,942.92,95.92
24.7583,960.96,45.54
24.7683,976.69,29.81
24.7783,990.55,14.41
24.7883,995.72,9.46
24.7983,991.98,0.0
24.8083,997.15,0.0
24.8183,987.69,0.0
24.8283,973.39,0.0
24.8383,954.58,0.0
24.8483,926.75,0.0
24.8583,905.85,0.0
24.8683,880.44,0.0
24.8783,858.55,0.0
24.8883,835.56,0.0
24.8983,815.21,0.0
24.9083,794.97,0.0
24.9183,773.08,0.0
24.9283,758.34,0.0
24.9383,744.15,0.0
24.9483,727.65,0.0
24.9583,719.84,0.0
24.9683,714.01,0.0
24.9783,711.7,0.0
24.9883,711.37,0.0
24.9983,715.11,0.0
25.0082,718.3,0.0
25.0182,724.46,0.0
25.0282,723.25,0.0
25.0382,729.19,0.0
25.0482,734.14,0.0
25.0582,741.73,0.0
25.0682,742.28,0.0
25.0782,743.05,0.0
25.0882,745.8,0.0
25.0982,744.26,0.0
25.1082,740.63,11.44
25.1182,734.69,25.08
25.1282,726.33,57.2
25.1382,717.42,155.32
25.1482,704.0,269.06
25.1582,685.85,355.63
25.1682,665.28,432.3
25.1782,637.56,481.47
25.1882,605.0,511.5
25.1982,568.15,521.4
25.2082,502.7,576.29
25.2182,428.45,652.19
25.2282,357.17,696.63
25.2382,293.59,746.46
25.2482,206.58,781.99
25.2582,119.9,814.55
25.2682,79.64,844.36
25.2782,50.71,861.85
25.2882,33.0,887.37
25.2982,13.31,902.66
25.3082,4.29,916.08
25.3182,0.0,922.46
25.3282,0.0,922.02
25.3382,0.0,929.06
25.3482,0.0,924.88
25.3582,0.0,915.64
25.3682,0.0,908.6
25.3782,0.0,892.87
25.3882,0.0,881.98
25.3982,0.0,870.54
25.4082,0.0,864.49
25.4182,0.0,856.46
25.4282,0.0,854.04
25.4382,0.0,853.6
25.4482,0.0,853.49
25.4582,0.0,856.9
25.4682,0.0,849.86
25.4782,0.0,854.81
25.4882,0.0,850.63
25.4982,0.0,852.83
25.5082,0.0,850.52
25.5182,0.0,843.59
25.5282,0.0,847.22
25.5382,0.0,843.81
25.5482,0.0,846.78
25.5582,0.0,848.54
25.5682,0.0,857.67
25.5782,0.0,858.88
25.5882,0.0,868.89
25.5982,0.0,876.15
25.6082,0.0,882.64
25.6182,0.0,888.8
25.6282,0.0,885.5
25.6382,0.0,888.91
25.6482,0.0,886.93
25.6582,0.0,883.41
25.6682,6.16,876.37
25.6782,16.5,855.25
25.6882,55.88,839.19
25.6982,162.36,820.16
25.7082,242.55,796.18
25.7182,294.47,767.91
25.7282,361.02,735.02
25.7382,422.95,682.0
25.7482,509.3,630.08
25.7582,607.31,563.75
25.7682,658.79,497.64
25.7782,705.65,409.64
25.7882,750.86,300.96
25.7982,797.94,204.49
25.8082,829.18,165.0
25.8182,865.15,135.85
25.8282,895.95,97.68
25.8382,913.77,54.67
25.8482,934.23,24.97
25.8582,950.07,15.4
25.8682,959.86,0.0
25.8782,971.85,0.0
25.8882,969.21,0.0
25.8982,966.79,0.0
25.9082,958.43,0.0
25.9182,945.01,0.0
25.9282,923.01,0.0
25.9382,901.12,0.0
25.9482,874.39,0.0
25.9582,855.69,0.0
25.9682,839.19,0.0
25.9782,829.62,0.0
25.9882,815.76,0.0
25.9982,803.99,0.0
26.0082,796.51,0.0
26.0182,789.47,0.0
26.0282,777.7,0.0
26.0382,770.99,0.0
26.0482,768.57,0.0
26.0582,761.75,0.0
26.0682,754.82,0.0
26.0782,743.71,0.0
26.0882,743.6,0.0
26.0982,740.96,0.0
26.1082,739.86,0.0
26.1182,739.31,0.0
26.1282,746.46,0.0
26.1382,742.94,0.0
26.1482,743.82,0.0
26.1582,745.36,0.0
26.1682,748.77,0.0
26.1782,758.34,0.0
26.1882,761.42,0.0
26.1982,766.26,0.0
26.2082,764.94,4.51
26.2182,759.33,11.44
26.2282,758.23,29.7
26.2382,748.22,50.27
26.2482,736.34,102.52
26.2582,719.62,214.94
26.2682,700.48,317.46
26.2782,675.95,381.04
26.2882,648.34,425.59
26.2982,613.58,463.65
26.3082,557.48,553.41
26.3182,495.77,603.46
26.3282,438.24,629.42
26.3382,368.72,665.17
26.3482,250.47,702.24
26.3582,156.86,737.99
26.3682,99.66,757.02
26.3782,75.13,781.44
26.3882,50.82,800.25
26.3982,26.4,816.75
26.4082,13.31,828.63
26.4182,0.0,838.09
26.4282,0.0,842.93
26.4381,0.0,852.5
26.4481,0.0,854.59
26.4581,0.0,847.55
26.4681,0.0,841.06
26.4781,0.0,829.51
26.4881,0.0,820.93
26.4981,0.0,809.82
26.5081,0.0,813.23
26.5181,0.0,801.24
26.5281,0.0,800.36
26.5381,0.0,803.33
26.5481,0.0,803.22
26.5581,0.0,798.82
26.5681,0.0,792.44
26.5781,0.0,789.47
26.5881,0.0,778.03
26.5981,0.0,771.43
26.6081,0.0,768.24
26.6181,0.0,762.96
26.6281,0.0,766.48
26.6381,0.0,777.59
26.6481,0.0,783.86
26.6581,0.0,800.14
26.6681,0.0,811.58
26.6781,24.75,814.88
26.6881,20.68,820.6
26.6981,24.75,830.28
26.7081,26.84,833.36
26.7181,35.09,833.47
26.7281,49.61,822.58
26.7381,93.72,813.56
26.7481,173.58,799.81
26.7581,258.28,778.58
26.7681,359.37,753.5
26.7781,438.02,715.11
26.7881,544.28,668.47
26.7981,649.55,612.48
26.8081,696.19,538.34
26.8181,741.07,445.83
26.8281,781.44,349.69
26.8381,815.65,250.14
26.8481,843.04,181.17
26.8581,863.5,133.32
26.8681,881.65,93.06
26.8781,897.82,54.12
26.8881,909.37,19.36
26.8981,918.94,3.96
26.9081,928.51,0.0
26.9181,929.39,0.0
26.9281,925.98,0.0
26.9381,916.19,0.0
26.9481,906.51,0.0
26.9581,890.56,0.0
26.9681,870.1,0.0
26.9781,847.44,0.0
26.9881,823.02,0.0
26.9981,793.54,0.0
27.0081,774.73,0.0
27.0181,749.32,0.0
27.0281,735.13,0.0
27.0381,720.5,0.0
27.0481,709.94,0.0
27.0581,702.02,0.0
27.0681,698.17,0.0
27.0781,698.83,0.0
27.0881,699.49,0.0
27.0981,698.5,0.0
27.1081,700.04,0.0
27.1181,703.89,0.0
27.1281,707.74,0.0
27.1381,720.06,0.0
27.1481,726.22,0.0
27.1581,730.62,0.0
27.1681,741.51,0.0
27.1781,750.2,0.0
27.1881,750.31,0.0
27.1981,758.56,0.0
27.2081,758.23,0.0
27.2181,766.81,0.0
27.2281,768.79,0.0
27.2381,774.73,0.0
27.2481,772.31,0.0
27.2581,773.63,15.95
27.2681,766.04,34.32
27.2781,749.76,88.22
27.2881,731.17,201.74
27.2981,701.47,286.88
27.3081,671.77,381.59
27.3181,646.47,450.78
27.3281,599.61,492.69
27.3381,539.33,503.14
27.3481,472.45,573.98
27.3581,415.36,651.97
27.3681,317.13,693.55
27.3781,195.47,739.75
27.3881,116.82,782.21
27.3981,81.29,823.24
27.4081,59.29,859.65
27.4181,30.47,885.94
27.4281,10.89,907.83
27.4381,0.0,929.83
27.4481,0.0,956.56
27.4581,0.0,969.98
27.4681,0.0,979.33
27.4781,0.0,991.21
27.4881,0.0,993.96
27.4981,0.0,979.88
27.5081,0.0,961.29
27.5181,0.0,937.42
27.5281,0.0,910.91
27.5381,0.0,893.97
27.5481,0.0,874.06
27.5581,0.0,857.01
27.5681,0.0,842.05
27.5781,0.0,826.98
27.5881,0.0,821.81
27.5981,0.0,812.57
27.6081,0.0,805.53
27.6181,0.0,805.75
27.6281,0.0,803.11
27.6381,0.0,803.66
27.6481,0.0,809.16
27.6581,0.0,809.16
27.6681,0.0,813.89
27.6781,0.0,824.78
27.6881,0.0,833.36
27.6981,0.0,836.77
27.7081,0.0,840.29
27.7181,0.0,852.39
27.7281,0.0,862.29
27.7381,0.0,867.35
27.7481,0.0,874.06
27.7581,0.0,871.64
27.7681,0.0,865.37
27.7781,0.0,863.06
27.7881,0.0,849.42
27.7981,0.0,833.25
27.8081,18.59,824.45
27.8181,84.04,808.28
27.8281,207.46,789.69
27.8381,291.06,755.59
27.8481,367.07,713.02
27.858,453.64,660.33
27.868,534.6,595.21
27.878,682.88,513.48
27.888,780.67,423.72
27.898,825.0,304.48
27.908,850.3,208.23
27.918,883.85,166.98
27.928,901.78,130.46
27.938,919.38,88.99
27.948,930.6,43.34
27.958,941.71,24.75
27.968,946.11,8.91
27.978,950.95,0.0
27.988,945.23,0.0
27.998,939.4,0.0
28.008,921.14,0.0
28.018,907.39,0.0
28.028,886.93,0.0
28.038,865.04,0.0
28.048,840.95,0.0
28.058,821.15,0.0
28.068,799.48,0.0
28.078,784.85,0.0
28.088,770.11,0.0
28.098,762.08,0.0
28.108,756.47,0.0
28.118,751.3,0.0
28.128,747.56,0.0
28.138,741.07,0.0
28.148,744.15,0.0
28.158,739.42,0.0
28.168,739.53,0.0
28.178,740.19,0.0
28.188,738.43,0.0
28.198,739.09,0.0
28.208,744.48,0.0
28.218,742.5,0.0
28.228,742.94,0.0
28.238,749.32,0.0
28.248,758.01,0.0
28.258,761.53,0.0
28.268,773.96,0.0
28.278,779.79,0.0
28.288,787.38,0.0
28.298,786.83,0.0
28.308,783.64,0.0
28.318,780.45,0.0
28.328,770.55,20.57
28.338,760.43,66.66
28.348,741.29,171.38
28.358,721.49,239.03
28.368,699.27,317.02
28.378,678.59,390.72
28.388,638.11,452.43
28.398,580.36,489.28
28.408,511.06,510.84
28.418,429.22,642.18
28.428,350.02,717.31
28.438,247.61,761.42
28.448,160.82,809.71
28.458,110.55,858.55
28.468,70.73,899.91
28.478,46.09,925.54
28.488,19.69,947.65
28.498,0.0,967.34
28.508,0.0,982.52
28.518,0.0,988.02
28.528,0.0,991.1
28.538,0.0,989.34
28.548,0.0,981.64
28.558,0.0,963.93
28.568,0.0,946.11
28.578,0.0,928.51
28.588,0.0,904.64
28.598,0.0,875.05
28.608,0.0,857.56
28.618,0.0,835.23
28.628,0.0,819.94
28.638,0.0,809.93
28.648,0.0,805.09
28.658,0.0,795.85
28.668,0.0,794.09
28.678,0.0,789.69
28.688,0.0,795.85
28.698,0.0,798.6
28.708,0.0,806.74
28.718,0.0,814.44
28.728,0.0,836.11
28.738,0.0,844.47
28.748,0.0,854.48
28.758,0.0,866.36
28.768,0.0,873.62
28.778,0.0,882.31
28.788,0.0,886.71
28.798,0.0,888.36
28.808,0.0,894.3
28.818,0.0,896.94
28.828,0.0,887.92
28.838,0.0,880.33
28.848,4.07,860.86
28.858,18.59,841.83
28.868,73.15,817.74
28.878,216.15,793.54
28.888,300.96,763.29
28.898,380.27,721.05
28.908,467.72,664.51
28.918,533.72,590.92
28.928,637.45,509.3
28.938,733.81,417.01
28.948,775.06,294.36
28.958,818.07,196.35
28.968,858.11,164.23
28.978,889.24,128.15
28.988,916.63,83.82
28.998,936.54,37.4
29.008,954.58,17.93
29.018,959.64,4.95
29.028,969.21,4.95
29.038,969.98,0.0
29.048,957.77,0.0
29.058,945.67,0.0
29.068,931.48,0.0
29.078,915.42,0.0
29.088,888.58,0.0
29.098,865.81,0.0
29.108,847.66,0.0
29.118,822.8,0.0
29.128,806.96,0.0
29.138,797.5,0.0
29.148,783.64,0.0
29.158,780.12,0.0
29.168,778.8,0.0
29.178,774.73,0.0
29.188,779.57,0.0
29.198,778.25,0.0
29.208,776.82,0.0
29.218,779.46,0.0
29.228,775.94,0.0
29.238,770.55,0.0
29.248,771.21,0.0
29.258,768.13,0.0
29.268,766.92,0.0
29.278,768.24,0.0
29.2879,766.26,0.0
29.2979,768.46,0.0
29.3079,765.71,0.0
29.3179,765.6,0.0
29.3279,767.36,0.0
29.3379,770.44,0.0
29.3479,768.13,0.0
29.3579,769.67,0.0
29.3679,762.19,13.64
29.3779,759.0,36.52
29.3879,747.01,114.51
29.3979,730.29,192.39
29.4079,710.93,248.27
29.4179,686.29,337.26
29.4279,659.12,412.94
29.4379,628.21,469.15
29.4479,583.33,494.89
29.4579,516.23,507.1
29.4679,439.12,586.96
29.4779,373.12,690.36
29.4879,270.49,735.68
29.4979,175.89,777.92
29.5079,112.64,820.27
29.5179,81.62,860.97
29.5279,50.49,897.6
29.5379,22.0,914.43
29.5479,4.51,936.65
29.5579,0.0,953.59
29.5679,0.0,965.8
29.5779,0.0,975.92
29.5879,0.0,978.01
29.5979,0.0,965.14
29.6079,0.0,956.45
29.6179,0.0,932.58
29.6279,0.0,904.86
29.6379,0.0,876.92
29.6479,0.0,850.19
29.6579,0.0,825.77
29.6679,0.0,807.84
29.6779,0.0,795.96
29.6879,0.0,782.32
29.6979,0.0,778.14
29.7079,0.0,768.68
29.7179,0.0,762.41
29.7279,0.0,762.85
29.7379,0.0,760.43
29.7479,0.0,766.59
29.7579,0.0,774.95
29.7679,0.0,784.74
29.7779,0.0,796.62
29.7879,0.0,809.05
29.7979,0.0,821.7
29.8079,0.0,820.82
29.8179,0.0,830.72
29.8279,8.25,840.29
29.8379,8.25,847.66
29.8479,8.25,850.08
29.8579,10.34,843.26
29.8679,18.59,833.14
29.8779,33.11,821.59
29.8879,79.64,804.54
29.8979,189.64,785.07
29.9079,302.72,761.2
29.9179,398.42,728.53
29.9279,474.76,682.0
29.9379,549.23,621.94
29.9479,669.13,537.9
29.9579,743.16,441.1
29.9679,797.94,335.83
29.9779,843.48,242.55
29.9879,880.22,181.72
29.9979,917.18,146.52
30.0079,947.54,94.82
30.0179,975.26,51.15
30.0279,994.29,17.27
30.0379,1010.68,8.91
30.0479,1020.8,0.0
30.0579,1015.74,0.0
30.0679,1008.04,0.0
30.0779,987.69,0.0
30.0879,972.29,0.0
30.0979,938.41,0.0
30.1079,910.47,0.0
30.1179,874.83,0.0
30.1279,830.28,0.0
30.1379,780.78,0.0
30.1479,744.59,0.0
30.1579,714.78,0.0
30.1679,688.71,0.0
30.1779,672.98,0.0
30.1879,659.56,0.0
30.1979,652.74,0.0
30.2079,652.3,0.0
30.2179,651.75,0.0
30.2279,657.58,0.0
30.2379,663.85,0.0
30.2479,678.04,0.0
30.2579,688.05,0.0
30.2679,694.21,0.0
30.2779,710.71,0.0
30.2879,720.72,0.0
30.2979,728.42,0.0
30.3079,740.63,0.0
30.3179,756.8,0.0
30.3279,772.97,0.0
30.3379,776.6,0.0
30.3479,786.28,0.0
30.3579,791.56,0.0
30.3679,796.84,0.0
30.3779,799.92,0.0
30.3879,798.93,0.0
30.3979,793.32,11.44
30.4079,785.84,41.14
30.4179,773.52,128.04
30.4279,754.27,185.46
30.4379,729.85,245.96
30.4479,702.57,335.17
30.4579,677.27,408.87
30.4679,632.94,463.54
30.4779,576.84,493.9
30.4879,513.7,506.33
30.4979,446.71,528.44
30.5079,373.67,655.27
30.5179,261.25,714.89
30.5279,171.49,764.39
30.5379,117.26,807.51
30.5479,81.51,855.47
30.5579,52.69,890.89
30.5679,22.0,917.4
30.5779,4.51,941.82
30.5879,4.51,960.85
30.5979,0.0,973.94
30.6079,0.0,977.24
30.6179,0.0,980.98
30.6279,0.0,977.68
30.6379,0.0,960.3
30.6479,0.0,945.01
30.6579,0.0,918.61
30.6679,0.0,893.75
30.6779,0.0,865.26
30.6879,0.0,845.24
30.6979,0.0,831.93
30.7079,0.0,817.19
30.7178,0.0,800.69
30.7278,0.0,789.25
30.7378,0.0,785.62
30.7478,0.0,780.89
30.7578,0.0,781.66
30.7678,0.0,775.61
30.7778,0.0,781.55
30.7878,0.0,784.52
30.7978,0.0,785.95
30.8078,0.0,798.16
30.8178,0.0,807.51
30.8278,0.0,820.71
30.8378,0.0,826.32
30.8478,0.0,833.69
30.8578,0.0,841.06
30.8678,0.0,850.41
30.8778,0.0,855.36
30.8878,0.0,865.48
30.8978,0.0,868.67
30.9078,0.0,860.64
30.9178,0.0,849.2
30.9278,10.34,842.6
30.9378,47.52,828.08
30.9478,163.68,813.12
30.9578,267.08,791.01
30.9678,333.85,753.83
30.9778,420.97,710.49
30.9878,493.46,647.57
30.9978,576.29,561.44
31.0078,707.74,464.86
31.0178,786.28,352.99
31.0278,846.89,237.82
31.0378,892.87,181.72
31.0478,932.14,139.59
31.0578,958.21,91.85
31.0678,983.62,43.78
31.0778,996.05,17.27
31.0878,997.37,3.96
31.0978,996.27,0.0
31.1078,984.39,0.0
31.1178,966.46,0.0
31.1278,946.88,0.0
31.1378,923.01,0.0
31.1478,892.65,0.0
31.1578,864.49,0.0
31.1678,826.32,0.0
31.1778,787.93,0.0
31.1878,754.6,0.0
31.1978,718.74,0.0
31.2078,697.29,0.0
31.2178,677.82,0.0
31.2278,667.59,0.0
31.2378,660.33,0.0
31.2478,657.25,0.0
31.2578,656.15,0.0
31.2678,657.8,0.0
31.2778,661.43,0.0
31.2878,663.41,0.0
31.2978,671.88,0.0
31.3078,679.69,0.0
31.3178,687.39,0.0
31.3278,691.79,0.0
31.3378,703.78,0.0
31.3478,713.68,0.0
31.3578,726.11,0.0
31.3678,736.01,0.0
31.3778,746.68,0.0
31.3878,759.44,0.0
31.3978,771.76,0.0
31.4078,786.06,0.0
31.4178,790.24,0.0
31.4278,797.83,0.0
31.4378,801.24,9.13
31.4478,797.94,27.39
31.4578,792.44,73.81
31.4678,780.45,169.07
31.4778,759.66,225.17
31.4878,731.94,300.85
31.4978,700.7,364.76
31.5078,666.6,419.32
31.5178,631.62,454.3
31.5278,566.06,471.57
31.5378,493.02,488.29
31.5478,426.03,577.61
31.5578,349.58,660.88
31.5678,240.79,703.67
31.5778,149.6,749.32
31.5878,103.62,796.73
31.5978,72.6,836.22
31.6078,46.2,871.75
31.6178,23.87,903.54
31.6278,4.18,930.49
31.6378,0.0,950.95
31.6478,0.0,966.13
31.6578,0.0,977.46
31.6678,0.0,978.56
31.6778,0.0,971.08
31.6878,0.0,959.97
31.6978,0.0,944.9
31.7078,0.0,927.08
31.7178,0.0,906.73
31.7278,0.0,896.17
31.7378,0.0,880.88
31.7478,0.0,870.32
31.7578,0.0,859.54
31.7678,0.0,859.32
31.7778,0.0,852.17
31.7878,0.0,849.86
31.7978,0.0,843.15
31.8078,0.0,843.26
31.8178,0.0,841.17
31.8278,0.0,836.99
31.8378,0.0,839.3
31.8478,0.0,837.65
31.8578,0.0,841.17
31.8678,0.0,846.34
31.8778,0.0,851.4
31.8878,0.0,858.0
31.8978,0.0,859.98
31.9078,0.0,866.58
31.9178,0.0,867.9
31.9278,0.0,871.86
31.9378,0.0,877.69
31.9478,0.0,885.28
31.9578,0.0,885.17
31.9678,0.0,876.48
31.9778,0.0,866.69
31.9878,10.34,850.41
31.9978,45.54,836.11
32.0078,157.41,814.77
32.0178,257.07,793.32
32.0278,320.87,763.07
32.0378,402.16,725.56
32.0478,472.12,674.08
32.0578,521.62,610.39
32.0678,612.92,533.06
32.0778,702.13,452.87
32.0878,748.0,342.43
32.0978,799.48,218.68
32.1078,837.54,166.54
32.1178,869.44,132.99
32.1278,897.38,97.35
32.1378,920.48,56.98
32.1477,937.09,30.03
32.1577,951.5,9.9
32.1677,959.31,4.95
32.1777,960.3,0.0
32.1877,953.04,0.0
32.1977,943.58,0.0
32.2077,923.56,0.0
32.2177,903.76,0.0
32.2277,886.05,0.0
32.2377,857.67,0.0
32.2477,833.03,0.0
32.2577,807.84,0.0
32.2677,784.52,0.0
32.2777,761.42,0.0
32.2877,748.88,0.0
32.2977,734.14,0.0
32.3077,724.13,0.0
32.3177,722.37,0.0
32.3277,725.45,0.0
32.3377,721.6,0.0
32.3477,718.85,0.0
32.3577,724.68,0.0
32.3677,726.0,0.0
32.3777,729.41,0.0
32.3877,735.13,0.0
32.3977,743.6,0.0
32.4077,752.07,0.0
32.4177,759.0,0.0
32.4277,767.69,0.0
32.4377,774.73,0.0
32.4477,780.89,0.0
32.4577,789.36,0.0
32.4677,789.25,0.0
32.4777,799.37,0.0
32.4877,802.78,0.0
32.4977,810.59,0.0
32.5077,810.15,4.51
32.5177,817.85,15.95
32.5277,810.04,25.08
32.5377,802.56,66.66
32.5477,788.26,150.81
32.5577,767.14,215.82
32.5677,741.18,290.07
32.5777,717.31,346.94
32.5877,685.85,392.15
32.5977,646.58,420.31
32.6077,604.01,437.14
32.6177,532.07,534.82
32.6277,452.98,610.72
32.6377,379.72,657.25
32.6477,286.55,690.69
32.6577,184.58,737.99
32.6677,119.24,777.15
32.6777,81.51,805.53
32.6877,54.78,834.02
32.6977,26.18,855.25
32.7077,0.0,877.91
32.7177,0.0,897.93
32.7277,0.0,915.31
32.7377,0.0,923.78
32.7477,0.0,927.63
32.7577,0.0,924.11
32.7677,0.0,916.3
32.7777,0.0,899.36
32.7877,0.0,882.42
32.7977,0.0,862.84
32.8077,0.0,847.88
32.8177,0.0,837.98
32.8277,0.0,829.29
32.8377,0.0,821.48
32.8477,0.0,815.54
32.8577,0.0,801.02
32.8677,0.0,791.23
32.8777,0.0,786.06
32.8877,0.0,783.75
32.8977,0.0,782.43
32.9077,0.0,783.31
32.9177,0.0,783.09
32.9277,0.0,789.03
32.9377,0.0,799.15
32.9477,0.0,811.25
32.9577,0.0,818.51
32.9677,0.0,825.77
32.9777,0.0,840.51
32.9877,0.0,849.97
32.9977,0.0,854.15
33.0077,0.0,854.04
33.0177,0.0,855.25
33.0277,0.0,853.38
33.0377,10.34,846.45
33.0477,33.11,831.49
33.0577,113.96,817.63
33.0677,242.77,795.96
33.0777,313.39,769.67
33.0877,400.73,729.96
33.0977,477.29,683.98
33.1077,562.1,618.97
33.1177,673.31,529.98
33.1277,738.21,438.46
33.1377,790.46,338.25
33.1477,832.81,232.43
33.1577,871.2,171.6
33.1677,901.01,122.87
33.1777,925.54,78.21
33.1877,945.67,43.01
33.1977,954.91,9.46
33.2077,957.22,3.96
33.2177,963.93,0.0
33.2277,959.53,0.0
33.2377,948.97,0.0
33.2477,940.94,0.0
33.2577,928.29,0.0
33.2677,911.68,0.0
33.2777,892.87,0.0
33.2877,874.28,0.0
33.2977,853.49,0.0
33.3077,836.55,0.0
33.3177,820.05,0.0
33.3277,808.39,0.0
33.3377,805.53,0.0
33.3477,793.65,0.0
33.3577,787.16,0.0
33.3677,782.43,0.0
33.3777,775.28,0.0
33.3877,776.27,0.0
33.3977,774.51,0.0
33.4077,774.95,0.0
33.4177,779.68,0.0
33.4277,778.14,0.0
33.4377,785.84,0.0
33.4477,790.35,0.0
33.4577,790.46,0.0
33.4677,795.52,0.0
33.4777,793.54,0.0
33.4877,798.71,0.0
33.4977,804.1,0.0
33.5077,811.25,0.0
33.5177,807.84,0.0
33.5277,821.04,0.0
33.5377,818.73,0.0
33.5477,814.11,0.0
33.5577,813.56,0.0
33.5677,814.99,9.13
33.5776,813.89,27.39
33.5876,798.27,52.58
33.5976,790.9,121.22
33.6076,767.58,176.11
33.6176,742.83,265.98
33.6276,714.89,342.65
33.6376,675.4,401.28
33.6476,637.01,434.06
33.6576,586.19,453.2
33.6676,522.06,510.29
33.6776,444.4,589.05
33.6876,383.68,636.13
33.6976,300.74,674.63
33.7076,195.91,710.27
33.7176,123.53,750.64
33.7276,83.71,775.06
33.7376,61.6,806.63
33.7476,41.69,825.88
33.7576,21.67,843.81
33.7676,0.0,856.79
33.7776,0.0,870.43
33.7876,0.0,878.13
33.7976,0.0,882.97
33.8076,0.0,881.32
33.8176,0.0,882.2
33.8276,0.0,877.03
33.8376,0.0,866.91
33.8476,0.0,857.23
33.8576,0.0,847.22
33.8676,0.0,839.52
33.8776,0.0,836.99
33.8876,0.0,831.82
33.8976,0.0,826.43
33.9076,0.0,833.14
33.9176,0.0,830.94
33.9276,0.0,833.03
33.9376,0.0,836.22
33.9476,0.0,841.83
33.9576,0.0,840.4
33.9676,0.0,848.98
33.9776,0.0,852.39
33.9876,0.0,860.97
33.9976,0.0,860.2
34.0076,0.0,864.05
34.0176,0.0,868.23
34.0276,0.0,868.34
34.0376,0.0,875.05
34.0476,0.0,879.67
34.0576,0.0,890.01
34.0676,0.0,886.93
34.0776,0.0,884.84
34.0876,0.0,887.48
34.0976,0.0,880.22
34.1076,6.16,868.12
34.1176,35.09,847.66
34.1276,137.5,831.27
34.1376,240.9,805.09
34.1476,304.7,779.35
34.1576,383.35,744.37
34.1676,456.06,696.19
34.1776,522.39,639.76
34.1876,618.31,569.03
34.1976,685.52,492.58
34.2076,726.0,399.96
34.2176,761.97,276.1
34.2276,801.68,181.72
34.2376,832.7,135.85
34.2476,857.45,102.3
34.2576,877.8,67.65
34.2676,900.46,30.03
34.2776,912.01,9.9
34.2876,921.47,4.95
34.2976,928.95,0.0
34.3076,924.0,0.0
34.3176,918.72,0.0
34.3276,907.5,0.0
34.3376,893.97,0.0
34.3476,871.97,0.0
34.3576,852.39,0.0
34.3676,828.19,0.0
34.3776,807.62,0.0
34.3876,797.17,0.0
34.3976,776.49,0.0
34.4076,764.39,0.0
34.4176,758.78,0.0
34.4276,746.68,0.0
34.4376,740.74,0.0
34.4476,730.4,0.0
34.4576,727.21,0.0
34.4676,723.69,0.0
34.4776,716.87,0.0
34.4876,716.65,0.0
34.4976,718.96,0.0
34.5076,721.05,0.0
34.5176,721.38,0.0
34.5276,727.98,0.0
34.5376,732.38,0.0
34.5476,738.76,0.0
34.5576,738.43,0.0
34.5676,742.72,4.51
34.5776,748.77,4.51
34.5876,756.58,6.82
34.5976,762.74,9.13
34.6076,768.13,11.44
34.6176,767.03,18.26
34.6276,762.41,27.39
34.6376,755.04,45.76
34.6476,745.25,143.99
34.6576,724.46,277.75
34.6676,697.07,344.96
34.6776,668.8,390.5
34.6876,635.03,418.99
34.6976,602.58,454.63
34.7076,547.58,567.38
34.7176,477.18,629.64
34.7276,397.87,669.9
34.7376,319.22,708.07
34.7476,215.82,755.7
34.7576,125.73,793.54
34.7676,85.8,825.0
34.7776,57.09,856.57
34.7876,32.78,893.53
34.7976,4.18,918.83
34.8076,0.0,939.29
34.8176,0.0,957.99
34.8276,0.0,969.76
34.8376,0.0,969.65
34.8476,0.0,964.04
34.8576,0.0,949.19
34.8676,0.0,922.68
34.8776,0.0,895.73
34.8876,0.0,868.34
34.8976,0.0,841.28
34.9076,0.0,823.9
34.9176,0.0,808.94
34.9276,0.0,796.4
34.9376,0.0,784.41
34.9476,0.0,779.46
34.9576,0.0,777.15
34.9676,0.0,772.2
34.9776,0.0,774.29
34.9876,0.0,782.32
34.9976,0.0,785.4
35.0075,0.0,797.72
35.0175,0.0,807.18
35.0275,0.0,822.14
35.0375,0.0,828.3
35.0475,0.0,834.02
35.0575,0.0,844.14
35.0675,0.0,856.68
35.0775,14.41,864.27
35.0875,12.32,868.89
35.0975,16.5,860.2
35.1075,22.77,855.36
35.1175,39.27,839.52
35.1275,96.91,826.43
35.1375,190.74,807.95
35.1475,309.21,785.07
35.1575,404.47,748.99
35.1675,459.91,706.31
35.1775,542.41,648.23
35.1875,639.43,573.87
35.1975,700.81,482.68
35.2075,765.49,382.36
35.2175,820.05,256.63
35.2275,871.97,186.78
35.2375,918.83,147.07
35.2475,955.13,105.6
35.2575,980.43,59.51
35.2675,1008.48,22.22
35.2775,1023.0,8.91
35.2875,1028.94,0.0
35.2975,1033.01,0.0
35.3075,1021.79,0.0
35.3175,1004.08,0.0
35.3275,981.97,0.0
35.3375,953.26,0.0
35.3475,918.72,0.0
35.3575,871.42,0.0
35.3675,826.32,0.0
35.3775,786.28,0.0
35.3875,751.74,0.0
35.3975,725.78,0.0
35.4075,706.2,0.0
35.4175,690.58,0.0
35.4275,675.4,0.0
35.4375,670.67,0.0
35.4475,665.72,0.0
35.4575,662.64,0.0
35.4675,657.47,0.0
35.4775,664.73,0.0
35.4875,667.59,0.0
35.4975,669.02,0.0
35.5075,670.34,0.0
35.5175,677.71,0.0
35.5275,687.06,0.0
35.5375,703.23,0.0
35.5475,713.57,0.0
35.5575,720.83,0.0
35.5675,732.82,0.0
35.5775,744.59,0.0
35.5875,752.18,0.0
35.5975,755.59,0.0
35.6075,758.89,0.0
35.6175,755.48,22.88
35.6275,752.18,50.27
35.6375,742.39,171.38
35.6475,723.14,266.75
35.6575,703.34,337.59
35.6675,682.66,404.8
35.6775,656.81,462.0
35.6875,611.05,482.9
35.6975,549.56,502.04
35.7075,476.96,578.49
35.7175,418.33,659.89
35.7275,314.49,700.04
35.7375,197.56,734.58
35.7475,125.73,773.52
35.7575,86.02,803.77
35.7675,59.29,833.47
35.7775,32.78,855.36
35.7875,13.2,872.08
35.7975,0.0,887.26
35.8075,0.0,899.14
35.8175,0.0,904.2
35.8275,0.0,907.28
35.8375,0.0,907.94
35.8475,0.0,906.07
35.8575,0.0,895.84
35.8675,0.0,883.52
35.8775,0.0,866.69
35.8875,0.0,849.42
35.8975,0.0,836.55
35.9075,0.0,826.21
35.9175,0.0,815.43
35.9275,0.0,805.42
35.9375,0.0,793.1
35.9475,0.0,787.6
35.9575,0.0,784.74
35.9675,0.0,777.26
35.9775,0.0,774.84
35.9875,0.0,774.95
35.9975,0.0,777.37
36.0075,0.0,779.46
36.0175,0.0,784.74
36.0275,0.0,796.73
36.0375,0.0,799.48
36.0475,0.0,810.59
36.0575,0.0,821.37
36.0675,0.0,825.11
36.0775,0.0,832.48
36.0875,0.0,844.14
36.0975,0.0,851.4
36.1075,0.0,860.75
36.1175,0.0,856.35
36.1275,0.0,854.37
36.1375,0.0,849.97
36.1475,12.32,842.93
36.1575,41.36,825.55
36.1675,130.24,808.61
36.1775,259.05,792.33
36.1875,331.1,761.86
36.1975,414.7,724.9
36.2075,484.77,680.35
36.2175,584.32,624.14
36.2275,687.06,547.03
36.2375,739.64,454.08
36.2475,782.98,350.9
36.2575,816.75,232.43
36.2675,850.85,174.13
36.2775,876.26,135.85
36.2875,901.12,94.38
36.2975,923.78,51.37
36.3075,937.53,24.97
36.3175,944.79,8.91
36.3275,956.67,0.0
36.3375,950.73,0.0
36.3475,947.1,0.0
36.3575,939.73,0.0
36.3675,923.01,0.0
36.3775,902.0,0.0
36.3875,883.85,0.0
36.3975,859.43,0.0
36.4075,833.03,0.0
36.4175,813.56,0.0
36.4275,793.43,0.0
36.4374,770.77,0.0
36.4474,758.67,0.0
36.4574,752.95,0.0
36.4674,744.59,0.0
36.4774,738.21,0.0
36.4874,732.16,0.0
36.4974,732.6,0.0
36.5074,732.38,0.0
36.5174,728.09,0.0
36.5274,725.45,0.0
36.5374,725.56,0.0
36.5474,727.76,0.0
36.5574,728.31,0.0
36.5674,728.53,0.0
36.5774,733.04,0.0
36.5874,734.91,0.0
36.5974,745.14,0.0
36.6074,748.99,0.0
36.6174,752.95,0.0
36.6274,761.2,0.0
36.6374,770.66,0.0
36.6474,778.47,0.0
36.6574,788.26,0.0
36.6674,785.29,0.0
36.6774,784.19,9.13
36.6874,778.8,27.39
36.6974,773.19,73.81
36.7074,758.89,148.5
36.7174,740.08,213.51
36.7274,714.34,293.37
36.7374,688.05,358.71
36.7474,656.7,417.34
36.7574,621.72,447.04
36.7674,580.8,473.55
36.7774,518.43,604.23
36.7874,434.83,663.74
36.7974,363.55,701.8
36.8074,278.19,752.84
36.8174,180.4,806.74
36.8274,112.86,846.12
36.8374,77.11,881.21
36.8474,50.49,916.85
36.8574,26.18,935.44
36.8674,4.51,961.73
36.8774,0.0,979.11
36.8874,0.0,983.95
36.8974,0.0,986.81
36.9074,0.0,985.6
36.9174,0.0,971.96
36.9274,0.0,958.43
36.9374,0.0,943.03
36.9474,0.0,922.79
36.9574,0.0,902.55
36.9674,0.0,882.09
36.9774,0.0,863.94
36.9874,0.0,845.68
36.9974,0.0,832.26
37.0074,0.0,821.81
37.0174,0.0,811.8
37.0274,0.0,806.85
37.0374,0.0,804.21
37.0474,0.0,804.54
37.0574,0.0,807.62
37.0674,0.0,810.37
37.0774,0.0,815.98
37.0874,0.0,825.99
37.0974,0.0,840.07
37.1074,0.0,847.33
37.1174,0.0,857.23
37.1274,0.0,869.88
37.1374,0.0,879.12
37.1474,0.0,881.54
37.1574,0.0,888.25
37.1674,0.0,894.85
37.1774,0.0,900.46
37.1874,0.0,902.44
37.1974,0.0,901.23
37.2074,0.0,901.67
37.2174,0.0,898.92
37.2274,8.25,885.39
37.2374,31.02,868.45
37.2474,106.81,847.11
37.2574,226.71,816.86
37.2674,296.56,788.7
37.2774,373.23,751.41
37.2874,447.81,703.67
37.2974,501.49,646.69
37.3074,590.59,571.78
37.3174,669.79,483.12
37.3274,706.31,392.92
37.3374,749.32,271.26
37.3474,785.4,184.25
37.3574,824.78,137.94
37.3674,854.26,104.83
37.3774,876.59,64.79
37.3874,901.01,30.03
37.3974,914.21,12.43
37.4074,931.92,4.95
37.4174,936.32,0.0
37.4274,936.76,0.0
37.4374,928.4,0.0
37.4474,920.15,0.0
37.4574,910.03,0.0
37.4674,891.33,0.0
37.4774,872.74,0.0
37.4874,860.97,0.0
37.4974,839.74,0.0
37.5074,829.95,0.0
37.5174,815.98,0.0
37.5274,806.08,0.0
37.5374,798.38,0.0
37.5474,791.34,0.0
37.5574,785.62,0.0
37.5674,784.63,0.0
37.5774,783.42,0.0
37.5874,782.21,0.0
37.5974,784.96,0.0
37.6074,785.4,0.0
37.6174,790.24,0.0
37.6274,789.58,0.0
37.6374,794.42,0.0
37.6474,794.97,0.0
37.6574,798.38,0.0
37.6674,799.59,0.0
37.6774,798.6,0.0
37.6874,795.96,0.0
37.6974,801.24,0.0
37.7074,797.28,0.0
37.7174,801.68,0.0
37.7274,799.15,0.0
37.7374,794.53,0.0
37.7474,786.94,0.0
37.7574,788.04,0.0
37.7674,782.98,0.0
37.7774,777.7,6.82
37.7874,770.22,36.52
37.7974,756.03,81.07
37.8074,739.86,178.42
37.8174,714.56,213.51
37.8274,682.33,308.77
37.8374,651.09,393.8
37.8474,623.37,454.85
37.8573,585.97,485.43
37.8673,524.59,502.7
37.8773,458.48,588.39
37.8873,406.12,652.85
37.8973,317.35,694.87
37.9073,202.51,744.7
37.9173,121.44,782.21
37.9273,83.71,814.55
37.9373,59.29,831.49
37.9473,37.18,851.4
37.9573,19.69,866.03
37.9673,0.0,881.65
37.9773,0.0,886.27
37.9873,0.0,891.55
37.9973,0.0,891.55
38.0073,0.0,893.86
38.0173,0.0,886.6
38.0273,0.0,868.12
38.0373,0.0,847.22
38.0473,0.0,834.02
38.0573,0.0,818.84
38.0673,0.0,806.3
38.0773,0.0,800.58
38.0873,0.0,795.08
38.0973,0.0,785.07
38.1073,0.0,784.08
38.1173,0.0,786.72
38.1273,0.0,781.99
38.1373,0.0,782.32
38.1473,0.0,781.77
38.1573,0.0,777.37
38.1673,0.0,772.97
38.1773,0.0,776.49
38.1873,0.0,784.52
38.1973,0.0,789.36
38.2073,0.0,800.03
38.2173,0.0,813.12
38.2273,0.0,822.8
38.2373,0.0,831.71
38.2473,0.0,846.67
38.2573,0.0,854.37
38.2673,0.0,858.55
38.2773,0.0,863.83
38.2873,0.0,859.43
38.2973,6.16,858.44
38.3073,16.5,849.64
38.3173,47.52,836.22
38.3273,130.24,813.89
38.3373,253.33,795.19
38.3473,312.62,769.45
38.3573,390.28,727.32
38.3673,458.7,678.26
38.3773,552.2,621.61
38.3873,671.33,549.78
38.3973,729.08,457.93
38.4073,779.24,353.21
38.4173,827.09,244.42
38.4273,870.87,186.78
38.4373,910.36,139.15
38.4473,944.35,91.85
38.4573,971.41,51.37
38.4673,990.0,12.32
38.4773,1006.28,3.96
38.4873,1017.83,0.0
38.4973,1013.98,0.0
38.5073,1012.88,0.0
38.5173,1000.56,0.0
38.5273,984.61,0.0
38.5373,963.93,0.0
38.5473,936.87,0.0
38.5573,912.23,0.0
38.5673,876.26,0.0
38.5773,850.85,0.0
38.5873,824.89,0.0
38.5973,802.89,0.0
38.6073,782.1,0.0
38.6173,765.82,0.0
38.6273,754.38,0.0
38.6373,743.05,0.0
38.6473,734.47,0.0
38.6573,725.89,0.0
38.6673,720.06,0.0
38.6773,714.23,0.0
38.6873,714.45,0.0
38.6973,712.8,0.0
38.7073,719.51,0.0
38.7173,725.78,0.0
38.7273,732.16,0.0
38.7373,735.9,0.0
38.7473,745.58,0.0
38.7573,744.92,0.0
38.7673,752.62,0.0
38.7773,758.45,0.0
38.7873,766.04,0.0
38.7973,768.9,0.0
38.8073,771.54,0.0
38.8173,772.42,0.0
38.8273,768.9,6.82
38.8373,760.65,22.88
38.8473,754.71,54.89
38.8573,741.95,164.45
38.8673,731.17,229.79
38.8773,713.13,320.76
38.8873,690.14,411.84
38.8973,655.49,473.11
38.9073,618.64,505.78
38.9173,566.17,520.41
38.9273,484.99,587.62
38.9373,404.69,669.13
38.9473,322.96,714.01
38.9573,228.36,757.13
38.9673,136.95,805.09
38.9773,83.82,850.85
38.9873,53.02,886.93
38.9973,30.91,911.57
39.0073,8.8,933.35
39.0173,4.51,950.18
39.0273,0.0,969.21
39.0373,0.0,974.82
39.0473,0.0,973.28
39.0573,0.0,967.12
39.0673,0.0,961.73
39.0773,0.0,946.99
39.0873,0.0,929.39
39.0973,0.0,910.14
39.1073,0.0,890.23
39.1173,0.0,865.81
39.1273,0.0,853.16
39.1373,0.0,838.09
39.1473,0.0,830.5
39.1573,0.0,825.22
39.1673,0.0,817.96
39.1773,0.0,815.32
39.1873,0.0,818.29
39.1973,0.0,818.95
39.2073,0.0,821.26
39.2173,0.0,828.52
39.2273,0.0,835.78
39.2373,0.0,840.51
39.2473,0.0,853.82
39.2573,0.0,866.36
39.2673,0.0,876.59
39.2773,0.0,888.47
39.2872,0.0,891.33
39.2972,0.0,900.02
39.3072,0.0,895.18
39.3172,0.0,892.32
39.3272,0.0,889.24
39.3372,0.0,881.87
39.3472,0.0,877.69
39.3572,0.0,873.84
39.3672,0.0,871.31
39.3772,0.0,855.8
39.3872,6.16,838.64
39.3972,35.09,819.39
39.4072,148.83,799.48
39.4172,256.74,772.31
39.4272,335.5,742.83
39.4372,430.87,698.94
39.4472,510.62,648.01
39.4572,607.53,580.03
39.4672,716.54,504.24
39.4772,755.59,422.84
39.4872,787.6,299.64
39.4972,830.5,197.78
39.5072,872.96,155.1
39.5172,899.47,128.15
39.5272,923.78,103.73
39.5372,945.56,46.31
39.5472,962.94,23.32
39.5572,982.52,9.9
39.5672,984.94,4.95
39.5772,985.16,0.0
39.5872,981.31,0.0
39.5972,969.1,0.0
39.6072,959.2,0.0
39.6172,936.54,0.0
39.6272,914.1,0.0
39.6372,893.75,0.0
39.6472,870.87,0.0
39.6572,863.06,0.0
39.6672,844.47,0.0
39.6772,834.68,0.0
39.6872,822.69,0.0
39.6972,817.19,0.0
39.7072,807.4,0.0
39.7172,800.03,0.0
39.7272,795.08,0.0
39.7372,789.69,0.0
39.7472,787.82,0.0
39.7572,785.18,0.0
39.7672,778.58,0.0
39.7772,772.42,0.0
39.7872,769.45,0.0
39.7972,761.86,0.0
39.8072,761.31,0.0
39.8172,756.47,0.0
39.8272,754.93,0.0
39.8372,751.74,0.0
39.8472,757.57,0.0
39.8572,757.02,0.0
39.8672,760.54,0.0
39.8772,760.21,0.0
39.8872,767.58,0.0
39.8972,765.16,0.0
39.9072,768.02,0.0
39.9172,766.7,0.0
39.9272,763.4,9.13
39.9372,760.21,36.52
39.9472,747.89,90.53
39.9572,735.57,180.73
39.9672,716.65,227.48
39.9772,692.78,336.93
39.9872,659.67,428.89
39.9972,633.49,491.92
40.0072,590.48,517.66
40.0172,521.07,540.32
40.0272,448.58,625.57
40.0372,382.25,683.98
40.0472,284.13,738.98
40.0572,171.71,794.86
40.0672,112.75,837.76
40.0772,79.53,878.13
40.0872,50.49,899.91
40.0972,20.02,923.34
40.1072,8.8,935.22
40.1172,0.0,942.81
40.1272,0.0,953.26
40.1372,0.0,949.41
40.1472,0.0,947.98
40.1572,0.0,943.8
40.1672,0.0,930.49
40.1772,0.0,910.91
40.1872,0.0,889.46
40.1972,0.0,875.16
40.2072,0.0,863.5
40.2172,0.0,851.4
40.2272,0.0,847.0
40.2372,0.0,842.05
40.2472,0.0,839.52
40.2572,0.0,824.34
40.2672,0.0,821.48
40.2772,0.0,812.13
40.2872,0.0,802.78
40.2972,0.0,802.01
40.3072,0.0,800.03
40.3172,0.0,798.71
40.3272,0.0,797.06
40.3372,0.0,803.11
40.3472,0.0,813.12
40.3572,0.0,823.02
40.3672,0.0,834.57
40.3772,0.0,847.55
40.3872,0.0,859.87
40.3972,0.0,860.31
40.4072,0.0,869.88
40.4172,0.0,877.36
40.4272,0.0,882.09
40.4372,4.07,875.27
40.4472,8.25,863.83
40.4572,33.11,848.76
40.4672,99.33,825.88
40.4772,232.98,807.62
40.4872,305.03,779.24
40.4972,376.09,742.94
40.5072,443.52,697.29
40.5172,497.09,652.96
40.5272,580.14,585.97
40.5372,674.08,494.23
40.5472,725.01,401.17
40.5572,779.13,288.86
40.5672,828.41,198.88
40.5772,873.73,157.85
40.5872,909.59,111.43
40.5972,939.07,70.62
40.6072,966.46,30.58
40.6172,982.52,10.45
40.6272,993.85,0.0
40.6372,996.6,0.0
40.6472,992.86,0.0
40.6572,982.96,0.0
40.6672,972.73,0.0
40.6772,954.03,0.0
40.6872,930.6,0.0
40.6972,907.61,0.0
40.7072,877.91,0.0
40.7171,857.12,0.0
40.7271,838.42,0.0
40.7371,819.94,0.0
40.7471,809.82,0.0
40.7571,797.39,0.0
40.7671,791.34,0.0
40.7771,781.11,0.0
40.7871,775.06,0.0
40.7971,770.88,0.0
40.8071,771.1,0.0
40.8171,765.49,0.0
40.8271,766.26,0.0
40.8371,767.91,0.0
40.8471,764.17,0.0
40.8571,770.77,0.0
40.8671,773.3,0.0
40.8771,775.39,0.0
40.8871,780.23,0.0
40.8971,780.78,0.0
40.9071,785.84,0.0
40.9171,788.48,0.0
40.9271,794.97,0.0
40.9371,794.53,0.0
40.9471,796.62,0.0
40.9571,793.98,0.0
40.9671,789.25,0.0
40.9771,792.66,0.0
40.9871,787.71,0.0
40.9971,782.32,0.0
41.0071,777.15,25.08
41.0171,764.94,47.96
41.0271,746.57,141.68
41.0371,721.38,220.55
41.0471,693.33,285.56
41.0571,659.89,381.26
41.0671,630.19,456.94
41.0771,592.57,496.54
41.0871,535.81,513.81
41.0971,462.88,562.98
41.1071,396.66,629.09
41.1171,316.91,673.31
41.1271,204.82,730.51
41.1371,123.53,776.93
41.1471,83.71,818.07
41.1571,59.4,854.92
41.1671,37.18,884.84
41.1771,17.49,904.97
41.1871,0.0,928.29
41.1971,0.0,947.1
41.2071,0.0,957.88
41.2171,0.0,961.29
41.2271,0.0,962.83
41.2371,0.0,957.33
41.2471,0.0,945.01
41.2571,0.0,928.62
41.2671,0.0,907.17
41.2771,0.0,890.12
41.2871,0.0,871.97
41.2971,0.0,866.14
41.3071,0.0,853.6
41.3171,0.0,842.82
41.3271,0.0,834.46
41.3371,0.0,826.65
41.3471,0.0,818.73
41.3571,0.0,815.43
41.3671,0.0,812.68
41.3771,0.0,812.13
41.3871,0.0,809.49
41.3971,0.0,809.49
41.4071,0.0,810.04
41.4171,0.0,812.35
41.4271,0.0,814.66
41.4371,0.0,823.57
41.4471,0.0,827.53
41.4571,0.0,835.12
41.4671,0.0,844.91
41.4771,0.0,851.07
41.4871,0.0,854.48
41.4971,0.0,867.35
41.5071,0.0,864.27
41.5171,0.0,866.91
41.5271,0.0,869.11
41.5371,0.0,864.82
41.5471,14.41,862.18
41.5571,45.54,855.03
41.5671,138.16,838.75
41.5771,233.53,814.88
41.5871,284.79,786.83
41.5971,343.2,760.54
41.6071,398.64,724.35
41.6171,440.0,686.18
41.6271,496.1,633.82
41.6371,560.89,566.72
41.6471,623.81,484.99
41.6571,676.17,406.56
41.6671,735.79,293.26
41.6771,783.86,203.94
41.6871,825.22,154.88
41.6971,867.46,116.38
41.7071,893.75,83.6
41.7171,924.22,41.03
41.7271,948.42,17.27
41.7371,961.4,4.95
41.7471,968.11,0.0
41.7571,972.51,0.0
41.7671,964.26,0.0
41.7771,954.03,0.0
41.7871,942.04,0.0
41.7971,918.83,0.0
41.8071,898.04,0.0
41.8171,877.69,0.0
41.8271,859.21,0.0
41.8371,843.59,0.0
41.8471,832.26,0.0
41.8571,820.82,0.0
41.8671,814.33,0.0
41.8771,807.07,0.0
41.8871,797.61,0.0
41.8971,794.64,0.0
41.9071,788.92,0.0
41.9171,783.2,0.0
41.9271,781.11,0.0
41.9371,777.04,0.0
41.9471,775.83,0.0
41.9571,772.64,0.0
41.9671,769.56,0.0
41.9771,764.83,0.0
41.9871,763.84,0.0
41.9971,760.43,0.0
42.0071,764.83,0.0
42.0171,768.68,0.0
42.0271,772.42,0.0
42.0371,776.16,0.0
42.0471,783.86,0.0
42.0571,785.18,0.0
42.0671,784.41,0.0
42.0771,782.87,0.0
42.0871,783.97,6.82
42.0971,773.96,25.08
42.1071,761.53,73.81
42.1171,746.79,155.32
42.1271,723.03,224.29
42.1371,703.12,310.75
42.147,676.17,384.34
42.157,641.19,440.77
42.167,601.15,471.35
42.177,536.91,498.08
42.187,460.68,616.55
42.197,379.39,680.35
42.207,297.55,722.15
42.217,202.84,767.25
42.227,137.28,813.01
42.237,86.35,848.65
42.247,57.31,883.85
42.257,28.71,905.41
42.267,13.31,931.81
42.277,0.0,953.48
42.287,0.0,960.63
42.297,0.0,966.02
42.307,0.0,964.15
42.317,0.0,958.65
42.327,0.0,945.78
42.337,0.0,931.15
42.347,0.0,911.68
42.357,0.0,885.17
42.367,0.0,865.92
42.377,0.0,850.19
42.387,0.0,835.67
42.397,0.0,828.52
42.407,0.0,818.73
42.417,0.0,812.13
42.427,0.0,808.39
42.437,0.0,814.88
42.447,0.0,818.51
42.457,0.0,825.55
42.467,0.0,837.21
42.477,0.0,842.05
42.487,0.0,857.12
42.497,0.0,862.84
42.507,0.0,872.96
42.517,0.0,873.51
42.527,0.0,880.77
42.537,0.0,882.53
42.547,0.0,891.22
42.557,0.0,892.54
42.567,0.0,889.79
42.577,0.0,897.6
42.587,0.0,900.13
42.597,0.0,899.91
42.607,0.0,892.1
42.617,0.0,878.35
42.627,8.25,859.54
42.637,37.18,840.62
42.647,127.93,814.66
42.657,229.02,790.9
42.667,292.6,760.87
42.677,379.61,720.83
42.687,464.09,666.49
42.697,546.81,597.96
42.707,671.33,521.07
42.717,718.52,436.15
42.727,757.02,321.97
42.737,790.79,206.47
42.747,815.43,161.7
42.757,842.16,128.15
42.767,860.2,87.01
42.777,882.53,43.34
42.787,898.15,21.89
42.797,907.39,9.9
42.807,911.9,4.95
42.817,912.45,0.0
42.827,902.11,0.0
42.837,896.72,0.0
42.847,882.42,0.0
42.857,862.18,0.0
42.867,841.83,0.0
42.877,832.48,0.0
42.887,820.6,0.0
42.897,806.96,0.0
42.907,803.66,0.0
42.917,798.49,0.0
42.927,795.41,0.0
42.937,791.89,0.0
42.947,790.46,0.0
42.957,791.45,0.0
42.967,789.47,0.0
42.977,794.2,0.0
42.987,792.33,0.0
42.997,793.1,0.0
43.007,797.5,0.0
43.017,791.01,0.0
43.027,791.45,0.0
43.037,787.82,0.0
43.047,784.41,0.0
43.057,781.22,0.0
43.067,771.54,0.0
43.077,765.82,0.0
43.087,766.26,0.0
43.097,763.73,0.0
43.107,765.27,0.0
43.117,764.39,0.0
43.127,767.47,0.0
43.137,762.85,0.0
43.147,761.31,4.51
43.157,756.14,18.26
43.167,752.73,29.7
43.177,745.14,81.07
43.187,733.15,162.14
43.197,714.23,232.76
43.207,691.02,308.33
43.217,665.17,370.04
43.227,634.59,410.74
43.237,604.45,431.64
43.247,575.52,502.04
43.257,528.55,579.81
43.267,465.85,621.72
43.277,405.46,667.04
43.287,336.38,715.44
43.297,248.38,757.13
43.307,160.82,798.6
43.317,112.86,835.89
43.327,75.13,865.92
43.337,50.49,893.86
43.347,26.4,927.52
43.357,8.8,944.57
43.367,0.0,964.04
43.377,0.0,976.69
43.387,0.0,976.8
43.397,0.0,980.21
43.407,0.0,972.62
43.417,0.0,956.78
43.427,0.0,944.68
43.437,0.0,922.79
43.447,0.0,905.3
43.457,0.0,892.54
43.467,0.0,879.89
43.477,0.0,874.39
43.487,0.0,871.09
43.497,0.0,867.57
43.507,0.0,865.04
43.517,0.0,867.68
43.527,0.0,865.92
43.537,0.0,861.19
43.547,0.0,863.39
43.557,0.0,863.83
43.567,0.0,866.03
43.5769,0.0,865.59
43.5869,0.0,870.21
43.5969,0.0,873.62
43.6069,0.0,873.84
43.6169,0.0,873.95
43.6269,0.0,873.18
43.6369,0.0,878.9
43.6469,0.0,873.62
43.6569,0.0,881.87
43.6669,0.0,883.08
43.6769,0.0,884.4
43.6869,0.0,883.96
43.6969,0.0,877.47
43.7069,4.07,867.57
43.7169,12.32,850.74
43.7269,47.52,832.04
43.7369,155.43,808.17
43.7469,254.98,784.41
43.7569,314.71,756.36
43.7669,394.13,718.52
43.7769,468.38,662.42
43.7869,511.83,608.08
43.7969,601.37,535.26
43.8069,663.41,457.49
43.8169,720.72,364.1
43.8269,768.02,245.63
43.8369,810.37,177.1
43.8469,849.97,137.94
43.8569,877.14,106.92
43.8669,906.07,68.2
43.8769,921.25,32.78
43.8869,936.76,12.43
43.8969,954.58,4.95
43.9069,959.09,4.95
43.9169,952.71,0.0
43.9269,949.19,0.0
43.9369,940.94,0.0
43.9469,928.73,0.0
43.9569,914.32,0.0
43.9669,888.91,0.0
43.9769,872.3,0.0
43.9869,858.11,0.0
43.9969,843.7,0.0
44.0069,831.6,0.0
44.0169,821.59,0.0
44.0269,814.11,0.0
44.0369,806.85,0.0
44.0469,803.99,0.0
44.0569,794.75,0.0
44.0669,789.69,0.0
44.0769,787.27,0.0
44.0869,788.04,0.0
44.0969,781.99,0.0
44.1069,784.96,0.0
44.1169,781.55,0.0
44.1269,784.3,0.0
44.1369,783.53,0.0
44.1469,783.53,0.0
44.1569,786.94,0.0
44.1669,789.25,0.0
44.1769,785.84,0.0
44.1869,784.96,0.0
44.1969,790.02,0.0
44.2069,792.88,0.0
44.2169,797.39,0.0
44.2269,799.37,0.0
44.2369,801.13,0.0
44.2469,798.93,0.0
44.2569,804.87,0.0
44.2669,803.88,0.0
44.2769,799.04,15.95
44.2869,793.65,43.45
44.2969,784.08,116.71
44.3069,769.67,176.11
44.3169,739.86,251.57
44.3269,715.88,344.96
44.3369,684.31,417.67
44.3469,645.48,468.27
44.3569,601.04,484.99
44.3669,530.86,539.44
44.3769,451.0,628.76
44.3869,387.53,676.94
44.3969,300.85,727.76
44.4069,193.49,780.12
44.4169,123.64,824.67
44.4269,88.22,861.19
44.4369,61.71,896.28
44.4469,35.31,927.85
44.4569,17.49,954.8
44.4669,0.0,979.11
44.4769,0.0,996.49
44.4869,0.0,1014.53
44.4969,0.0,1018.38
44.5069,0.0,1007.38
44.5169,0.0,1001.77
44.5269,0.0,981.75
44.5369,0.0,963.82
44.5469,0.0,945.78
44.5569,0.0,927.41
44.5669,0.0,909.26
44.5769,0.0,896.06
44.5869,0.0,890.12
44.5969,0.0,879.45
44.6069,0.0,876.37
44.6169,0.0,874.94
44.6269,0.0,872.52
44.6369,0.0,870.32
44.6469,0.0,864.05
44.6569,0.0,864.16
44.6669,0.0,866.25
44.6769,0.0,863.61
44.6869,0.0,866.03
44.6969,0.0,871.86
44.7069,0.0,874.39
44.7169,0.0,882.42
44.7269,0.0,884.84
44.7369,0.0,887.26
44.7469,0.0,889.13
44.7569,0.0,886.6
44.7669,0.0,892.87
44.7769,4.07,891.77
44.7869,0.0,888.8
44.7969,0.0,887.26
44.8069,0.0,885.39
44.8169,4.07,882.42
44.8269,10.34,873.51
44.8369,26.84,861.63
44.8469,81.84,844.8
44.8569,203.06,823.35
44.8669,287.1,796.95
44.8769,351.89,770.44
44.8869,424.6,734.69
44.8969,482.02,692.01
44.9069,552.75,632.94
44.9169,659.89,568.48
44.9269,684.86,493.13
44.9369,705.65,409.97
44.9469,723.91,297.66
44.9569,755.92,197.34
44.9669,789.69,157.63
44.9769,819.5,124.85
44.9869,850.74,92.84
44.9969,877.58,59.73
45.0068,897.38,30.03
45.0168,917.29,15.4
45.0268,935.22,4.95
45.0368,940.28,0.0
45.0468,941.27,0.0
45.0568,938.08,0.0
45.0668,934.45,0.0
45.0768,922.79,0.0
45.0868,911.02,0.0
45.0968,892.65,0.0
45.1068,868.01,0.0
45.1168,849.53,0.0
45.1268,826.21,0.0
45.1368,809.71,0.0
45.1468,792.99,0.0
45.1568,784.19,0.0
45.1668,771.32,0.0
45.1768,767.91,0.0
45.1868,759.99,0.0
45.1968,752.51,0.0
45.2068,742.61,0.0
45.2168,735.35,0.0
45.2268,730.4,0.0
45.2368,723.47,0.0
45.2468,718.63,0.0
45.2568,712.14,0.0
45.2668,707.63,0.0
45.2768,711.81,0.0
45.2868,711.7,0.0
45.2968,713.68,0.0
45.3068,715.44,0.0
45.3168,719.51,0.0
45.3268,725.12,0.0
45.3368,731.06,0.0
45.3468,734.25,0.0
45.3568,735.68,0.0
45.3668,734.8,0.0
45.3768,740.63,0.0
45.3868,745.8,0.0
45.3968,748.99,0.0
45.4068,749.76,6.82
45.4168,746.24,32.01
45.4268,744.81,76.23
45.4368,734.58,128.04
45.4468,717.97,185.46
45.4568,698.94,268.29
45.4668,671.33,330.66
45.4768,638.77,383.79
45.4868,602.91,415.58
45.4968,554.4,427.13
45.5068,482.68,439.34
45.5168,427.02,507.54
45.5268,409.31,569.14
45.5368,393.25,618.64
45.5468,354.75,671.22
45.5568,297.99,717.2
45.5668,221.76,753.06
45.5768,136.95,781.22
45.5868,71.06,814.11
45.5968,48.73,849.53
45.6068,29.04,875.16
45.6168,13.31,900.57
45.6268,0.0,914.87
45.6368,0.0,933.46
45.6468,0.0,944.35
45.6568,0.0,949.63
45.6668,0.0,954.8
45.6768,0.0,948.42
45.6868,0.0,948.75
45.6968,0.0,940.39
45.7068,0.0,933.9
45.7168,0.0,924.66
45.7268,0.0,908.93
45.7368,0.0,902.44
45.7468,0.0,895.29
45.7568,0.0,891.11
45.7668,0.0,884.95
45.7768,0.0,887.48
45.7868,0.0,883.08
45.7968,0.0,880.99
45.8068,0.0,879.45
45.8168,0.0,875.05
45.8268,0.0,875.82
45.8368,0.0,881.87
45.8468,0.0,890.89
45.8568,0.0,899.36
45.8668,0.0,908.38
45.8768,0.0,915.31
45.8868,0.0,919.16
45.8968,0.0,923.23
45.9068,0.0,923.01
45.9168,0.0,925.65
45.9268,0.0,926.2
45.9368,0.0,929.39
45.9468,0.0,928.51
45.9568,0.0,929.17
45.9668,0.0,926.2
45.9768,0.0,921.8
45.9868,0.0,921.47
45.9968,6.16,909.04
46.0068,12.32,900.13
46.0168,22.77,893.86
46.0268,45.54,883.74
46.0368,125.62,876.92
46.0468,216.59,859.1
46.0568,258.39,836.55
46.0668,299.42,810.15
46.0768,351.01,776.93
46.0868,404.69,732.82
46.0968,503.69,697.62
46.1068,556.93,645.59
46.1168,588.5,586.96
46.1268,624.58,521.95
46.1368,658.13,451.77
46.1468,692.01,370.37
46.1568,729.85,277.2
46.1668,756.14,189.31
46.1768,791.23,138.82
46.1868,813.34,101.97
46.1968,841.72,75.68
46.2068,859.54,49.61
46.2168,877.14,23.54
46.2268,892.87,9.9
46.2368,910.58,4.95
46.2468,910.91,0.0
46.2568,915.97,0.0
46.2668,918.83,0.0
46.2768,913.0,0.0
46.2868,898.81,0.0
46.2968,891.0,0.0
46.3068,881.54,0.0
46.3168,873.95,0.0
46.3268,870.98,0.0
46.3368,865.59,0.0
46.3468,858.0,0.0
46.3568,850.3,0.0
46.3668,847.33,0.0
46.3768,846.12,0.0
46.3868,840.07,0.0
46.3968,831.6,0.0
46.4068,833.91,0.0
46.4168,825.55,0.0
46.4268,823.57,0.0
46.4367,825.66,0.0
46.4467,826.21,0.0
46.4567,819.83,0.0
46.4667,818.18,0.0
46.4767,810.7,0.0
46.4867,805.53,0.0
46.4967,802.78,0.0
46.5067,800.03,0.0
46.5167,797.61,0.0
46.5267,794.64,0.0
46.5367,789.8,0.0
46.5467,787.82,0.0
46.5567,783.75,0.0
46.5667,781.22,0.0
46.5767,777.04,0.0
46.5867,776.27,0.0
46.5967,771.43,0.0
46.6067,768.46,0.0
46.6167,765.71,0.0
46.6267,762.41,9.13
46.6367,767.8,22.88
46.6467,764.61,43.45
46.6567,761.2,95.37
46.6667,753.39,134.86
46.6767,743.38,188.65
46.6867,729.08,266.42
46.6967,712.47,323.18
46.7067,689.37,358.49
46.7167,661.32,374.88
46.7267,630.41,400.62
46.7367,598.73,473.33
46.7467,568.59,515.02
46.7567,525.58,546.37
46.7667,471.13,588.94
46.7767,428.34,627.55
46.7867,373.12,668.91
46.7967,317.24,715.44
46.8067,243.87,749.98
46.8167,162.91,797.5
46.8267,101.53,831.05
46.8367,74.91,865.15
46.8467,57.09,902.0
46.8567,39.6,930.49
46.8667,17.49,948.2
46.8767,0.0,963.05
46.8867,0.0,978.78
46.8967,0.0,983.84
46.9067,0.0,987.47
46.9167,0.0,987.8
46.9267,0.0,985.6
46.9367,0.0,981.64
46.9467,0.0,972.95
46.9567,0.0,966.46
46.9667,0.0,955.35
46.9767,0.0,951.83
46.9867,0.0,947.65
46.9967,0.0,943.8
47.0067,0.0,934.45
47.0167,0.0,937.09
47.0267,0.0,935.22
47.0367,0.0,940.17
47.0467,0.0,935.66
47.0567,0.0,940.72
47.0667,0.0,936.1
47.0767,0.0,938.96
47.0867,0.0,932.03
47.0967,0.0,937.31
47.1067,0.0,932.58
47.1167,0.0,935.33
47.1267,0.0,935.99
47.1367,0.0,936.32
47.1467,0.0,934.45
47.1567,0.0,932.8
47.1667,0.0,931.15
47.1767,0.0,927.08
47.1867,0.0,920.59
47.1967,0.0,921.58
47.2067,0.0,915.09
47.2167,4.07,908.71
47.2267,18.59,909.48
47.2367,18.59,906.07
47.2467,22.77,895.07
47.2567,28.93,889.57
47.2667,41.36,883.85
47.2767,74.36,868.78
47.2867,128.81,860.64
47.2967,194.7,852.83
47.3067,256.19,832.26
47.3167,288.42,817.63
47.3267,316.58,793.87
47.3367,374.99,764.17
47.3467,461.56,726.88
47.3567,507.76,695.31
47.3667,550.99,661.21
47.3767,584.43,629.2
47.3867,611.49,588.06
47.3967,636.02,548.24
47.4067,656.04,510.07
47.4167,669.9,442.64
47.4267,681.34,390.94
47.4367,697.18,335.39
47.4467,706.2,277.53
47.4567,715.11,221.98
47.4667,724.13,176.99
47.4767,744.04,142.34
47.4867,757.46,104.94
47.4967,770.77,71.5
47.5067,792.77,53.46
47.5167,804.54,42.24
47.5267,818.4,29.04
47.5367,831.71,16.72
47.5467,843.15,5.5
47.5567,858.99,0.0
47.5667,866.25,0.0
47.5767,874.94,0.0
47.5867,875.6,0.0
47.5967,880.55,0.0
