0.0,623.37,566.5
0.01,623.37,566.5
0.02,620.29,563.97
0.03,618.75,570.02
0.04,617.76,570.02
0.05,612.92,571.78
0.06,607.09,574.64
0.07,605.55,580.25
0.08,604.01,580.69
0.09,600.82,585.53
0.1,598.95,588.5
0.11,586.85,590.92
0.12,586.85,588.94
0.13,582.01,591.91
0.14,569.8,594.44
0.15,568.15,597.52
0.16,560.56,602.25
0.17,556.16,599.94
0.18,552.97,602.25
0.19,547.14,604.78
0.2,540.76,603.02
0.21,540.76,604.78
0.22,536.25,604.78
0.23,534.27,605.33
0.24,534.16,607.75
0.25,534.49,609.62
0.26,532.84,606.54
0.27,537.24,604.78
0.28,540.32,608.96
0.29,541.86,599.06
0.3,552.53,595.98
0.31,559.79,590.7
0.32,576.4,575.52
0.33,599.28,557.04
0.34,607.09,532.07
0.35,635.47,505.67
0.36,656.92,466.29
0.37,690.47,418.77
0.38,715.88,373.67
0.39,750.75,340.01
0.4,783.86,298.21
0.41,813.34,260.92
0.42,844.58,232.98
0.43,863.5,210.32
0.44,886.82,185.02
0.45,899.14,152.24
0.46,910.25,120.01
0.47,911.79,102.96
0.48,911.79,77.66
0.49,913.33,63.03
0.5,911.79,57.31
0.51,906.73,55.0
0.52,899.03,55.66
0.53,895.51,50.93
0.54,884.51,51.04
0.55,875.16,50.93
0.56,870.87,48.18
0.57,872.85,52.36
0.58,870.32,45.87
0.59,872.85,42.02
0.6,881.21,43.56
0.61,894.74,42.02
0.62,908.6,43.56
0.63,923.56,42.02
0.64,931.92,43.56
0.65,944.9,42.02
0.66,951.06,42.02
0.67,959.2,42.02
0.68,969.32,42.02
0.69,979.0,39.71
0.7,979.22,39.71
0.71,976.47,37.4
0.7199,974.71,32.89
0.7299,978.56,32.89
0.7399,965.47,32.89
0.7499,961.4,32.89
0.7599,951.06,32.89
0.7699,945.01,32.89
0.7799,945.23,32.89
0.7899,941.6,32.89
0.7999,933.24,32.89
0.8099,940.5,32.89
0.8199,948.2,32.89
0.8299,953.26,32.89
0.8399,955.68,32.89
0.8499,960.52,32.89
0.8599,960.85,32.45
0.8699,958.32,39.27
0.8799,941.27,50.82
0.8899,925.43,78.32
0.8999,904.31,152.57
0.9099,881.43,192.72
0.9199,859.87,228.03
0.9299,829.29,257.62
0.9399,799.15,264.88
0.9499,765.82,286.88
0.9599,724.79,333.52
0.9699,684.64,406.56
0.9799,634.81,484.66
0.9899,580.91,547.14
0.9999,521.84,614.46
1.0099,466.84,661.98
1.0199,420.97,709.06
1.0299,344.19,754.6
1.0399,235.84,792.66
1.0499,140.91,827.2
1.0599,97.46,855.25
1.0699,49.28,877.03
1.0799,39.16,889.46
1.0899,25.63,891.11
1.0999,24.31,898.15
1.1099,18.15,895.84
1.1199,18.15,893.97
1.1299,16.83,887.81
1.1399,16.83,885.28
1.1499,16.83,875.49
1.1599,15.51,864.05
1.1699,15.51,855.58
1.1799,15.51,847.55
1.1899,15.51,836.33
1.1999,15.51,824.34
1.2099,14.19,813.78
1.2199,14.19,800.25
1.2299,15.51,791.01
1.2399,14.19,776.71
1.2499,14.19,768.13
1.2599,14.19,758.12
1.2699,14.19,748.44
1.2799,14.19,740.74
1.2899,12.87,740.96
1.2999,14.19,737.0
1.3099,14.19,739.2
1.3199,12.87,739.64
1.3299,14.19,749.21
1.3399,14.19,764.28
1.3499,14.19,774.51
1.3599,12.87,790.24
1.3699,12.87,796.51
1.3799,12.87,798.82
1.3899,12.87,795.19
1.3999,10.34,790.13
1.4099,12.87,774.62
1.4199,10.34,761.86
1.4299,10.34,745.8
1.4399,10.12,730.62
1.4499,10.12,709.39
1.4599,10.12,686.84
1.4699,12.65,661.21
1.4799,25.52,630.08
1.4899,70.29,604.23
1.4999,224.07,560.89
1.5099,249.59,515.35
1.5199,363.11,473.22
1.5299,500.28,432.96
1.5399,595.87,394.9
1.5499,647.68,352.77
1.5599,740.3,263.12
1.5699,803.55,183.26
1.5799,860.64,134.53
1.5899,907.28,82.61
1.5999,940.61,54.78
1.6099,971.3,29.26
1.6199,990.33,17.38
1.6299,1012.44,16.5
1.6399,1023.77,12.76
1.6499,1023.66,12.76
1.6599,1014.86,8.25
1.6699,997.15,8.25
1.6799,973.94,8.25
1.6899,951.83,8.25
1.6999,919.93,8.25
1.7099,888.69,8.25
1.7199,870.43,8.25
1.7299,836.88,8.25
1.7399,808.72,8.25
1.7499,783.75,8.25
1.7599,773.74,8.25
1.7699,759.55,8.25
1.7799,749.98,8.25
1.7899,753.83,8.25
1.7999,753.83,8.25
1.8099,771.54,8.25
1.8199,800.25,8.25
1.8299,822.91,8.25
1.8399,847.33,8.25
1.8499,880.88,8.25
1.8599,912.01,8.25
1.8699,937.09,8.25
1.8799,952.82,8.25
1.8899,970.09,8.25
1.8999,980.87,8.25
1.9099,975.92,11.0
1.9199,967.67,8.25
1.9299,952.82,8.25
1.9399,923.56,8.25
1.9499,890.78,8.25
1.9599,861.74,8.25
1.9699,836.66,8.25
1.9799,812.57,20.24
1.9899,788.92,61.82
1.9999,758.67,258.06
2.0099,716.54,297.11
2.0199,668.03,415.91
2.0299,617.32,512.82
2.0399,528.55,563.97
2.0499,431.97,596.09
2.0599,304.15,663.19
2.0699,184.58,734.03
2.0799,109.12,793.1
2.0899,52.14,853.93
2.0999,35.64,904.09
2.1099,29.26,945.34
2.1199,19.8,972.29
2.1299,19.8,988.13
2.1399,20.79,1004.19
2.1498,12.65,1005.95
2.1598,12.65,1001.55
2.1698,5.17,985.93
2.1798,5.17,969.54
2.1898,5.17,945.12
2.1998,3.85,920.15
2.2098,3.85,885.28
2.2198,3.85,851.95
2.2298,3.85,816.42
2.2398,8.91,785.51
2.2498,8.91,763.29
2.2598,8.91,740.52
2.2698,3.85,728.53
2.2798,8.91,710.16
2.2898,7.59,701.58
2.2998,7.59,696.41
2.3098,7.59,692.67
2.3198,7.59,699.27
2.3298,7.59,715.22
2.3398,7.59,729.41
2.3498,7.59,748.11
2.3598,7.59,768.9
2.3698,7.59,773.85
2.3798,7.59,777.48
2.3898,5.06,770.55
2.3998,2.53,754.05
2.4098,7.59,744.48
2.4198,5.06,734.58
2.4298,5.06,717.64
2.4398,5.06,693.77
2.4498,5.06,659.67
2.4598,5.06,621.83
2.4698,5.06,576.18
2.4798,17.71,535.7
2.4898,69.52,483.01
2.4998,245.41,453.64
2.5098,331.21,419.76
2.5198,469.81,387.2
2.5298,636.24,363.55
2.5398,703.45,272.36
2.5498,782.21,195.47
2.5598,869.11,132.99
2.5698,929.83,91.08
2.5798,984.5,58.08
2.5898,1023.0,25.74
2.5998,1038.84,16.5
2.6098,1055.56,11.99
2.6198,1061.94,11.99
2.6298,1055.23,11.99
2.6398,1042.47,11.99
2.6498,1028.17,8.25
2.6598,998.58,8.25
2.6698,964.7,8.25
2.6798,926.97,8.25
2.6898,888.03,8.25
2.6998,856.46,8.25
2.7098,822.36,8.25
2.7198,794.31,8.25
2.7298,769.01,8.25
2.7398,748.33,8.25
2.7498,738.65,8.25
2.7598,722.59,8.25
2.7698,726.33,8.25
2.7798,723.14,8.25
2.7898,733.48,8.25
2.7998,747.67,5.5
2.8098,777.92,8.25
2.8198,812.46,8.25
2.8298,842.71,8.25
2.8398,886.6,8.25
2.8498,917.84,8.25
2.8598,945.45,8.25
2.8698,968.99,8.25
2.8798,980.43,8.25
2.8898,987.91,8.25
2.8998,986.48,5.5
2.9098,974.27,8.25
2.9198,955.13,8.25
2.9298,935.44,8.25
2.9398,911.35,8.25
2.9498,888.36,5.5
2.9598,861.52,47.63
2.9698,817.08,265.87
2.9798,770.99,326.59
2.9898,720.5,468.05
2.9998,658.02,558.91
3.0098,581.57,605.44
3.0198,507.21,629.53
3.0298,438.35,700.59
3.0398,314.71,767.58
3.0498,190.41,830.39
3.0598,115.83,884.62
3.0698,56.87,922.24
3.0798,26.51,950.62
3.0898,22.11,977.79
3.0998,22.11,994.4
3.1098,11.33,1006.5
3.1198,11.33,1006.61
3.1298,5.17,995.72
3.1398,3.85,978.78
3.1498,3.85,962.61
3.1598,3.85,933.24
3.1698,2.53,897.38
3.1798,2.53,867.24
3.1898,2.53,833.58
3.1998,2.53,801.9
3.2098,2.53,775.28
3.2198,2.53,744.15
3.2298,2.53,729.52
3.2398,2.53,716.54
3.2498,2.53,708.95
3.2598,2.53,707.63
3.2698,2.53,704.44
3.2798,2.53,718.52
3.2898,2.53,730.62
3.2998,7.59,749.98
3.3098,2.53,767.36
3.3198,2.53,791.56
3.3298,5.06,807.73
3.3398,5.06,823.68
3.3498,5.06,827.53
3.3598,0.0,831.38
3.3698,0.0,817.52
3.3798,0.0,796.51
3.3898,0.0,774.95
3.3998,0.0,761.42
3.4098,5.06,734.8
3.4198,5.06,709.61
3.4298,5.06,671.22
3.4398,5.06,625.57
3.4498,12.65,576.29
3.4598,63.14,521.18
3.4698,259.82,477.07
3.4798,331.87,434.72
3.4898,487.52,403.04
3.4998,646.36,371.47
3.5098,678.81,309.87
3.5198,751.74,215.49
3.5298,840.4,164.56
3.5398,887.15,93.94
3.5498,944.9,49.61
3.5598,972.4,26.51
3.5698,1001.22,18.48
3.5797,1013.21,18.48
3.5897,1016.51,13.97
3.5997,1009.69,11.99
3.6097,993.85,11.99
3.6197,972.51,8.25
3.6297,947.54,8.25
3.6397,915.75,8.25
3.6497,885.94,8.25
3.6597,854.48,8.25
3.6697,824.01,8.25
3.6797,800.25,8.25
3.6897,770.88,8.25
3.6997,756.36,5.5
3.7097,734.91,8.25
3.7197,728.64,8.25
3.7297,721.82,8.25
3.7397,722.15,8.25
3.7497,725.01,5.5
3.7597,734.91,5.5
3.7697,760.32,5.5
3.7797,784.52,5.5
3.7897,812.46,8.25
3.7997,845.46,5.5
3.8097,886.6,5.5
3.8197,914.65,8.25
3.8297,932.14,5.5
3.8397,948.64,5.5
3.8497,960.85,5.5
3.8597,958.21,5.5
3.8697,943.25,5.5
3.8797,931.81,5.5
3.8897,908.93,5.5
3.8997,893.97,8.25
3.9097,871.75,5.5
3.9197,836.22,31.35
3.9297,794.64,231.55
3.9397,745.14,373.34
3.9497,686.95,506.55
3.9597,604.45,681.12
3.9697,516.23,715.99
3.9797,408.21,733.04
3.9897,247.83,806.19
3.9997,143.77,868.23
4.0097,78.32,916.52
4.0197,37.18,961.51
4.0297,18.81,999.24
4.0397,15.73,1022.78
4.0497,11.33,1038.18
4.0597,11.33,1041.37
4.0697,10.01,1033.67
4.0797,3.85,1022.89
4.0897,3.85,1006.5
4.0997,2.53,979.0
4.1097,2.53,949.52
4.1197,2.53,912.67
4.1297,2.53,877.69
4.1397,2.53,838.64
4.1497,2.53,805.42
4.1597,2.53,769.12
4.1697,2.53,734.36
4.1797,0.0,703.67
4.1897,0.0,687.83
4.1997,0.0,672.21
4.2097,0.0,664.4
4.2197,0.0,660.66
4.2297,0.0,666.71
4.2397,0.0,686.18
4.2497,0.0,703.34
4.2597,0.0,726.55
4.2697,0.0,742.39
4.2797,0.0,752.29
4.2897,0.0,760.1
4.2997,0.0,757.9
4.3097,0.0,755.48
4.3197,0.0,740.74
4.3297,0.0,732.71
4.3397,0.0,719.18
4.3497,5.06,690.14
4.3597,5.06,656.7
4.3697,5.06,621.06
4.3797,0.0,573.98
4.3897,12.65,534.49
4.3997,82.28,497.53
4.4097,255.2,461.45
4.4197,366.74,428.78
4.4297,537.46,400.62
4.4397,684.09,373.12
4.4497,702.68,290.18
4.4597,768.79,201.85
4.4697,851.18,153.45
4.4797,902.55,93.83
4.4897,961.51,54.01
4.4997,996.27,33.0
4.5097,1032.02,15.84
4.5197,1057.32,11.22
4.5297,1070.19,13.97
4.5397,1064.14,13.97
4.5497,1053.91,11.99
4.5597,1025.42,11.99
4.5697,999.24,8.25
4.5797,959.53,8.25
4.5897,918.28,11.99
4.5997,875.6,8.25
4.6097,836.11,11.99
4.6197,800.25,11.99
4.6297,773.52,9.24
4.6397,750.86,9.24
4.6497,735.35,9.24
4.6597,728.53,9.24
4.6697,722.37,9.24
4.6797,730.07,9.24
4.6897,736.56,9.24
4.6997,754.6,9.24
4.7097,783.42,9.24
4.7197,816.75,9.24
4.7297,849.42,5.5
4.7397,886.93,5.5
4.7497,925.54,9.24
4.7597,957.66,5.5
4.7697,982.3,5.5
4.7797,1007.16,5.5
4.7897,1022.23,5.5
4.7997,1018.93,5.5
4.8097,1015.96,5.5
4.8197,997.7,5.5
4.8297,974.71,5.5
4.8397,948.31,5.5
4.8497,926.64,5.5
4.8597,899.25,5.5
4.8697,861.74,24.42
4.8797,816.86,170.17
4.8897,764.61,335.39
4.8997,698.83,481.47
4.9097,618.86,608.41
4.9197,540.98,671.11
4.9297,481.25,691.24
4.9397,410.52,729.41
4.9497,265.43,788.7
4.9597,163.13,849.86
4.9697,110.66,893.86
4.9797,54.34,935.22
4.9897,19.58,965.36
4.9997,3.85,990.33
5.0096,2.53,1007.49
5.0196,2.53,1026.08
5.0296,2.53,1035.43
5.0396,0.0,1020.14
5.0496,0.0,1008.7
5.0596,0.0,986.04
5.0696,0.0,958.21
5.0796,0.0,925.87
5.0896,0.0,897.05
5.0996,0.0,859.98
5.1096,0.0,826.98
5.1196,0.0,793.65
5.1296,0.0,759.33
5.1396,0.0,733.26
5.1496,0.0,710.6
5.1596,0.0,694.43
5.1696,0.0,684.53
5.1796,0.0,681.89
5.1896,0.0,675.95
5.1996,0.0,679.36
5.2096,0.0,695.31
5.2196,0.0,709.83
5.2296,0.0,728.75
5.2396,0.0,746.24
5.2496,0.0,761.2
5.2596,0.0,770.0
5.2696,0.0,767.69
5.2796,0.0,761.2
5.2896,0.0,752.18
5.2996,0.0,750.53
5.3096,0.0,735.79
5.3196,0.0,724.35
5.3296,0.0,702.79
5.3396,0.0,673.2
5.3496,0.0,635.58
5.3596,0.0,603.13
5.3696,7.59,555.06
5.3796,35.64,511.17
5.3896,194.92,462.44
5.3996,292.6,436.81
5.4096,433.62,407.11
5.4196,634.04,385.11
5.4296,706.09,329.78
5.4396,759.88,237.6
5.4496,853.16,182.93
5.4596,906.62,112.64
5.4696,961.07,64.02
5.4796,1012.55,38.39
5.4896,1047.53,13.09
5.4996,1059.52,11.22
5.5096,1075.25,11.22
5.5196,1083.06,13.97
5.5296,1073.93,13.97
5.5396,1055.67,11.99
5.5496,1035.65,8.25
5.5596,997.48,8.25
5.5696,964.26,8.25
5.5796,924.44,5.5
5.5896,885.28,5.5
5.5996,847.33,5.5
5.6096,816.75,5.5
5.6196,789.03,5.5
5.6296,767.91,5.5
5.6396,746.46,9.24
5.6496,733.81,9.24
5.6596,731.5,9.24
5.6696,735.24,9.24
5.6796,739.09,9.24
5.6896,755.26,9.24
5.6996,785.4,5.5
5.7096,820.05,5.5
5.7196,854.92,5.5
5.7296,890.34,5.5
5.7396,927.08,5.5
5.7496,955.02,5.5
5.7596,980.43,5.5
5.7696,1002.43,5.5
5.7796,1020.25,5.5
5.7896,1016.07,9.24
5.7996,1006.61,9.24
5.8096,984.39,5.5
5.8196,960.08,5.5
5.8296,940.28,5.5
5.8396,916.85,5.5
5.8496,886.71,5.5
5.8596,846.56,5.5
5.8696,804.54,52.25
5.8796,759.0,315.15
5.8896,696.74,373.78
5.8996,621.72,540.21
5.9096,556.93,675.51
5.9196,508.31,689.81
5.9296,440.22,716.21
5.9396,312.07,774.4
5.9496,201.08,838.53
5.9596,143.0,890.12
5.9696,82.17,944.13
5.9796,41.03,978.56
5.9896,8.91,1002.76
5.9996,6.38,1026.19
6.0096,6.38,1038.62
6.0196,0.0,1045.99
6.0296,0.0,1037.85
6.0396,0.0,1026.19
6.0496,0.0,1002.98
6.0596,0.0,977.57
6.0696,0.0,949.63
6.0796,0.0,910.91
6.0896,0.0,875.27
6.0996,0.0,835.12
6.1096,0.0,793.65
6.1196,0.0,751.41
6.1296,0.0,719.51
6.1396,0.0,690.8
6.1496,0.0,678.15
6.1596,0.0,662.97
6.1696,0.0,656.59
6.1796,0.0,656.92
6.1896,0.0,672.21
6.1996,0.0,691.79
6.2096,0.0,719.95
6.2196,7.81,748.11
6.2296,0.0,775.28
6.2396,0.0,802.56
6.2496,5.06,818.29
6.2596,5.06,831.38
6.2696,0.0,834.24
6.2796,0.0,833.91
6.2896,0.0,825.33
6.2996,0.0,807.18
6.3096,0.0,780.67
6.3196,0.0,760.76
6.3296,0.0,735.24
6.3396,0.0,711.81
6.3496,7.59,671.44
6.3596,30.58,628.76
6.3696,145.53,578.16
6.3796,235.29,530.75
6.3896,338.14,472.45
6.3996,479.82,424.6
6.4096,598.51,394.02
6.4196,627.22,361.24
6.4295,683.87,314.38
6.4395,755.48,219.45
6.4495,818.73,162.03
6.4595,862.51,98.78
6.4695,910.36,57.64
6.4795,943.69,36.41
6.4895,976.91,17.6
6.4995,1003.97,13.97
6.5095,1028.28,13.97
6.5195,1031.91,13.97
6.5295,1029.49,11.99
6.5395,1011.89,11.99
6.5495,983.51,8.25
6.5595,967.78,8.25
6.5695,940.83,8.25
6.5795,913.33,8.25
6.5895,891.88,5.5
6.5995,864.05,5.5
6.6095,848.32,5.5
6.6195,833.58,5.5
6.6295,821.7,5.5
6.6395,812.02,5.5
6.6495,813.01,5.5
6.6595,808.06,5.5
6.6695,816.2,9.24
6.6795,824.56,5.5
6.6895,838.2,9.24
6.6995,860.97,5.5
6.7095,881.87,9.24
6.7195,906.51,9.24
6.7295,935.88,5.5
6.7395,959.2,5.5
6.7495,989.89,5.5
6.7595,1000.34,5.5
6.7695,1011.89,5.5
6.7795,1014.31,8.25
6.7895,997.7,5.5
6.7995,985.71,5.5
6.8095,964.37,5.5
6.8195,941.05,5.5
6.8295,922.13,8.25
6.8395,889.46,5.5
6.8495,858.0,5.5
6.8595,821.7,17.49
6.8695,780.45,158.29
6.8795,725.12,322.74
6.8895,659.12,446.82
6.8995,580.8,609.73
6.9095,519.75,730.07
6.9195,465.19,744.15
6.9295,369.49,791.34
6.9395,203.28,838.42
6.9495,150.59,884.18
6.9595,77.11,928.4
6.9695,39.16,965.36
6.9795,16.39,989.56
6.9895,15.07,1012.33
6.9995,2.53,1026.63
7.0095,2.53,1034.66
7.0195,0.0,1030.04
7.0295,0.0,1025.64
7.0395,0.0,1005.51
7.0495,0.0,981.86
7.0595,0.0,959.75
7.0695,0.0,922.24
7.0795,0.0,893.2
7.0895,0.0,860.09
7.0995,0.0,825.44
7.1095,0.0,795.63
7.1195,0.0,767.91
7.1295,0.0,745.91
7.1395,0.0,728.86
7.1495,0.0,714.67
7.1595,0.0,704.22
7.1695,0.0,703.67
7.1795,0.0,710.49
7.1895,0.0,716.65
7.1995,0.0,735.24
7.2095,0.0,752.95
7.2195,0.0,774.29
7.2295,0.0,792.55
7.2395,0.0,812.24
7.2495,0.0,827.53
7.2595,0.0,836.33
7.2695,0.0,839.96
7.2795,0.0,833.69
7.2895,0.0,817.19
7.2995,0.0,795.3
7.3095,0.0,772.86
7.3195,0.0,753.39
7.3295,0.0,729.74
7.3395,0.0,700.04
7.3495,0.0,660.55
7.3595,5.06,614.35
7.3695,30.36,564.85
7.3795,187.88,519.97
7.3895,245.96,476.3
7.3995,345.62,432.3
7.4095,501.49,400.73
7.4195,593.67,373.56
7.4295,620.18,339.13
7.4395,732.49,256.19
7.4495,806.52,187.99
7.4595,868.34,141.57
7.4695,921.8,83.16
7.4795,958.43,51.48
7.4895,991.21,27.61
7.4995,1005.95,13.09
7.5095,1021.79,11.22
7.5195,1022.78,13.97
7.5295,1012.11,13.97
7.5395,996.49,13.97
7.5495,971.85,11.99
7.5595,942.92,11.99
7.5695,913.44,11.99
7.5795,885.94,8.25
7.5895,863.72,8.25
7.5995,840.4,5.5
7.6095,821.92,8.25
7.6195,806.3,8.25
7.6295,796.73,5.5
7.6395,791.12,5.5
7.6495,794.53,5.5
7.6595,787.16,5.5
7.6695,803.99,5.5
7.6795,809.6,9.24
7.6895,823.68,9.24
7.6995,841.28,9.24
7.7095,861.08,9.24
7.7195,878.9,9.24
7.7295,899.36,9.24
7.7395,927.74,9.24
7.7495,947.21,9.24
7.7595,962.39,9.24
7.7695,973.5,9.24
7.7795,992.31,5.5
7.7895,996.27,9.24
7.7995,994.18,9.24
7.8095,976.91,9.24
7.8195,962.5,5.5
7.8295,942.48,5.5
7.8395,915.53,5.5
7.8495,889.02,5.5
7.8594,869.11,5.5
7.8694,840.62,10.12
7.8794,804.21,48.07
7.8894,766.7,310.86
7.8994,714.89,346.61
7.9094,653.84,505.01
7.9194,577.61,636.35
7.9294,514.91,668.03
7.9394,441.1,696.19
7.9494,317.79,753.28
7.9594,191.07,809.82
7.9694,126.94,866.47
7.9794,63.14,912.12
7.9894,32.78,944.9
7.9994,20.79,971.08
8.0094,17.71,987.03
8.0194,10.01,1000.12
8.0294,10.01,1004.41
8.0394,2.53,1001.55
8.0494,2.53,987.03
8.0594,2.53,961.62
8.0694,0.0,949.3
8.0794,0.0,920.81
8.0894,0.0,888.14
8.0994,0.0,858.77
8.1094,0.0,830.39
8.1194,0.0,798.93
8.1294,0.0,773.74
8.1394,0.0,755.48
8.1494,0.0,737.44
8.1594,0.0,721.27
8.1694,0.0,713.68
8.1794,0.0,704.0
8.1894,0.0,702.79
8.1994,0.0,702.24
8.2094,0.0,721.05
8.2194,0.0,736.01
8.2294,0.0,759.22
8.2394,0.0,783.64
8.2494,0.0,804.21
8.2594,0.0,823.46
8.2694,0.0,836.11
8.2794,0.0,848.54
8.2894,0.0,852.06
8.2994,0.0,848.65
8.3094,0.0,842.38
8.3194,0.0,815.76
8.3294,0.0,793.65
8.3394,0.0,768.13
8.3494,0.0,741.51
8.3594,0.0,707.41
8.3694,5.06,660.55
8.3794,22.77,614.46
8.3894,118.8,561.66
8.3994,238.15,510.73
8.4094,303.71,467.39
8.4194,458.37,412.28
8.4294,572.33,378.18
8.4394,597.08,350.79
8.4494,653.51,301.95
8.4594,737.33,210.76
8.4694,802.56,155.21
8.4794,854.92,99.66
8.4894,902.66,55.77
8.4994,938.96,39.16
8.5094,958.32,32.89
8.5194,979.88,18.48
8.5294,990.33,20.35
8.5394,987.69,13.97
8.5494,974.49,13.97
8.5594,954.69,11.99
8.5694,933.24,11.99
8.5794,909.37,8.25
8.5894,885.06,8.25
8.5994,866.14,8.25
8.6094,840.95,8.25
8.6194,827.75,8.25
8.6294,818.29,8.25
8.6394,805.42,5.5
8.6494,805.75,8.25
8.6594,802.45,9.24
8.6694,807.62,9.24
8.6794,816.86,9.24
8.6894,824.89,9.24
8.6994,834.68,9.24
8.7094,849.42,9.24
8.7194,869.55,9.24
8.7294,887.04,9.24
8.7394,906.73,9.24
8.7494,928.62,9.24
8.7594,956.01,5.5
8.7694,974.38,8.25
8.7794,992.42,8.25
8.7894,1006.72,5.5
8.7994,1007.16,8.25
8.8094,1008.26,8.25
8.8194,993.08,5.5
8.8294,971.08,8.25
8.8394,943.03,5.5
8.8494,919.93,8.25
8.8594,896.72,5.5
8.8694,866.03,8.25
8.8794,829.84,33.66
8.8894,790.02,236.72
8.8994,732.93,305.47
8.9094,680.57,432.3
8.9194,605.11,572.0
8.9294,526.68,658.9
8.9394,470.58,661.65
8.9494,399.63,718.85
8.9594,256.85,771.54
8.9694,151.91,821.04
8.9794,87.89,872.74
8.9894,42.24,909.7
8.9994,31.46,937.09
9.0094,31.46,966.02
9.0194,16.39,979.99
9.0294,8.69,995.94
9.0394,2.53,1004.19
9.0494,2.53,998.58
9.0594,0.0,991.87
9.0694,0.0,977.24
9.0794,0.0,959.64
9.0894,0.0,930.27
9.0994,0.0,905.3
9.1094,0.0,872.63
9.1194,0.0,846.01
9.1294,0.0,812.57
9.1394,0.0,783.09
9.1494,0.0,763.4
9.1594,0.0,740.19
9.1694,0.0,719.62
9.1794,0.0,710.71
9.1894,0.0,703.12
9.1994,0.0,697.84
9.2094,0.0,697.62
9.2194,0.0,699.38
9.2294,0.0,716.87
9.2394,0.0,729.19
9.2494,0.0,745.47
9.2594,0.0,758.01
9.2694,0.0,763.29
9.2794,0.0,769.34
9.2893,0.0,760.65
9.2993,0.0,744.92
9.3093,0.0,736.78
9.3193,0.0,721.82
9.3293,0.0,704.99
9.3393,0.0,685.74
9.3493,0.0,656.7
9.3593,0.0,623.81
9.3693,0.0,586.74
9.3793,15.18,547.03
9.3893,82.28,506.33
9.3993,281.93,467.39
9.4093,351.01,424.71
9.4193,554.84,388.63
9.4293,664.29,364.54
9.4393,665.72,339.35
9.4493,766.48,248.93
9.4593,834.79,179.74
9.4693,891.77,124.08
9.4793,941.6,70.18
9.4893,982.63,44.55
9.4993,1020.47,23.76
9.5093,1038.95,17.6
9.5193,1055.01,19.58
9.5293,1062.71,17.6
9.5393,1048.19,13.09
9.5493,1034.33,11.22
9.5593,1000.89,11.99
9.5693,967.01,11.99
9.5793,938.74,8.25
9.5893,898.81,8.25
9.5993,864.27,8.25
9.6093,841.39,8.25
9.6193,813.23,5.5
9.6293,791.45,5.5
9.6393,788.81,5.5
9.6493,779.9,5.5
9.6593,778.47,9.24
9.6693,791.67,9.24
9.6793,796.62,9.24
9.6893,811.14,9.24
9.6993,837.54,9.24
9.7093,859.54,9.24
9.7193,886.6,9.24
9.7293,913.55,9.24
9.7393,946.44,9.24
9.7493,970.64,9.24
9.7593,995.72,5.5
9.7693,1010.35,5.5
9.7793,1028.61,5.5
9.7893,1031.91,5.5
9.7993,1032.46,5.5
9.8093,1026.41,5.5
9.8193,1005.18,5.5
9.8293,981.42,5.5
9.8393,957.11,5.5
9.8493,928.62,5.5
9.8593,902.22,5.5
9.8693,862.95,10.12
9.8793,821.26,56.87
9.8893,770.11,315.59
9.8993,711.04,340.45
9.9093,637.34,507.98
9.9193,570.79,625.46
9.9293,520.41,645.81
9.9393,458.15,665.06
9.9493,369.27,725.34
9.9593,227.81,788.37
9.9693,162.25,844.58
9.9793,101.75,898.81
9.9893,45.43,930.82
9.9993,18.26,957.77
10.0093,6.38,978.23
10.0193,6.38,991.98
10.0293,0.0,997.92
10.0393,0.0,999.46
10.0493,0.0,988.79
10.0593,0.0,971.3
10.0693,0.0,953.59
10.0793,0.0,930.82
10.0893,0.0,897.49
10.0993,0.0,872.3
10.1093,0.0,840.73
10.1193,0.0,815.65
10.1293,0.0,781.88
10.1393,0.0,761.64
10.1493,0.0,737.66
10.1593,0.0,722.7
10.1693,0.0,708.73
10.1793,0.0,703.89
10.1893,0.0,701.91
10.1993,0.0,705.65
10.2093,0.0,723.47
10.2193,0.0,739.31
10.2293,0.0,767.58
10.2393,0.0,792.88
10.2493,0.0,812.13
10.2593,0.0,828.3
10.2693,0.0,838.09
10.2793,0.0,841.94
10.2893,0.0,847.11
10.2993,0.0,841.06
10.3093,0.0,826.54
10.3193,0.0,801.46
10.3293,0.0,778.14
10.3393,0.0,749.76
10.3493,0.0,723.91
10.3593,0.0,689.26
10.3693,7.59,645.81
10.3793,27.83,602.25
10.3893,161.59,545.27
10.3993,235.73,494.23
10.4093,322.41,442.53
10.4193,481.8,399.3
10.4293,591.91,363.88
10.4393,616.88,336.71
10.4493,724.02,255.86
10.4593,788.81,185.35
10.4693,849.53,136.51
10.4793,903.98,76.56
10.4893,939.07,48.73
10.4993,970.86,25.74
10.5093,997.04,19.91
10.5193,1010.9,17.6
10.5293,1015.19,17.6
10.5393,1014.09,17.6
10.5493,999.79,17.6
10.5593,976.69,11.22
10.5693,957.88,11.99
10.5793,925.1,8.25
10.5893,903.21,8.25
10.5993,877.25,8.25
10.6093,844.47,8.25
10.6193,825.99,5.5
10.6293,806.3,8.25
10.6393,798.38,8.25
10.6493,779.68,5.5
10.6593,779.57,9.24
10.6693,773.19,9.24
10.6793,776.93,9.24
10.6893,784.52,9.24
10.6993,791.34,9.24
10.7093,800.58,9.24
10.7192,808.17,9.24
10.7292,832.15,11.22
10.7392,847.55,11.22
10.7492,869.77,9.24
10.7592,893.64,9.24
10.7692,914.21,5.5
10.7792,934.78,5.5
10.7892,944.35,5.5
10.7992,954.91,9.24
10.8092,949.96,11.22
10.8192,940.72,11.22
10.8292,922.24,5.72
10.8392,899.58,9.24
10.8492,881.54,9.24
10.8592,862.4,9.24
10.8692,843.59,5.5
10.8792,816.2,23.98
10.8892,774.18,179.85
10.8992,736.56,330.33
10.9092,681.34,407.0
10.9192,619.3,545.49
10.9292,538.23,640.53
10.9392,473.0,663.52
10.9492,382.25,735.9
10.9592,237.6,806.3
10.9692,153.56,859.65
10.9792,89.21,909.26
10.9892,43.56,950.51
10.9992,20.79,983.95
11.0092,16.39,1006.83
11.0192,16.39,1016.29
11.0292,10.01,1019.37
11.0392,3.85,1019.37
11.0492,2.53,1002.87
11.0592,2.53,985.49
11.0692,2.53,959.09
11.0792,0.0,928.73
11.0892,0.0,897.6
11.0992,0.0,862.51
11.1092,0.0,834.79
11.1192,0.0,800.91
11.1292,0.0,776.71
11.1392,0.0,753.28
11.1492,0.0,737.77
11.1592,0.0,726.77
11.1692,0.0,716.98
11.1792,0.0,713.79
11.1892,0.0,719.07
11.1992,0.0,723.03
11.2092,0.0,737.33
11.2192,0.0,759.77
11.2292,0.0,785.51
11.2392,0.0,802.01
11.2492,0.0,821.37
11.2592,0.0,833.91
11.2692,0.0,847.55
11.2792,0.0,854.81
11.2892,0.0,853.6
11.2992,0.0,845.9
11.3092,0.0,830.06
11.3192,0.0,803.33
11.3292,0.0,776.16
11.3392,0.0,750.53
11.3492,0.0,720.39
11.3592,0.0,677.05
11.3692,7.59,628.43
11.3792,53.35,578.38
11.3892,211.86,520.41
11.3992,270.93,468.71
11.4092,400.95,418.66
11.4192,584.21,388.19
11.4292,658.79,365.53
11.4392,688.38,325.49
11.4492,766.81,235.62
11.4592,830.5,178.64
11.4692,877.36,129.8
11.4792,934.56,70.84
11.4892,970.53,47.08
11.4992,1002.21,28.49
11.5092,1025.97,22.33
11.5192,1038.95,19.58
11.5292,1046.98,19.58
11.5392,1033.78,19.58
11.5492,1018.05,13.09
11.5592,994.07,11.22
11.5692,961.95,13.97
11.5792,931.04,11.22
11.5892,897.71,11.99
11.5992,865.81,11.99
11.6092,844.36,9.24
11.6192,821.92,9.24
11.6292,811.25,9.24
11.6392,799.15,9.24
11.6492,789.69,9.24
11.6592,789.14,9.24
11.6692,795.52,9.24
11.6792,797.28,9.24
11.6892,800.91,9.24
11.6992,819.94,11.22
11.7092,832.48,11.22
11.7192,855.47,11.22
11.7292,876.59,11.22
11.7392,896.5,9.24
11.7492,930.49,11.22
11.7592,950.73,9.24
11.7692,964.48,5.5
11.7792,985.16,5.5
11.7892,989.12,5.5
11.7992,986.04,5.5
11.8092,968.99,9.24
11.8192,955.13,9.24
11.8292,940.61,5.5
11.8392,922.13,5.5
11.8492,899.8,5.5
11.8592,864.49,5.5
11.8692,829.07,40.7
11.8792,781.88,288.09
11.8892,722.04,357.5
11.8992,646.58,522.39
11.9092,584.21,673.31
11.9192,530.86,712.8
11.9292,451.22,727.98
11.9392,314.71,781.55
11.9492,192.61,838.31
11.9592,128.48,893.75
11.9692,53.68,940.28
11.9792,15.73,977.24
11.9892,6.38,1002.98
11.9992,6.38,1017.06
12.0092,0.0,1035.98
12.0192,0.0,1044.56
12.0292,0.0,1038.07
12.0392,0.0,1020.91
12.0492,0.0,1000.12
12.0592,0.0,979.11
12.0692,0.0,952.82
12.0792,0.0,916.52
12.0892,0.0,880.44
12.0992,0.0,848.1
12.1092,0.0,812.02
12.1192,0.0,783.42
12.1292,0.0,755.81
12.1392,0.0,728.53
12.1491,0.0,708.07
12.1591,0.0,698.17
12.1691,0.0,688.05
12.1791,0.0,683.76
12.1891,0.0,681.01
12.1991,0.0,697.73
12.2091,0.0,705.76
12.2191,0.0,724.79
12.2291,0.0,743.6
12.2391,0.0,755.26
12.2491,0.0,762.52
12.2591,0.0,759.22
12.2691,0.0,754.93
12.2791,0.0,746.68
12.2891,0.0,740.63
12.2991,0.0,729.63
12.3091,0.0,707.63
12.3191,0.0,674.3
12.3291,0.0,641.19
12.3391,0.0,603.9
12.3491,5.06,560.89
12.3591,30.36,523.71
12.3691,179.41,486.31
12.3791,281.82,447.37
12.3891,427.13,416.9
12.3991,626.12,390.28
12.4091,699.38,367.73
12.4191,733.48,269.72
12.4291,825.33,201.63
12.4391,884.84,142.78
12.4491,950.18,86.13
12.4591,985.16,55.11
12.4691,1016.84,33.77
12.4791,1049.84,23.76
12.4891,1068.98,21.45
12.4991,1073.82,19.58
12.5091,1070.3,19.58
12.5191,1051.93,19.58
12.5291,1030.15,19.58
12.5391,992.42,13.09
12.5491,959.09,11.22
12.5591,921.8,11.22
12.5691,892.32,11.22
12.5791,855.91,11.22
12.5891,833.25,9.24
12.5991,815.54,9.24
12.6091,792.22,9.24
12.6191,773.74,9.24
12.6291,765.49,9.24
12.6391,755.7,9.24
12.6491,755.92,9.24
12.6591,759.77,9.24
12.6691,774.29,9.24
12.6791,793.65,11.22
12.6891,822.91,11.22
12.6991,849.75,11.22
12.7091,880.99,11.22
12.7191,909.92,11.22
12.7291,939.73,13.09
12.7391,965.8,13.09
12.7491,980.1,11.22
12.7591,987.25,13.09
12.7691,982.3,13.09
12.7791,974.05,13.09
12.7891,954.58,11.22
12.7991,934.78,11.22
12.8091,916.52,9.24
12.8191,896.72,9.24
12.8291,869.33,5.5
12.8391,836.44,5.5
12.8491,796.95,33.66
12.8591,751.63,328.24
12.8691,690.25,374.44
12.8791,617.1,541.09
12.8891,542.74,690.69
12.8991,483.01,727.1
12.9091,362.78,760.1
12.9191,227.15,834.68
12.9291,153.12,895.07
12.9391,72.49,940.06
12.9491,31.46,973.83
12.9591,10.01,1022.12
12.9691,8.69,1042.36
12.9791,8.69,1048.08
12.9891,0.0,1053.03
12.9991,0.0,1055.12
13.0091,0.0,1041.37
13.0191,0.0,1026.08
13.0291,0.0,999.02
13.0391,0.0,970.42
13.0491,0.0,936.76
13.0591,0.0,911.02
13.0691,0.0,869.0
13.0791,0.0,831.93
13.0891,0.0,799.37
13.0991,0.0,772.86
13.1091,0.0,745.8
13.1191,0.0,723.36
13.1291,0.0,703.56
13.1391,0.0,696.85
13.1491,0.0,699.38
13.1591,0.0,705.32
13.1691,0.0,721.93
13.1791,0.0,744.81
13.1891,0.0,766.81
13.1991,0.0,785.4
13.2091,0.0,807.51
13.2191,0.0,820.49
13.2291,0.0,826.98
13.2391,0.0,822.91
13.2491,0.0,813.89
13.2591,0.0,791.34
13.2691,0.0,775.5
13.2791,0.0,758.56
13.2891,0.0,737.88
13.2991,0.0,709.39
13.3091,0.0,666.38
13.3191,0.0,617.98
13.3291,17.71,569.8
13.3391,101.53,519.97
13.3491,245.19,475.64
13.3591,345.18,426.91
13.3691,525.91,396.22
13.3791,679.8,374.66
13.3891,701.03,341.44
13.3991,767.14,242.55
13.4091,834.02,176.33
13.4191,882.09,124.52
13.4291,926.97,77.22
13.4391,960.96,48.95
13.4491,985.93,27.61
13.4591,1009.58,21.45
13.4691,1021.24,21.45
13.4791,1023.22,21.45
13.4891,1022.78,21.45
13.4991,1005.95,19.58
13.5091,973.94,19.58
13.5191,951.28,13.09
13.5291,916.41,11.22
13.5391,877.36,11.22
13.5491,850.19,11.22
13.5591,819.06,11.22
13.5691,795.96,9.24
13.579,779.46,11.22
13.589,762.41,11.22
13.599,748.33,11.22
13.609,747.34,11.22
13.619,748.33,11.22
13.629,746.02,13.09
13.639,757.13,13.09
13.649,770.66,13.09
13.659,788.81,13.09
13.669,822.47,13.09
13.679,855.03,7.59
13.689,887.04,13.09
13.699,923.45,11.22
13.709,950.73,11.22
13.719,970.86,9.24
13.729,981.53,5.5
13.739,991.43,5.5
13.749,979.66,5.5
13.759,973.17,5.5
13.769,954.91,5.5
13.779,943.8,5.5
13.789,926.64,5.5
13.799,902.77,5.5
13.809,868.67,5.5
13.819,830.94,10.12
13.829,804.76,82.83
13.839,759.44,305.25
13.849,701.47,401.17
13.859,632.83,553.85
13.869,553.08,665.39
13.879,504.68,701.47
13.889,431.09,747.23
13.899,293.7,811.03
13.909,187.11,872.41
13.919,129.69,926.75
13.929,59.29,976.47
13.939,18.26,1001.44
13.949,8.69,1027.95
13.959,6.16,1048.85
13.969,0.0,1058.97
13.979,0.0,1066.34
13.989,0.0,1058.75
13.999,0.0,1041.04
14.009,0.0,1020.8
14.019,0.0,988.24
14.029,0.0,958.87
14.039,0.0,918.83
14.049,0.0,879.78
14.059,0.0,849.42
14.069,0.0,810.59
14.079,0.0,778.03
14.089,0.0,754.27
14.099,0.0,731.06
14.109,0.0,708.95
14.119,0.0,693.88
14.129,0.0,690.91
14.139,0.0,693.33
14.149,0.0,690.03
14.159,0.0,696.63
14.169,0.0,711.7
14.179,0.0,728.86
14.189,0.0,748.66
14.199,0.0,762.52
14.209,0.0,775.72
14.219,0.0,785.73
14.229,0.0,781.77
14.239,0.0,767.47
14.249,0.0,755.7
14.259,0.0,748.11
14.269,0.0,730.18
14.279,0.0,712.14
14.289,0.0,680.24
14.299,0.0,642.07
14.309,0.0,603.13
14.319,0.0,558.36
14.329,7.59,516.78
14.339,59.95,468.05
14.349,294.58,434.28
14.359,353.32,402.71
14.369,588.39,376.64
14.379,724.46,352.88
14.389,771.76,266.75
14.399,865.37,191.07
14.409,927.63,135.52
14.419,971.63,74.91
14.429,1019.37,51.59
14.439,1045.66,28.27
14.449,1074.37,25.74
14.459,1077.89,20.24
14.469,1076.79,23.43
14.479,1076.46,21.45
14.489,1065.46,21.45
14.499,1049.18,19.58
14.509,1015.74,15.07
14.519,982.52,19.58
14.529,943.36,15.07
14.539,906.84,9.57
14.549,871.75,14.08
14.559,835.78,9.57
14.569,811.36,19.58
14.579,782.54,14.08
14.589,756.36,14.08
14.599,741.18,9.57
14.609,729.52,14.08
14.619,725.56,15.95
14.629,726.33,14.08
14.639,729.63,14.08
14.649,754.38,7.59
14.659,772.09,7.59
14.669,815.21,5.72
14.679,847.66,3.74
14.689,883.74,9.24
14.699,915.09,5.5
14.709,945.67,5.5
14.719,965.03,5.5
14.729,977.13,5.5
14.739,975.37,5.5
14.749,977.24,5.5
14.759,966.57,5.5
14.769,947.98,5.5
14.779,940.61,5.5
14.789,918.94,8.25
14.799,892.76,5.5
14.809,868.56,12.87
14.819,827.09,75.57
14.829,796.29,306.02
14.839,733.04,371.91
14.849,677.71,543.29
14.859,603.24,669.13
14.869,540.32,690.58
14.879,487.96,722.48
14.889,397.87,766.7
14.899,248.38,816.64
14.909,166.76,876.48
14.919,90.97,918.61
14.929,45.43,958.98
14.939,18.26,981.42
14.949,6.38,1002.32
14.959,6.38,1018.16
14.969,0.0,1028.28
14.979,0.0,1025.42
14.989,0.0,1012.77
14.999,0.0,997.81
15.0089,0.0,979.99
15.0189,0.0,959.75
15.0289,0.0,933.57
15.0389,0.0,896.39
15.0489,0.0,869.99
15.0589,0.0,842.93
15.0689,0.0,806.74
15.0789,0.0,778.25
15.0889,0.0,753.06
15.0989,0.0,737.77
15.1089,0.0,723.25
15.1189,0.0,714.23
15.1289,0.0,705.1
15.1389,0.0,713.9
15.1489,0.0,720.61
15.1589,0.0,729.52
15.1689,0.0,744.04
15.1789,0.0,762.63
15.1889,0.0,778.69
15.1989,0.0,798.49
15.2089,0.0,812.57
15.2189,0.0,822.91
15.2289,0.0,826.98
15.2389,0.0,816.97
15.2489,0.0,804.32
15.2589,0.0,777.92
15.2689,0.0,762.41
15.2789,0.0,740.19
15.2889,0.0,713.13
15.2989,0.0,677.71
15.3089,0.0,634.48
15.3189,20.24,577.17
15.3289,136.62,532.29
15.3389,245.19,486.53
15.3489,333.85,440.33
15.3589,498.85,400.29
15.3689,621.17,369.6
15.3789,658.57,344.85
15.3889,744.26,257.07
15.3989,823.35,186.67
15.4089,887.92,135.74
15.4189,949.3,79.42
15.4289,982.96,49.61
15.4389,1021.02,35.75
15.4489,1042.36,20.24
15.4589,1064.03,20.24
15.4689,1066.67,25.74
15.4789,1060.73,25.74
15.4889,1037.74,25.74
15.4989,1018.38,21.45
15.5089,982.96,21.45
15.5189,952.16,15.95
15.5289,914.32,19.58
15.5389,890.78,15.07
15.5489,859.1,14.08
15.5589,835.56,14.08
15.5689,812.57,7.59
15.5789,800.36,7.59
15.5889,792.88,7.59
15.5989,785.4,7.59
15.6089,782.76,7.59
15.6189,786.39,7.59
15.6289,793.1,9.57
15.6389,795.85,9.57
15.6489,812.24,15.95
15.6589,829.18,14.08
15.6689,843.04,14.08
15.6789,868.45,9.57
15.6889,884.73,7.59
15.6989,912.01,5.72
15.7089,931.15,5.72
15.7189,942.92,9.24
15.7289,954.25,3.74
15.7389,957.66,3.74
15.7489,946.33,9.24
15.7589,933.57,3.74
15.7689,914.54,0.0
15.7789,903.65,5.5
15.7889,888.03,5.5
15.7989,868.56,5.5
15.8089,840.07,10.12
15.8189,810.37,66.55
15.8289,775.39,317.02
15.8389,730.95,352.44
15.8489,679.14,519.97
15.8589,607.31,626.67
15.8689,535.15,652.19
15.8789,474.43,687.5
15.8889,368.17,755.81
15.8989,225.5,825.88
15.9089,154.88,884.29
15.9189,83.38,931.48
15.9289,42.24,969.54
15.9389,18.15,998.25
15.9489,15.07,1019.48
15.9589,8.69,1037.96
15.9689,0.0,1038.07
15.9789,0.0,1035.32
15.9889,0.0,1022.67
15.9989,0.0,1001.22
16.0089,0.0,977.9
16.0189,0.0,949.41
16.0289,0.0,918.06
16.0389,0.0,889.35
16.0489,0.0,854.7
16.0589,0.0,824.01
16.0689,0.0,793.1
16.0789,0.0,773.19
16.0889,0.0,747.56
16.0989,0.0,740.74
16.1089,0.0,732.27
16.1189,0.0,729.08
16.1289,0.0,723.14
16.1389,0.0,739.75
16.1489,0.0,744.26
16.1589,0.0,758.01
16.1689,0.0,779.35
16.1789,0.0,795.3
16.1889,0.0,810.04
16.1989,0.0,824.12
16.2089,0.0,835.67
16.2189,0.0,830.28
16.2289,0.0,827.64
16.2389,0.0,806.41
16.2489,0.0,787.38
16.2589,0.0,764.72
16.2689,0.0,741.07
16.2789,0.0,709.61
16.2889,0.0,674.85
16.2989,0.0,634.15
16.3089,20.24,588.06
16.3189,85.47,538.12
16.3289,232.43,496.54
16.3389,299.86,443.19
16.3489,495.11,401.83
16.3589,604.23,375.65
16.3689,613.25,349.36
16.3789,677.93,286.99
16.3889,761.86,204.82
16.3989,818.73,149.38
16.4089,872.85,93.94
16.4189,913.0,55.77
16.4288,949.96,34.43
16.4388,986.59,24.42
16.4488,1002.65,24.42
16.4588,1020.91,24.42
16.4688,1018.82,22.11
16.4788,1004.41,26.73
16.4888,988.68,20.24
16.4988,966.24,20.24
16.5088,934.23,18.26
16.5188,910.58,15.95
16.5288,881.1,15.95
16.5388,863.17,15.95
16.5488,839.63,15.95
16.5588,827.31,15.95
16.5688,816.09,15.95
16.5788,819.28,15.95
16.5888,818.73,15.95
16.5988,814.55,14.08
16.6088,817.85,15.95
16.6188,820.05,14.08
16.6288,831.05,14.08
16.6388,845.35,12.1
16.6488,859.76,12.1
16.6588,868.67,12.1
16.6688,887.15,12.1
16.6788,909.48,12.1
16.6888,925.76,7.59
16.6988,939.51,7.59
16.7088,948.64,5.72
16.7188,952.6,7.59
16.7288,948.75,7.59
16.7388,936.65,7.59
16.7488,924.0,7.59
16.7588,916.74,7.59
16.7688,899.47,7.59
16.7788,881.76,7.59
16.7888,855.03,12.21
16.7988,814.77,33.0
16.8088,779.35,234.41
16.8188,729.96,308.88
16.8288,666.49,446.27
16.8388,600.27,629.97
16.8488,537.9,723.8
16.8588,486.2,730.62
16.8688,413.16,754.38
16.8788,282.48,792.33
16.8888,184.8,842.71
16.8988,128.04,892.32
16.9088,53.68,938.52
16.9188,24.53,968.22
16.9288,6.38,995.72
16.9388,0.0,1014.42
16.9488,0.0,1036.31
16.9588,0.0,1047.64
16.9688,0.0,1038.4
16.9788,0.0,1026.41
16.9888,0.0,1001.77
16.9988,0.0,976.91
17.0088,0.0,950.62
17.0188,0.0,921.47
17.0288,0.0,886.16
17.0388,0.0,858.55
17.0488,0.0,822.14
17.0588,0.0,796.84
17.0688,0.0,769.56
17.0788,0.0,744.48
17.0888,0.0,723.58
17.0988,0.0,717.86
17.1088,0.0,705.98
17.1188,0.0,708.73
17.1288,0.0,707.08
17.1388,0.0,710.82
17.1488,0.0,721.93
17.1588,0.0,742.83
17.1688,0.0,755.48
17.1788,0.0,777.37
17.1888,0.0,789.69
17.1988,0.0,800.58
17.2088,0.0,806.74
17.2188,0.0,806.19
17.2288,0.0,791.34
17.2388,0.0,769.67
17.2488,0.0,754.93
17.2588,0.0,739.86
17.2688,0.0,716.54
17.2788,0.0,693.22
17.2888,0.0,655.38
17.2988,5.06,613.91
17.3088,32.89,570.68
17.3188,211.97,527.67
17.3288,270.38,481.91
17.3388,398.64,436.81
17.3488,578.49,394.24
17.3588,642.95,372.13
17.3688,668.8,333.74
17.3788,759.11,258.61
17.3888,819.39,190.63
17.3988,875.05,135.08
17.4088,923.56,74.47
17.4188,958.54,44.44
17.4288,990.55,28.71
17.4388,1020.36,20.24
17.4488,1026.96,15.07
17.4588,1042.14,5.5
17.4688,1028.94,7.48
17.4788,1012.99,7.48
17.4888,990.0,7.48
17.4988,969.76,7.48
17.5088,935.33,4.95
17.5188,903.76,4.95
17.5288,880.88,4.95
17.5388,856.02,4.95
17.5488,835.45,4.95
17.5588,820.93,4.95
17.5688,802.67,4.95
17.5788,791.67,4.95
17.5888,787.71,4.95
17.5988,774.62,4.95
17.6088,778.69,4.95
17.6188,774.18,4.95
17.6288,783.97,12.1
17.6388,798.38,9.57
17.6488,816.75,14.52
17.6588,831.49,11.99
17.6688,854.92,4.62
17.6788,878.57,4.62
17.6888,896.28,0.0
17.6988,920.15,0.0
17.7088,932.69,4.62
17.7188,940.17,7.04
17.7288,940.28,9.35
17.7388,938.63,9.35
17.7488,923.78,11.77
17.7588,909.15,10.12
17.7688,891.0,12.54
17.7788,874.39,5.5
17.7888,851.84,11.0
17.7988,825.55,14.74
17.8088,803.66,116.05
17.8188,769.56,268.29
17.8288,730.18,345.95
17.8388,682.77,483.34
17.8488,617.76,608.41
17.8587,541.75,649.0
17.8687,478.61,697.62
17.8787,396.11,735.57
17.8887,261.58,785.84
17.8987,168.19,843.37
17.9087,109.89,893.53
17.9187,55.55,933.68
17.9287,28.27,969.98
17.9387,13.09,992.64
17.9487,10.01,1015.3
17.9587,8.69,1026.85
17.9687,2.53,1036.75
17.9787,0.0,1032.9
17.9887,0.0,1017.39
17.9987,0.0,1000.67
18.0087,0.0,979.33
18.0187,0.0,947.65
18.0287,0.0,917.18
18.0387,0.0,880.77
18.0487,0.0,855.91
18.0587,0.0,827.42
18.0687,0.0,806.96
18.0787,0.0,784.85
18.0887,0.0,771.76
18.0987,0.0,761.97
18.1087,0.0,755.81
18.1187,0.0,748.0
18.1287,39.71,752.51
18.1387,21.67,749.87
18.1487,10.01,753.28
18.1587,10.45,765.27
18.1687,0.0,771.76
18.1787,0.0,784.08
18.1887,0.0,793.87
18.1987,5.06,800.36
18.2087,0.0,810.15
18.2187,0.0,817.96
18.2287,0.0,815.21
18.2387,0.0,813.01
18.2487,0.0,806.96
18.2587,0.0,783.31
18.2687,0.0,752.73
18.2787,0.0,731.17
18.2887,0.0,705.76
18.2987,0.0,671.44
18.3087,0.0,636.79
18.3187,10.12,595.65
18.3287,40.7,551.98
18.3387,207.02,505.23
18.3487,300.52,458.92
18.3587,446.49,416.35
18.3687,610.72,382.14
18.3787,703.89,356.95
18.3887,768.02,322.74
18.3987,825.66,246.29
18.4087,885.06,161.48
18.4187,941.49,110.55
18.4287,1008.04,64.46
18.4387,1052.04,33.0
18.4487,1089.77,14.63
18.4587,1115.95,10.01
18.4687,1133.11,7.48
18.4787,1130.03,7.48
18.4887,1130.8,7.48
18.4987,1120.68,7.48
18.5087,1099.56,7.48
18.5187,1085.81,7.48
18.5287,1059.52,4.95
18.5387,1041.48,12.1
18.5487,1009.03,12.1
18.5587,978.45,9.57
18.5687,947.32,7.48
18.5787,915.09,4.95
18.5887,895.84,4.95
18.5987,873.84,4.95
18.6087,855.25,7.48
18.6187,846.12,7.48
18.6287,836.88,4.95
18.6387,838.31,4.95
18.6487,837.65,4.95
18.6587,848.87,0.0
18.6687,853.27,9.57
18.6787,864.82,9.57
18.6887,867.57,9.57
18.6987,878.02,0.0
18.7087,893.53,0.0
18.7187,898.26,0.0
18.7287,902.55,0.0
18.7387,900.35,0.0
18.7487,901.34,5.5
18.7587,906.51,5.5
18.7687,896.72,5.5
18.7787,890.23,5.5
18.7887,891.33,15.62
18.7987,883.52,22.88
18.8087,865.92,85.69
18.8187,849.64,119.24
18.8287,831.82,185.57
18.8387,795.19,266.64
18.8487,757.02,368.39
18.8587,715.88,442.31
18.8687,663.74,496.87
18.8787,603.9,548.68
18.8887,546.37,613.91
18.8987,484.55,654.5
18.9087,421.19,693.22
18.9187,350.24,708.07
18.9287,283.14,716.21
18.9387,222.97,717.86
18.9487,176.33,712.36
18.9587,144.43,698.83
18.9687,110.11,685.63
18.9787,86.13,671.66
18.9887,75.24,656.15
18.9987,63.25,638.22
19.0087,55.66,619.85
19.0187,44.88,608.41
19.0287,52.36,593.12
19.0387,49.28,579.92
19.0487,47.96,569.36
19.0587,55.66,558.8
19.0687,63.25,548.24
19.0787,73.92,537.79
19.0887,80.19,528.66
19.0987,80.19,518.43
19.1087,83.49,509.52
19.1187,85.36,498.41
19.1287,85.47,492.14
19.1387,91.85,488.07
19.1487,89.98,478.39
19.1587,98.23,478.94
19.1687,108.9,472.45
19.1787,118.58,468.71
19.1887,121.66,491.81
19.1987,129.25,468.38
19.2087,132.33,471.79
19.2187,133.65,477.07
19.2287,136.73,489.94
19.2387,132.33,497.97
19.2487,135.41,508.42
19.2587,135.41,523.49
19.2687,129.14,533.94
19.2787,121.55,546.92
19.2886,121.55,557.15
19.2986,109.45,567.16
19.3086,103.18,574.64
19.3186,95.59,579.59
19.3286,92.4,587.07
19.3386,81.62,591.8
19.3486,72.27,594.11
19.3586,49.39,594.66
19.3686,36.74,591.69
19.3786,25.85,589.82
19.3886,18.15,587.07
19.3986,13.75,579.59
19.4086,11.22,574.09
19.4186,11.22,559.24
19.4286,11.22,551.1
19.4386,13.75,547.8
19.4486,18.92,532.51
19.4586,30.25,516.78
19.4686,51.15,498.63
19.4786,93.83,479.38
19.4886,135.3,463.32
19.4986,187.44,443.19
19.5086,278.96,425.7
19.5186,336.71,403.81
19.5286,379.94,379.39
19.5386,404.03,357.39
19.5486,430.21,335.94
19.5586,461.23,317.13
19.5686,492.47,304.59
19.5786,537.79,296.78
19.5886,583.0,268.84
19.5986,629.75,214.5
19.6086,688.6,168.74
19.6186,742.39,138.71
19.6286,790.46,117.92
19.6386,844.58,86.68
19.6486,885.83,58.08
19.6586,924.44,32.34
19.6686,952.38,20.24
19.6786,975.37,15.84
19.6886,976.91,12.1
19.6986,983.07,4.95
19.7086,970.97,7.48
19.7186,959.31,4.95
19.7286,947.21,4.95
19.7386,937.31,4.95
19.7486,926.53,4.95
19.7586,908.16,4.95
19.7686,899.8,4.95
19.7786,891.55,4.95
19.7886,884.4,4.95
19.7986,883.74,4.95
19.8086,883.41,4.95
19.8186,891.99,4.95
19.8286,892.43,4.95
19.8386,902.22,4.95
19.8486,916.52,4.95
19.8586,929.28,9.57
19.8686,939.4,9.24
19.8786,966.24,9.57
19.8886,976.69,9.57
19.8986,997.37,9.57
19.9086,1007.49,0.0
19.9186,1018.71,0.0
19.9286,1027.51,4.62
19.9386,1043.79,4.62
19.9486,1048.63,7.04
19.9586,1043.68,7.04
19.9686,1035.32,7.04
19.9786,1041.37,7.04
19.9886,1036.42,7.04
19.9986,1034.0,7.04
20.0086,1040.49,4.62
20.0186,1028.5,0.0
20.0286,1010.24,0.0
20.0386,995.94,11.55
20.0486,972.95,67.87
20.0586,945.01,185.57
20.0686,918.94,213.18
20.0786,887.26,247.17
20.0886,850.85,255.86
20.0986,797.72,266.09
20.1086,745.03,311.19
20.1186,693.88,359.37
20.1286,634.26,435.6
20.1386,582.89,510.62
20.1486,536.36,572.44
20.1586,489.39,624.91
20.1686,432.19,677.49
20.1786,359.59,725.78
20.1886,245.3,766.81
20.1986,179.52,809.16
20.2086,136.18,835.78
20.2186,79.64,856.46
20.2286,36.85,872.96
20.2386,6.38,887.15
20.2486,6.38,899.58
20.2586,0.0,901.12
20.2686,0.0,902.77
20.2786,0.0,898.26
20.2886,0.0,890.34
20.2986,0.0,877.25
20.3086,0.0,864.27
20.3186,0.0,860.64
20.3286,0.0,853.38
20.3386,0.0,840.51
20.3486,0.0,829.95
20.3586,0.0,818.62
20.3686,0.0,814.99
20.3786,0.0,799.59
20.3886,0.0,793.65
20.3986,0.0,793.65
20.4086,0.0,795.3
20.4186,0.0,792.88
20.4286,0.0,799.48
20.4386,0.0,799.59
20.4486,0.0,801.02
20.4586,0.0,808.72
20.4686,0.0,819.39
20.4786,0.0,825.88
20.4886,0.0,824.56
20.4986,0.0,823.9
20.5086,0.0,813.01
20.5186,0.0,816.31
20.5286,0.0,817.08
20.5386,0.0,822.36
20.5486,0.0,822.25
20.5586,0.0,815.32
20.5686,0.0,805.31
20.5786,0.0,785.18
20.5886,0.0,766.26
20.5986,0.0,747.01
20.6086,0.0,713.79
20.6186,0.0,683.21
20.6286,10.12,650.1
20.6386,35.42,597.96
20.6486,132.22,555.39
20.6586,201.3,505.34
20.6686,262.46,454.3
20.6786,336.38,404.69
20.6886,429.66,371.25
20.6986,477.51,351.45
20.7086,529.98,330.0
20.7185,658.57,260.15
20.7285,748.11,192.17
20.7385,820.6,150.37
20.7485,880.11,96.14
20.7585,932.14,56.65
20.7685,971.85,35.53
20.7785,1002.1,10.01
20.7885,1014.09,10.01
20.7985,1024.76,7.48
20.8085,1018.6,7.48
20.8185,1004.74,7.48
20.8285,986.26,7.48
20.8385,960.52,7.48
20.8485,937.97,7.48
20.8585,918.06,7.48
20.8685,894.19,7.48
20.8785,879.01,7.48
20.8885,870.65,7.48
20.8985,857.67,7.48
20.9085,858.33,7.48
20.9185,856.24,7.48
20.9285,861.74,7.48
20.9385,873.18,7.48
20.9485,881.54,12.1
20.9585,896.28,12.1
20.9685,906.29,12.1
20.9785,917.51,12.1
20.9885,926.86,14.52
20.9985,940.72,14.52
21.0085,960.52,9.57
21.0185,979.77,9.57
21.0285,989.23,4.62
21.0385,1006.94,4.62
21.0485,1017.61,7.04
21.0585,1020.25,9.35
21.0685,1026.3,9.35
21.0785,1020.8,9.35
21.0885,1007.49,9.35
21.0985,983.73,9.35
21.1085,964.37,12.87
21.1185,949.74,11.0
21.1285,924.22,9.24
21.1385,891.99,5.72
21.1485,860.42,4.62
21.1585,812.35,65.12
21.1685,762.85,243.43
21.1785,703.67,282.04
21.1885,648.78,431.75
21.1985,595.21,566.61
21.2085,542.96,621.61
21.2185,481.36,651.42
21.2285,431.86,696.52
21.2385,274.12,765.6
21.2485,187.55,821.37
21.2585,134.42,889.9
21.2685,58.3,926.75
21.2785,21.67,960.63
21.2885,9.57,986.59
21.2985,9.57,995.94
21.3085,6.38,1008.81
21.3185,0.0,1008.7
21.3285,0.0,1000.12
21.3385,0.0,979.66
21.3485,0.0,969.32
21.3585,0.0,940.28
21.3685,0.0,919.49
21.3785,0.0,882.97
21.3885,0.0,851.62
21.3985,0.0,826.32
21.4085,0.0,797.39
21.4185,0.0,768.57
21.4285,0.0,757.35
21.4385,0.0,737.33
21.4485,0.0,722.92
21.4585,0.0,724.68
21.4685,0.0,726.77
21.4785,0.0,728.09
21.4885,0.0,739.42
21.4985,0.0,749.21
21.5085,0.0,774.4
21.5185,0.0,788.81
21.5285,0.0,799.26
21.5385,0.0,815.54
21.5485,0.0,825.22
21.5585,0.0,836.0
21.5685,0.0,842.27
21.5785,0.0,840.4
21.5885,0.0,832.15
21.5985,0.0,802.89
21.6085,0.0,780.12
21.6185,0.0,754.27
21.6285,0.0,728.64
21.6385,0.0,692.12
21.6485,0.0,648.01
21.6585,7.59,606.32
21.6685,37.95,560.01
21.6785,197.78,501.82
21.6885,256.19,444.07
21.6985,365.09,394.9
21.7085,488.73,367.29
21.7185,577.83,340.23
21.7285,596.42,309.98
21.7385,724.13,223.74
21.7485,812.13,162.03
21.7585,877.14,115.39
21.7685,936.54,64.9
21.7785,974.71,37.51
21.7885,1002.1,33.22
21.7985,1027.29,14.52
21.8085,1036.09,10.01
21.8185,1029.49,4.95
21.8285,1012.0,10.01
21.8385,987.25,7.48
21.8485,964.26,7.48
21.8585,936.76,7.48
21.8685,907.61,7.48
21.8785,872.85,7.48
21.8885,846.45,7.48
21.8985,821.37,7.48
21.9085,802.89,4.95
21.9185,789.58,7.48
21.9285,776.49,7.48
21.9385,768.57,7.48
21.9485,766.7,7.48
21.9585,774.07,9.57
21.9685,777.59,9.57
21.9785,791.34,9.57
21.9885,809.38,9.57
21.9985,825.99,9.57
22.0085,849.2,9.57
22.0185,879.23,11.99
22.0285,901.12,7.04
22.0385,927.41,7.04
22.0485,949.52,7.04
22.0585,977.24,7.04
22.0685,992.75,9.35
22.0785,1008.37,9.35
22.0885,1013.65,9.35
22.0985,1013.87,11.77
22.1085,1004.3,9.35
22.1185,973.06,17.6
22.1285,952.71,5.5
22.1385,923.56,8.25
22.1484,898.04,11.0
22.1584,874.39,11.0
22.1684,835.78,48.95
22.1784,790.79,263.12
22.1884,737.22,307.12
22.1984,673.09,461.45
22.2084,601.15,612.04
22.2184,540.32,662.2
22.2284,479.38,678.59
22.2384,393.69,734.25
22.2484,253.0,784.3
22.2584,176.44,844.47
22.2684,106.26,895.73
22.2784,51.15,932.8
22.2884,28.38,958.98
22.2984,20.9,978.67
22.3084,17.71,998.47
22.3184,8.91,1008.37
22.3284,2.53,1013.21
22.3384,0.0,996.05
22.3484,0.0,984.61
22.3584,0.0,953.26
22.3684,0.0,929.72
22.3784,0.0,898.15
22.3884,0.0,864.38
22.3984,0.0,831.49
22.4084,0.0,790.79
22.4184,0.0,762.41
22.4284,0.0,740.08
22.4384,0.0,707.19
22.4484,0.0,687.83
22.4584,0.0,684.31
22.4684,0.0,678.59
22.4784,0.0,678.37
22.4884,0.0,680.24
22.4984,0.0,688.27
22.5084,0.0,697.62
22.5184,0.0,715.88
22.5284,0.0,739.64
22.5384,0.0,756.69
22.5484,0.0,775.61
22.5584,0.0,788.59
22.5684,0.0,786.5
22.5784,0.0,789.8
22.5884,0.0,779.35
22.5984,0.0,761.09
22.6084,0.0,739.64
22.6184,0.0,719.95
22.6284,0.0,697.95
22.6384,0.0,663.19
22.6484,0.0,628.21
22.6584,0.0,577.72
22.6684,20.24,528.88
22.6784,124.74,485.87
22.6884,269.94,436.37
22.6984,359.37,392.81
22.7084,504.13,358.38
22.7184,599.83,343.75
22.7284,598.62,314.38
22.7384,685.19,221.43
22.7484,785.18,166.43
22.7584,860.97,111.1
22.7684,930.71,62.92
22.7784,973.61,41.69
22.7884,1008.15,22.77
22.7984,1039.83,18.37
22.8084,1050.94,10.01
22.8184,1048.41,7.48
22.8284,1043.02,7.48
22.8384,1023.77,7.48
22.8484,999.35,7.48
22.8584,967.56,7.48
22.8684,943.03,7.48
22.8784,907.94,7.48
22.8884,872.85,7.48
22.8984,839.85,7.48
22.9084,813.67,7.48
22.9184,792.11,7.48
22.9284,775.5,7.48
22.9384,763.62,4.95
22.9484,759.88,4.95
22.9584,751.63,4.95
22.9684,753.83,4.95
22.9784,764.28,7.48
22.9884,777.15,12.1
22.9984,787.71,12.1
23.0084,809.93,14.52
23.0184,829.07,11.99
23.0284,858.33,9.57
23.0384,888.36,9.57
23.0484,919.27,4.62
23.0584,949.3,11.99
23.0684,975.81,7.04
23.0784,986.04,7.04
23.0884,994.29,9.35
23.0984,990.33,9.35
23.1084,979.11,9.35
23.1184,964.04,9.35
23.1284,943.91,15.29
23.1384,920.04,11.0
23.1484,895.07,8.25
23.1584,860.2,13.75
23.1684,826.32,36.63
23.1784,783.75,240.46
23.1884,731.61,310.53
23.1984,664.07,446.49
23.2084,589.27,610.83
23.2184,525.25,662.75
23.2284,469.37,688.71
23.2384,354.42,733.48
23.2484,223.74,782.76
23.2584,153.12,831.05
23.2684,90.97,880.22
23.2784,46.75,911.46
23.2884,27.06,943.91
23.2984,23.87,965.69
23.3084,15.07,978.12
23.3184,6.38,981.86
23.3284,0.0,985.27
23.3384,0.0,981.31
23.3484,0.0,970.64
23.3584,0.0,948.64
23.3684,0.0,926.42
23.3784,0.0,891.11
23.3884,0.0,859.98
23.3984,0.0,829.95
23.4084,0.0,799.37
23.4184,0.0,767.91
23.4284,0.0,738.21
23.4384,0.0,718.3
23.4484,0.0,703.34
23.4584,0.0,688.93
23.4684,0.0,674.96
23.4784,0.0,678.92
23.4884,0.0,666.82
23.4984,0.0,666.82
23.5084,0.0,674.08
23.5184,0.0,686.95
23.5284,0.0,704.22
23.5384,0.0,724.13
23.5484,0.0,732.05
23.5584,0.0,744.92
23.5684,0.0,751.19
23.5783,0.0,745.58
23.5883,0.0,736.56
23.5983,0.0,719.07
23.6083,0.0,713.13
23.6183,0.0,687.5
23.6283,0.0,670.45
23.6383,0.0,633.27
23.6483,0.0,600.05
23.6583,10.12,551.98
23.6683,64.9,503.36
23.6783,238.92,460.24
23.6883,312.62,413.27
23.6983,439.34,378.73
23.7083,587.18,347.05
23.7183,598.29,330.11
23.7283,654.61,271.59
23.7383,768.79,199.21
23.7483,844.58,150.04
23.7583,917.4,87.67
23.7683,970.64,50.05
23.7783,1015.3,25.3
23.7883,1047.2,14.63
23.7983,1062.38,12.1
23.8083,1066.56,7.48
23.8183,1055.89,7.48
23.8283,1034.55,7.48
23.8383,1008.81,7.48
23.8483,976.58,7.48
23.8583,945.45,7.48
23.8683,910.03,7.48
23.8783,876.59,7.48
23.8883,849.75,7.48
23.8983,825.44,7.48
23.9083,805.64,7.48
23.9183,791.01,7.48
23.9283,779.68,10.01
23.9383,782.87,7.48
23.9483,780.01,7.48
23.9583,784.19,7.48
23.9683,787.71,12.1
23.9783,802.01,12.1
23.9883,817.74,9.57
23.9983,838.86,4.95
24.0083,858.22,4.95
24.0183,880.77,0.0
24.0283,909.04,0.0
24.0383,933.57,0.0
24.0483,953.92,4.62
24.0583,969.87,7.04
24.0683,978.12,7.04
24.0783,985.49,7.04
24.0883,979.88,7.04
24.0983,968.11,7.04
24.1083,945.12,10.12
24.1183,925.21,8.25
24.1283,907.28,9.24
24.1383,873.73,11.99
24.1483,848.87,8.25
24.1583,814.88,8.25
24.1683,770.11,33.66
24.1783,728.97,289.85
24.1883,656.15,360.14
24.1983,590.15,569.58
24.2083,518.54,698.72
24.2183,467.39,717.53
24.2283,345.51,760.54
24.2383,210.65,820.93
24.2483,144.65,869.88
24.2583,68.09,929.61
24.2683,35.86,966.46
24.2783,26.95,999.13
24.2883,23.87,1020.69
24.2983,15.07,1036.31
24.3083,0.0,1056.33
24.3183,0.0,1058.31
24.3283,0.0,1051.16
24.3383,0.0,1037.3
24.3483,0.0,1008.59
24.3583,0.0,988.9
24.3683,0.0,952.82
24.3783,0.0,918.94
24.3883,0.0,877.8
24.3983,0.0,837.32
24.4083,0.0,803.55
24.4183,0.0,768.9
24.4283,0.0,747.01
24.4383,0.0,728.86
24.4483,0.0,710.05
24.4583,0.0,700.81
24.4683,0.0,697.73
24.4783,0.0,704.44
24.4883,0.0,704.88
24.4983,0.0,717.31
24.5083,0.0,734.69
24.5183,0.0,748.77
24.5283,0.0,757.79
24.5383,0.0,769.56
24.5483,0.0,770.11
24.5583,0.0,771.98
24.5683,0.0,757.35
24.5783,0.0,748.66
24.5883,0.0,736.45
24.5983,0.0,720.94
24.6083,0.0,703.23
24.6183,0.0,673.75
24.6283,0.0,637.89
24.6383,0.0,592.24
24.6483,27.83,549.89
24.6583,150.04,503.25
24.6683,257.18,456.61
24.6783,367.07,415.91
24.6883,499.51,385.22
24.6983,603.24,352.66
24.7083,629.2,327.58
24.7183,743.93,265.87
24.7283,829.07,180.84
24.7383,895.84,136.73
24.7483,956.34,92.18
24.7583,992.64,55.11
24.7683,1034.11,35.86
24.7783,1057.43,23.32
24.7883,1071.73,12.54
24.7983,1074.37,10.01
24.8083,1067.33,10.01
24.8183,1044.45,10.01
24.8283,1023.88,10.01
24.8383,989.78,10.01
24.8483,956.01,7.48
24.8583,917.07,7.48
24.8683,888.36,7.48
24.8783,855.25,7.48
24.8883,826.98,7.48
24.8983,809.49,7.48
24.9083,793.1,4.95
24.9183,784.74,4.95
24.9283,777.48,4.95
24.9383,775.83,4.95
24.9483,776.71,4.95
24.9583,773.63,0.0
24.9683,787.05,0.0
24.9783,796.51,4.95
24.9883,811.58,4.95
24.9983,830.28,9.57
25.0082,857.56,9.57
25.0182,883.41,11.99
25.0282,910.25,11.99
25.0382,934.23,11.99
25.0482,953.59,11.99
25.0582,977.9,7.04
25.0682,988.9,7.04
25.0782,993.63,7.04
25.0882,990.44,9.35
25.0982,978.45,9.35
25.1082,968.33,4.62
25.1182,944.02,9.35
25.1282,911.46,9.35
25.1382,887.48,9.35
25.1482,859.32,7.04
25.1582,831.6,12.54
25.1682,795.52,35.53
25.1782,760.76,285.12
25.1882,716.1,317.46
25.1982,661.21,473.0
25.2082,586.19,595.54
25.2182,509.85,644.16
25.2282,442.09,686.73
25.2382,309.65,759.66
25.2482,199.98,811.69
25.2582,145.75,866.91
25.2682,66.33,913.33
25.2782,35.86,955.13
25.2882,29.59,985.27
25.2982,29.59,1004.08
25.3082,10.01,1021.24
25.3182,10.01,1024.98
25.3282,8.69,1027.29
25.3382,3.85,1006.72
25.3482,8.69,994.07
25.3582,2.53,975.26
25.3682,0.0,954.69
25.3782,0.0,921.47
25.3882,0.0,894.3
25.3982,0.0,861.63
25.4082,0.0,832.7
25.4182,0.0,807.29
25.4282,0.0,785.95
25.4382,0.0,763.84
25.4482,0.0,759.11
25.4582,0.0,744.37
25.4682,0.0,742.39
25.4782,0.0,743.82
25.4882,0.0,740.85
25.4982,0.0,750.86
25.5082,0.0,759.22
25.5182,0.0,769.34
25.5282,0.0,779.57
25.5382,0.0,791.23
25.5482,0.0,799.7
25.5582,0.0,813.67
25.5682,0.0,819.72
25.5782,0.0,817.74
25.5882,0.0,813.01
25.5982,0.0,798.16
25.6082,0.0,782.54
25.6182,0.0,761.97
25.6282,0.0,740.96
25.6382,0.0,720.94
25.6482,0.0,688.82
25.6582,0.0,637.45
25.6682,12.65,587.51
25.6782,71.28,530.97
25.6882,214.72,478.72
25.6982,296.56,437.58
25.7082,414.48,403.04
25.7182,548.13,366.74
25.7282,587.18,341.0
25.7382,632.06,318.56
25.7482,738.65,249.26
25.7582,802.01,176.33
25.7682,875.82,129.91
25.7782,918.72,90.86
25.7882,964.7,54.45
25.7982,996.38,35.86
25.8082,1021.24,20.79
25.8182,1037.19,18.37
25.8282,1045.99,10.01
25.8382,1036.09,7.48
25.8482,1026.19,7.48
25.8582,1005.18,7.48
25.8682,976.8,7.48
25.8782,950.95,7.48
25.8882,923.56,7.48
25.8982,894.63,7.48
25.9082,870.32,7.48
25.9182,846.45,7.48
25.9282,832.15,7.48
25.9382,814.22,7.48
25.9482,794.2,7.48
25.9582,794.09,4.95
25.9682,786.94,4.95
25.9782,791.34,4.95
25.9882,796.73,7.48
25.9982,797.61,7.48
26.0082,808.17,7.48
26.0182,824.56,7.48
26.0282,837.1,7.48
26.0382,858.44,12.1
26.0482,891.11,9.57
26.0582,918.28,9.57
26.0682,943.91,9.57
26.0782,966.79,11.99
26.0882,988.46,11.99
26.0982,999.9,9.57
26.1082,1010.57,11.99
26.1182,1012.99,7.04
26.1282,1004.41,7.04
26.1382,989.78,7.04
26.1482,971.63,7.04
26.1582,944.02,7.04
26.1682,922.46,4.62
26.1782,897.93,0.0
26.1882,862.07,8.25
26.1982,828.74,61.49
26.2082,777.48,282.04
26.2182,731.17,325.82
26.2282,663.3,479.05
26.2382,589.71,592.02
26.2482,536.8,632.83
26.2582,481.25,679.36
26.2682,411.51,726.77
26.2782,273.68,779.35
26.2882,182.16,833.03
26.2982,126.61,880.22
26.3082,65.01,911.35
26.3182,27.06,936.54
26.3282,2.53,954.91
26.3382,0.0,975.59
26.3482,0.0,979.44
26.3582,0.0,988.24
26.3682,0.0,985.16
26.3782,0.0,964.81
26.3882,0.0,949.74
26.3982,0.0,934.78
26.4082,0.0,911.24
26.4182,0.0,885.06
26.4282,0.0,858.11
26.4381,0.0,831.49
26.4481,0.0,804.87
26.4581,0.0,781.33
26.4681,0.0,765.6
26.4781,0.0,753.61
26.4881,0.0,739.75
26.4981,0.0,729.63
26.5081,0.0,727.65
26.5181,0.0,726.22
26.5281,0.0,732.27
26.5381,0.0,733.7
26.5481,0.0,746.46
26.5581,0.0,767.69
26.5681,0.0,780.12
26.5781,0.0,790.79
26.5881,0.0,799.92
26.5981,0.0,816.64
26.6081,0.0,828.96
26.6181,0.0,831.71
26.6281,0.0,831.6
26.6381,0.0,822.36
26.6481,0.0,806.63
26.6581,0.0,775.61
26.6681,0.0,748.99
26.6781,0.0,727.76
26.6881,0.0,688.49
26.6981,0.0,653.29
26.7081,5.06,613.25
26.7181,27.83,567.27
26.7281,173.36,525.14
26.7381,248.71,474.87
26.7481,337.92,421.85
26.7581,485.1,380.49
26.7681,572.99,353.54
26.7781,588.72,337.92
26.7881,696.41,286.88
26.7981,778.25,196.79
26.8081,846.23,136.84
26.8181,906.95,92.07
26.8281,948.64,55.44
26.8381,984.94,31.79
26.8481,1008.04,23.43
26.8581,1023.66,17.16
26.8681,1030.81,12.54
26.8781,1027.95,10.01
26.8881,1012.11,10.01
26.8981,993.3,10.01
26.9081,970.2,10.01
26.9181,952.6,10.01
26.9281,928.95,7.48
26.9381,902.33,7.48
26.9481,885.17,7.48
26.9581,862.73,7.48
26.9681,852.94,7.48
26.9781,834.35,7.48
26.9881,827.2,7.48
26.9981,823.13,7.48
27.0081,821.37,7.48
27.0181,826.1,10.01
27.0281,840.18,12.1
27.0381,851.18,12.1
27.0481,872.19,14.52
27.0581,888.03,14.52
27.0681,916.52,14.52
27.0781,943.91,14.52
27.0881,963.27,11.99
27.0981,988.79,7.04
27.1081,1002.21,7.04
27.1181,1012.88,7.04
27.1281,1025.64,9.35
27.1381,1030.37,9.35
27.1481,1030.81,9.35
27.1581,1027.73,9.35
27.1681,1003.97,9.35
27.1781,986.59,9.35
27.1881,964.04,12.87
27.1981,940.83,8.25
27.2081,908.82,3.74
27.2181,882.86,3.74
27.2281,846.67,43.01
27.2381,806.52,253.77
27.2481,762.08,280.83
27.2581,694.65,423.17
27.2681,627.66,549.12
27.2781,564.19,617.87
27.2881,514.69,616.33
27.2981,460.35,648.78
27.3081,371.69,704.0
27.3181,241.23,761.2
27.3281,170.72,813.23
27.3381,115.61,862.62
27.3481,53.68,894.74
27.3581,18.37,923.34
27.3681,9.57,945.78
27.3781,6.38,969.1
27.3881,6.38,978.78
27.3981,0.0,969.76
27.4081,0.0,959.2
27.4181,0.0,938.3
27.4281,0.0,920.7
27.4381,0.0,905.52
27.4481,0.0,879.89
27.4581,0.0,850.63
27.4681,0.0,824.67
27.4781,0.0,805.2
27.4881,0.0,780.23
27.4981,0.0,765.6
27.5081,0.0,750.97
27.5181,0.0,737.77
27.5281,0.0,731.06
27.5381,0.0,725.67
27.5481,0.0,725.34
27.5581,0.0,728.75
27.5681,0.0,735.46
27.5781,0.0,746.13
27.5881,0.0,766.15
27.5981,0.0,787.93
27.6081,0.0,804.87
27.6181,0.0,816.86
27.6281,0.0,829.84
27.6381,0.0,836.0
27.6481,0.0,845.46
27.6581,0.0,839.08
27.6681,0.0,828.3
27.6781,0.0,813.89
27.6881,0.0,787.71
27.6981,0.0,756.91
27.7081,0.0,726.88
27.7181,0.0,703.34
27.7281,0.0,672.76
27.7381,5.06,626.01
27.7481,32.89,578.05
27.7581,178.09,533.17
27.7681,248.38,474.98
27.7781,363.0,421.19
27.7881,496.32,369.49
27.7981,592.68,348.7
27.8081,603.13,323.84
27.8181,678.7,259.93
27.8281,771.54,175.78
27.8381,832.15,120.12
27.8481,887.81,75.13
27.858,933.13,44.22
27.868,973.39,25.63
27.878,993.52,17.05
27.888,1009.91,14.63
27.898,1025.53,7.48
27.908,1018.82,7.48
27.918,1006.61,7.48
27.928,985.38,7.48
27.938,963.93,7.48
27.948,939.18,7.48
27.958,917.07,7.48
27.968,891.66,7.48
27.978,869.33,7.48
27.988,853.16,7.48
27.998,836.55,4.95
28.008,823.9,4.95
28.018,817.74,4.95
28.028,812.68,4.95
28.038,817.19,4.95
28.048,818.84,0.0
28.058,821.15,0.0
28.068,835.56,0.0
28.078,845.68,0.0
28.088,862.4,0.0
28.098,887.48,0.0
28.108,903.76,4.62
28.118,925.98,9.57
28.128,945.78,11.99
28.138,962.39,11.99
28.148,973.83,7.04
28.158,991.54,7.04
28.168,993.52,9.35
28.178,997.15,7.04
28.188,979.11,11.77
28.198,962.61,9.35
28.208,944.68,9.35
28.218,922.13,9.35
28.228,905.85,9.35
28.238,876.48,10.12
28.248,845.79,11.0
28.258,811.36,23.98
28.268,769.23,220.77
28.278,718.85,287.21
28.288,657.58,433.18
28.298,584.98,596.97
28.308,528.33,669.24
28.318,472.34,679.69
28.328,406.12,730.84
28.338,269.06,774.51
28.348,173.8,827.97
28.358,115.61,873.18
28.368,53.02,909.81
28.378,24.53,930.93
28.388,6.38,951.39
28.398,6.38,978.89
28.408,6.38,995.72
28.418,0.0,1001.22
28.428,0.0,988.24
28.438,0.0,970.75
28.448,0.0,952.82
28.458,0.0,931.15
28.468,0.0,902.44
28.478,0.0,871.42
28.488,0.0,842.05
28.498,0.0,814.33
28.508,0.0,785.29
28.518,0.0,748.33
28.528,0.0,731.72
28.538,0.0,706.75
28.548,0.0,690.58
28.558,0.0,679.36
28.568,0.0,680.24
28.578,0.0,678.26
28.588,0.0,676.28
28.598,0.0,684.75
28.608,0.0,697.51
28.618,0.0,717.42
28.628,0.0,737.77
28.638,0.0,756.47
28.648,0.0,773.41
28.658,0.0,784.74
28.668,0.0,787.16
28.678,0.0,785.73
28.688,0.0,777.15
28.698,0.0,762.96
28.708,0.0,731.94
28.718,0.0,714.56
28.728,0.0,688.27
28.738,0.0,653.84
28.748,0.0,618.64
28.758,0.0,572.44
28.768,25.3,529.1
28.778,164.78,487.85
28.788,259.82,436.81
28.798,373.12,393.58
28.808,504.02,358.27
28.818,598.84,345.95
28.828,606.54,323.73
28.838,712.91,239.69
28.848,799.59,166.54
28.858,875.49,120.23
28.868,936.43,71.28
28.878,974.16,56.76
28.888,1014.2,28.93
28.898,1040.49,18.26
28.908,1045.99,14.52
28.918,1048.3,12.1
28.928,1038.95,7.48
28.938,1012.33,7.48
28.948,990.99,7.48
28.958,960.63,4.95
28.968,925.98,7.48
28.978,900.13,7.48
28.988,865.26,7.48
28.998,833.47,7.48
29.008,820.05,7.48
29.018,798.38,7.48
29.028,778.8,7.48
29.038,774.07,7.48
29.048,772.31,4.95
29.058,771.21,7.48
29.068,778.69,7.48
29.078,795.85,4.95
29.088,804.87,7.48
29.098,821.48,7.48
29.108,845.02,7.48
29.118,877.25,12.1
29.128,892.43,9.57
29.138,923.56,9.57
29.148,949.19,9.57
29.158,973.06,12.1
29.168,988.68,11.99
29.178,1006.17,11.99
29.188,1008.59,7.04
29.198,998.36,7.04
29.208,984.61,7.04
29.218,959.86,7.04
29.228,937.86,7.04
29.238,914.65,7.04
29.248,892.87,4.62
29.258,862.51,0.0
29.268,819.28,11.0
29.278,786.06,92.73
29.2879,735.24,325.93
29.2979,675.95,397.54
29.3079,602.69,594.77
29.3179,534.38,671.33
29.3279,481.14,697.18
29.3379,387.86,752.29
29.3479,259.82,793.65
29.3579,174.13,842.93
29.3679,122.54,891.22
29.3779,57.42,919.6
29.3879,18.26,945.01
29.3979,2.53,962.39
29.4079,0.0,985.71
29.4179,0.0,1007.38
29.4279,0.0,1010.13
29.4379,0.0,1010.02
29.4479,0.0,991.98
29.4579,0.0,976.91
29.4679,0.0,950.51
29.4779,0.0,926.31
29.4879,0.0,897.93
29.4979,0.0,865.04
29.5079,0.0,830.17
29.5179,0.0,801.13
29.5279,0.0,763.29
29.5379,0.0,739.2
29.5479,0.0,715.66
29.5579,0.0,700.26
29.5679,0.0,689.04
29.5779,0.0,680.79
29.5879,0.0,675.73
29.5979,0.0,684.09
29.6079,0.0,700.48
29.6179,0.0,715.66
29.6279,0.0,724.68
29.6379,0.0,740.74
29.6479,0.0,752.73
29.6579,0.0,754.05
29.6679,0.0,751.08
29.6779,0.0,747.34
29.6879,0.0,732.71
29.6979,0.0,722.7
29.7079,0.0,711.92
29.7179,0.0,687.61
29.7279,0.0,660.44
29.7379,0.0,629.86
29.7479,0.0,599.72
29.7579,0.0,561.77
29.7679,7.59,524.81
29.7779,68.09,480.92
29.7879,251.79,442.31
29.7979,297.44,399.52
29.8079,452.76,370.59
29.8179,592.79,360.47
29.8279,655.82,340.23
29.8379,747.56,264.88
29.8479,832.81,187.77
29.8579,895.18,145.86
29.8679,950.07,90.2
29.8779,993.63,61.05
29.8879,1016.29,39.38
29.8979,1043.13,14.63
29.9079,1058.75,12.54
29.9179,1065.35,7.48
29.9279,1059.96,7.48
29.9379,1050.39,7.48
29.9479,1028.17,7.48
29.9579,999.02,7.48
29.9679,970.09,7.48
29.9779,944.57,7.48
29.9879,913.11,7.48
29.9979,882.97,7.48
30.0079,858.11,7.48
30.0179,845.02,7.48
30.0279,821.92,7.48
30.0379,811.8,7.48
30.0479,806.85,7.48
30.0579,798.93,10.01
30.0679,798.27,7.48
30.0779,798.49,7.48
30.0879,807.95,9.57
30.0979,818.18,4.95
30.1079,837.87,9.57
30.1179,861.41,9.57
30.1279,884.18,11.99
30.1379,909.59,11.99
30.1479,927.52,11.99
30.1579,950.29,11.99
30.1679,961.73,14.3
30.1779,979.11,14.3
30.1879,987.47,9.35
30.1979,984.28,9.35
30.2079,961.84,9.35
30.2179,944.24,9.35
30.2279,925.54,9.35
30.2379,904.97,17.27
30.2479,880.66,11.0
30.2579,852.72,9.24
30.2679,816.97,16.17
30.2779,770.99,220.44
30.2879,725.56,300.96
30.2979,664.07,435.93
30.3079,592.46,592.35
30.3179,535.7,679.8
30.3279,486.64,697.95
30.3379,406.56,732.82
30.3479,284.68,784.3
30.3579,188.43,835.01
30.3679,136.95,890.89
30.3779,78.98,917.62
30.3879,32.23,941.49
30.3979,0.0,962.72
30.4079,0.0,974.71
30.4179,0.0,1000.23
30.4279,0.0,1003.64
30.4379,0.0,998.03
30.4479,0.0,990.11
30.4579,0.0,974.71
30.4679,0.0,952.27
30.4779,0.0,920.7
30.4879,0.0,893.64
30.4979,0.0,862.84
30.5079,0.0,836.77
30.5179,0.0,806.63
30.5279,0.0,777.81
30.5379,0.0,755.26
30.5479,0.0,736.12
30.5579,0.0,719.18
30.5679,0.0,715.44
30.5779,0.0,716.98
30.5879,0.0,712.03
30.5979,0.0,714.12
30.6079,0.0,720.28
30.6179,0.0,722.81
30.6279,0.0,740.63
30.6379,0.0,754.71
30.6479,0.0,768.46
30.6579,0.0,767.58
30.6679,0.0,776.16
30.6779,0.0,777.59
30.6879,0.0,764.83
30.6979,0.0,749.54
30.7079,0.0,726.11
30.7178,0.0,711.37
30.7278,0.0,685.19
30.7378,0.0,657.69
30.7478,0.0,625.24
30.7578,0.0,585.09
30.7678,0.0,547.25
30.7778,0.0,495.11
30.7878,20.24,452.1
30.7978,143.77,414.7
30.8078,283.25,379.5
30.8178,383.35,360.69
30.8278,558.14,345.95
30.8378,653.84,330.22
30.8478,701.47,248.71
30.8578,814.11,178.09
30.8678,876.92,138.49
30.8778,926.42,77.66
30.8878,971.41,51.92
30.8978,1000.12,28.93
30.9078,1030.37,17.05
30.9178,1047.42,10.01
30.9278,1055.34,7.48
30.9378,1051.6,7.48
30.9478,1047.31,7.48
30.9578,1028.28,7.48
30.9678,1002.32,7.48
30.9778,980.43,7.48
30.9878,941.16,7.48
30.9978,912.45,7.48
31.0078,884.84,7.48
31.0178,857.23,7.48
31.0278,829.07,7.48
31.0378,807.73,7.48
31.0478,785.51,7.48
31.0578,774.73,7.48
31.0678,763.07,7.48
31.0778,756.69,4.95
31.0878,760.87,4.95
31.0978,764.17,4.95
31.1078,778.8,4.95
31.1178,797.39,4.95
31.1278,821.59,9.57
31.1378,843.48,9.57
31.1478,872.08,11.99
31.1578,891.88,11.99
31.1678,918.17,11.99
31.1778,939.07,11.99
31.1878,953.26,7.04
31.1978,959.09,9.35
31.2078,964.04,14.08
31.2178,954.36,9.35
31.2278,938.3,9.35
31.2378,924.33,7.04
31.2478,904.53,8.25
31.2578,887.04,8.25
31.2678,859.54,8.25
31.2778,831.6,8.25
31.2878,797.06,61.93
31.2978,749.76,337.04
31.3078,713.02,353.43
31.3178,653.95,540.87
31.3278,585.31,658.79
31.3378,509.63,679.69
31.3478,462.66,718.63
31.3578,357.94,770.99
31.3678,239.58,837.98
31.3778,165.77,879.45
31.3878,110.66,905.3
31.3978,60.61,937.75
31.4078,27.06,960.85
31.4178,8.91,970.75
31.4278,8.91,986.81
31.4378,0.0,995.61
31.4478,0.0,992.53
31.4578,0.0,982.52
31.4678,0.0,963.93
31.4778,0.0,943.36
31.4878,0.0,918.17
31.4978,0.0,885.17
31.5078,0.0,864.27
31.5178,0.0,837.32
31.5278,0.0,806.41
31.5378,0.0,788.59
31.5478,0.0,761.09
31.5578,0.0,744.15
31.5678,0.0,728.86
31.5778,0.0,716.54
31.5878,0.0,716.21
31.5978,0.0,717.75
31.6078,0.0,723.03
31.6178,0.0,732.16
31.6278,0.0,736.34
31.6378,0.0,753.17
31.6478,0.0,768.57
31.6578,0.0,780.12
31.6678,0.0,791.12
31.6778,0.0,792.88
31.6878,0.0,792.55
31.6978,0.0,785.73
31.7078,0.0,772.31
31.7178,0.0,748.11
31.7278,0.0,730.84
31.7378,0.0,709.28
31.7478,0.0,680.24
31.7578,0.0,647.9
31.7678,0.0,612.7
31.7778,0.0,567.05
31.7878,0.0,522.5
31.7978,32.89,471.57
31.8078,241.67,429.22
31.8178,299.97,394.02
31.8278,467.61,363.0
31.8378,623.48,350.46
31.8478,676.17,322.41
31.8578,758.56,219.23
31.8678,853.93,157.41
31.8778,917.29,108.79
31.8878,970.42,63.14
31.8978,1010.24,41.69
31.9078,1045.22,17.05
31.9178,1062.82,14.63
31.9278,1073.82,10.01
31.9378,1078.44,7.48
31.9478,1072.61,7.48
31.9578,1062.27,10.01
31.9678,1037.3,7.48
31.9778,1004.96,7.48
31.9878,974.16,7.48
31.9978,941.16,7.48
32.0078,906.29,7.48
32.0178,883.19,7.48
32.0278,848.76,7.48
32.0378,822.25,7.48
32.0478,807.62,4.95
32.0578,789.58,4.95
32.0678,776.82,4.95
32.0778,770.99,0.0
32.0878,770.88,0.0
32.0978,775.06,0.0
32.1078,794.97,0.0
32.1178,811.25,4.95
32.1278,840.84,9.57
32.1378,870.54,9.57
32.1477,900.02,11.99
32.1577,926.42,11.99
32.1677,957.33,11.99
32.1777,974.38,11.99
32.1877,988.68,7.04
32.1977,997.48,7.04
32.2077,990.88,9.35
32.2177,983.73,9.35
32.2277,972.07,9.35
32.2377,951.17,9.35
32.2477,940.61,9.35
32.2577,920.04,9.35
32.2677,889.24,7.04
32.2777,855.8,17.6
32.2877,818.84,57.31
32.2977,773.96,276.98
32.3077,715.22,327.8
32.3177,644.71,490.82
32.3277,563.31,656.15
32.3377,518.32,701.03
32.3477,452.43,734.25
32.3577,329.34,770.77
32.3677,205.92,823.24
32.3777,155.98,884.95
32.3877,88.33,931.04
32.3977,42.35,960.85
32.4077,6.38,999.35
32.4177,0.0,1012.77
32.4277,0.0,1025.86
32.4377,0.0,1040.93
32.4477,0.0,1043.35
32.4577,0.0,1028.28
32.4677,0.0,1008.92
32.4777,0.0,985.49
32.4877,0.0,956.34
32.4977,0.0,922.24
32.5077,0.0,884.62
32.5177,0.0,847.88
32.5277,0.0,813.12
32.5377,0.0,786.17
32.5477,0.0,758.01
32.5577,0.0,731.72
32.5677,0.0,716.76
32.5777,0.0,698.28
32.5877,0.0,687.72
32.5977,0.0,687.94
32.6077,0.0,687.83
32.6177,0.0,698.28
32.6277,0.0,708.07
32.6377,0.0,726.55
32.6477,0.0,747.12
32.6577,0.0,767.03
32.6677,0.0,779.57
32.6777,0.0,793.32
32.6877,0.0,798.27
32.6977,0.0,800.14
32.7077,0.0,787.93
32.7177,0.0,766.81
32.7277,0.0,745.8
32.7377,0.0,733.59
32.7477,0.0,710.27
32.7577,0.0,679.36
32.7677,0.0,636.68
32.7777,0.0,588.83
32.7877,12.65,537.9
32.7977,87.34,481.47
32.8077,265.43,437.14
32.8177,333.41,390.17
32.8277,518.21,361.57
32.8377,663.52,338.91
32.8477,722.48,320.98
32.8577,792.77,241.89
32.8677,866.36,171.38
32.8777,913.99,125.07
32.8877,972.4,82.61
32.8977,1008.37,54.45
32.9077,1036.42,41.69
32.9177,1056.88,20.57
32.9277,1068.98,14.52
32.9377,1068.32,0.0
32.9477,1066.78,7.48
32.9577,1055.67,7.48
32.9677,1028.17,7.48
32.9777,999.13,7.48
32.9877,966.9,7.48
32.9977,935.22,7.48
33.0077,905.08,7.48
33.0177,878.79,7.48
33.0277,856.02,7.48
33.0377,835.89,7.48
33.0477,818.4,7.48
33.0577,805.75,7.48
33.0677,801.46,7.48
33.0777,796.29,7.48
33.0877,793.43,7.48
33.0977,803.0,7.48
33.1077,816.09,7.48
33.1177,832.37,7.48
33.1277,853.16,10.01
33.1377,872.96,12.1
33.1477,892.87,12.1
33.1577,922.35,9.57
33.1677,936.54,9.57
33.1777,960.74,9.57
33.1877,978.34,14.52
33.1977,978.67,14.52
33.2077,981.09,11.99
33.2177,974.27,7.04
33.2277,961.18,7.04
33.2377,940.17,7.04
33.2477,925.43,7.04
33.2577,905.41,7.04
33.2677,886.05,7.04
33.2777,846.56,0.0
33.2877,821.81,92.18
33.2977,778.03,277.42
33.3077,726.22,343.64
33.3177,666.93,512.6
33.3277,592.68,657.25
33.3377,532.51,688.05
33.3477,476.63,728.31
33.3577,405.9,750.42
33.3677,278.3,802.23
33.3777,185.35,853.82
33.3877,133.76,893.09
33.3977,51.37,923.12
33.4077,24.53,940.94
33.4177,6.38,965.36
33.4277,6.38,980.87
33.4377,0.0,1003.09
33.4477,0.0,1001.33
33.4577,0.0,977.24
33.4677,0.0,963.93
33.4777,0.0,948.53
33.4877,0.0,933.68
33.4977,0.0,904.09
33.5077,0.0,873.4
33.5177,0.0,854.37
33.5277,0.0,823.79
33.5377,0.0,803.0
33.5477,0.0,776.82
33.5577,0.0,757.79
33.5677,0.0,743.38
33.5776,0.0,728.75
33.5876,0.0,719.62
33.5976,0.0,714.78
33.6076,0.0,714.01
33.6176,0.0,716.98
33.6276,0.0,729.3
33.6376,0.0,734.14
33.6476,0.0,757.35
33.6576,0.0,773.3
33.6676,0.0,785.07
33.6776,0.0,797.06
33.6876,0.0,795.19
33.6976,0.0,801.35
33.7076,0.0,788.7
33.7176,0.0,764.72
33.7276,0.0,748.22
33.7376,0.0,727.87
33.7476,0.0,691.46
33.7576,0.0,665.61
33.7676,0.0,636.02
33.7776,0.0,588.28
33.7876,22.77,543.62
33.7976,144.1,495.99
33.8076,236.61,449.35
33.8176,330.11,399.96
33.8276,494.45,367.07
33.8376,636.46,349.14
33.8476,688.6,325.82
33.8576,766.26,253.99
33.8676,835.01,171.6
33.8776,897.05,125.07
33.8876,958.65,84.37
33.8976,990.66,54.89
33.9076,1022.45,33.55
33.9176,1046.32,17.16
33.9276,1063.81,17.16
33.9376,1073.49,7.48
33.9476,1063.59,7.48
33.9576,1054.24,7.48
33.9676,1026.63,7.48
33.9776,994.84,7.48
33.9876,960.63,7.48
33.9976,922.57,7.48
34.0076,892.32,7.48
34.0176,857.01,7.48
34.0276,834.24,7.48
34.0376,804.87,7.48
34.0476,790.57,7.48
34.0576,774.18,7.48
34.0676,765.27,7.48
34.0776,768.57,7.48
34.0876,768.9,7.48
34.0976,775.5,12.1
34.1076,786.94,12.1
34.1176,802.56,12.1
34.1276,825.0,12.1
34.1376,842.6,9.57
34.1476,864.93,9.57
34.1576,893.53,11.99
34.1676,915.2,11.99
34.1776,941.16,7.04
34.1876,956.23,7.04
34.1976,973.94,9.35
34.2076,979.77,9.35
34.2176,979.22,9.35
34.2276,975.92,11.77
34.2376,953.48,9.35
34.2476,930.27,9.35
34.2576,915.09,17.6
34.2676,889.24,11.0
34.2776,862.95,5.5
34.2876,827.64,15.29
34.2976,791.01,200.53
34.3076,752.84,322.52
34.3176,692.34,446.05
34.3276,628.65,608.08
34.3376,546.92,690.14
34.3476,483.45,722.59
34.3576,409.2,773.52
34.3676,272.58,805.09
34.3776,172.48,849.75
34.3876,119.46,900.46
34.3976,57.42,929.83
34.4076,28.38,962.83
34.4176,15.07,975.37
34.4276,15.07,990.33
34.4376,6.38,1012.33
34.4476,0.0,1016.84
34.4576,0.0,1012.0
34.4676,0.0,1005.18
34.4776,0.0,985.71
34.4876,0.0,957.11
34.4976,0.0,929.39
34.5076,0.0,897.16
34.5176,0.0,867.68
34.5276,0.0,836.99
34.5376,0.0,798.38
34.5476,0.0,773.52
34.5576,0.0,751.74
34.5676,0.0,729.74
34.5776,0.0,717.31
34.5876,0.0,703.67
34.5976,0.0,701.03
34.6076,0.0,709.72
34.6176,0.0,714.34
34.6276,0.0,719.18
34.6376,0.0,731.06
34.6476,0.0,746.57
34.6576,0.0,766.48
34.6676,0.0,783.2
34.6776,0.0,799.59
34.6876,0.0,803.0
34.6976,0.0,801.46
34.7076,0.0,798.49
34.7176,0.0,779.9
34.7276,0.0,758.12
34.7376,0.0,735.24
34.7476,0.0,711.26
34.7576,0.0,680.57
34.7676,0.0,648.45
34.7776,0.0,608.63
34.7876,10.12,557.92
34.7976,71.28,508.64
34.8076,266.86,460.9
34.8176,318.45,407.11
34.8276,496.76,364.98
34.8376,615.01,344.85
34.8476,650.32,326.81
34.8576,737.88,287.65
34.8676,811.14,196.9
34.8776,874.83,141.24
34.8876,936.98,97.46
34.8976,979.99,56.43
34.9076,1019.15,39.71
34.9176,1044.45,20.79
34.9276,1062.93,10.01
34.9376,1070.85,10.01
34.9476,1078.33,7.48
34.9576,1060.62,10.01
34.9676,1038.95,7.48
34.9776,1011.67,7.48
34.9876,987.14,7.48
34.9976,958.1,7.48
35.0075,923.23,7.48
35.0175,899.03,7.48
35.0275,872.52,7.48
35.0375,847.55,7.48
35.0475,826.21,7.48
35.0575,804.21,7.48
35.0675,797.39,7.48
35.0775,796.07,4.95
35.0875,797.17,4.95
35.0975,800.69,4.95
35.1075,803.99,4.95
35.1175,813.67,4.95
35.1275,823.35,4.95
35.1375,846.34,4.95
35.1475,863.28,9.57
35.1575,887.92,9.57
35.1675,904.64,11.99
35.1775,927.08,14.52
35.1875,944.79,14.52
35.1975,962.5,11.99
35.2075,978.67,7.04
35.2175,984.83,7.04
35.2275,989.12,7.04
35.2375,975.48,9.35
35.2475,958.1,9.35
35.2575,934.89,7.04
35.2675,913.44,16.94
35.2775,886.49,11.0
35.2875,857.34,8.25
35.2975,820.93,46.31
35.3075,786.83,297.11
35.3175,739.97,308.88
35.3275,678.7,484.88
35.3375,614.68,608.52
35.3475,536.36,658.9
35.3575,479.93,678.92
35.3675,415.58,710.16
35.3775,301.51,758.56
35.3875,199.43,811.03
35.3975,150.04,866.47
35.4075,87.78,911.13
35.4175,42.24,942.59
35.4275,2.53,964.04
35.4375,0.0,990.99
35.4475,0.0,1010.79
35.4575,0.0,1019.48
35.4675,0.0,1019.7
35.4775,0.0,1014.31
35.4875,0.0,996.16
35.4975,0.0,975.92
35.5075,0.0,949.19
35.5175,0.0,925.21
35.5275,0.0,900.79
35.5375,0.0,871.75
35.5475,0.0,843.26
35.5575,0.0,821.15
35.5675,0.0,792.44
35.5775,0.0,770.88
35.5875,0.0,751.63
35.5975,0.0,737.0
35.6075,0.0,727.43
35.6175,0.0,722.37
35.6275,0.0,721.93
35.6375,0.0,726.33
35.6475,0.0,730.18
35.6575,0.0,739.42
35.6675,0.0,749.98
35.6775,0.0,765.49
35.6875,0.0,778.58
35.6975,0.0,792.77
35.7075,0.0,798.6
35.7175,0.0,803.77
35.7275,0.0,795.52
35.7375,0.0,794.2
35.7475,0.0,778.25
35.7575,0.0,757.02
35.7675,0.0,730.73
35.7775,0.0,706.97
35.7875,0.0,678.92
35.7975,5.06,636.35
35.8075,40.48,594.22
35.8175,203.39,551.54
35.8275,244.53,499.07
35.8375,350.46,445.61
35.8475,489.5,392.26
35.8575,563.53,352.77
35.8675,579.7,324.61
35.8775,668.58,312.29
35.8875,745.8,265.43
35.8975,819.94,176.11
35.9075,883.96,129.69
35.9175,935.77,96.47
35.9275,974.49,58.74
35.9375,1010.46,48.07
35.9475,1038.4,26.95
35.9575,1059.41,17.05
35.9675,1062.93,14.63
35.9775,1057.76,7.48
35.9875,1042.36,7.48
35.9975,1008.7,7.48
36.0075,987.03,7.48
36.0175,955.9,7.48
36.0275,929.72,7.48
36.0375,903.87,7.48
36.0475,876.04,7.48
36.0575,857.45,7.48
36.0675,840.4,7.48
36.0775,830.5,7.48
36.0875,828.08,7.48
36.0975,818.07,7.48
36.1075,820.71,7.48
36.1175,822.47,7.48
36.1275,831.82,7.48
36.1375,849.97,7.48
36.1475,863.61,12.1
36.1575,883.19,7.48
36.1675,903.43,7.48
36.1775,930.27,4.95
36.1875,952.16,9.57
36.1975,964.81,4.95
36.2075,987.58,12.1
36.2175,1003.64,11.99
36.2275,1016.73,11.99
36.2375,1026.85,11.99
36.2475,1028.06,7.04
36.2575,1033.78,7.04
36.2675,1030.04,9.35
36.2775,1023.33,7.04
36.2875,994.29,9.35
36.2975,971.3,7.04
36.3075,934.89,4.62
36.3175,904.97,0.0
36.3275,877.58,11.0
36.3375,843.7,59.18
36.3475,803.99,270.71
36.3575,750.42,301.29
36.3675,696.85,453.64
36.3775,632.06,571.78
36.3875,557.92,616.88
36.3975,505.67,646.36
36.4075,437.36,696.74
36.4175,342.87,747.56
36.4275,212.96,803.99
36.4374,150.48,852.72
36.4474,94.05,889.57
36.4574,42.35,915.64
36.4674,8.91,937.42
36.4774,6.38,962.28
36.4874,6.38,980.1
36.4974,0.0,990.55
36.5074,0.0,984.06
36.5174,0.0,975.92
36.5274,0.0,958.43
36.5374,0.0,947.98
36.5474,0.0,935.0
36.5574,0.0,904.97
36.5674,0.0,884.62
36.5774,0.0,861.41
36.5874,0.0,834.68
36.5974,0.0,812.46
36.6074,0.0,785.95
36.6174,0.0,769.67
36.6274,0.0,751.52
36.6374,0.0,739.53
36.6474,0.0,728.75
36.6574,0.0,726.33
36.6674,0.0,724.68
36.6774,0.0,728.97
36.6874,0.0,734.03
36.6974,0.0,743.71
36.7074,0.0,753.39
36.7174,0.0,769.45
36.7274,0.0,778.03
36.7374,0.0,792.22
36.7474,0.0,805.86
36.7574,0.0,806.3
36.7674,0.0,801.24
36.7774,0.0,792.0
36.7874,0.0,776.6
36.7974,0.0,758.78
36.8074,0.0,727.32
36.8174,0.0,703.67
36.8274,0.0,670.01
36.8374,0.0,642.73
36.8474,7.59,607.42
36.8574,48.29,572.99
36.8674,216.15,530.42
36.8774,269.5,485.98
36.8874,381.48,436.92
36.8974,523.6,390.61
36.9074,570.24,358.93
36.9174,594.99,334.73
36.9274,694.32,308.11
36.9374,751.3,239.8
36.9474,804.1,162.03
36.9574,861.41,115.61
36.9674,897.16,77.66
36.9774,937.31,45.76
36.9874,960.63,29.15
36.9974,982.85,10.01
37.0074,996.6,10.01
37.0174,1005.73,7.48
37.0274,995.17,7.48
37.0374,980.32,7.48
37.0474,957.33,7.48
37.0574,935.99,7.48
37.0674,913.77,12.54
37.0774,897.49,4.95
37.0874,876.92,7.48
37.0974,856.35,4.95
37.1074,840.84,7.48
37.1174,822.14,4.95
37.1274,819.5,7.48
37.1374,811.69,7.48
37.1474,812.9,7.48
37.1574,819.17,4.95
37.1674,816.86,7.48
37.1774,818.51,7.48
37.1874,834.13,4.95
37.1974,842.82,7.48
37.2074,846.34,7.48
37.2174,856.46,4.95
37.2274,858.55,4.95
37.2374,865.7,9.57
37.2474,876.92,11.99
37.2574,881.98,11.99
37.2674,881.65,11.99
37.2774,882.75,7.04
37.2874,896.17,9.35
37.2974,896.17,9.35
37.3074,891.99,9.35
37.3174,882.97,9.35
37.3274,866.36,7.04
37.3374,851.73,8.25
37.3474,827.42,8.25
37.3574,804.43,3.74
37.3674,781.77,3.74
37.3774,751.3,5.5
37.3874,725.78,36.41
37.3974,697.4,271.04
37.4074,664.73,278.41
37.4174,636.79,443.74
37.4274,613.91,597.41
37.4374,604.78,653.4
37.4474,551.32,659.23
37.4574,416.46,687.61
37.4674,241.45,727.98
37.4774,143.99,794.42
37.4874,80.85,857.56
37.4974,45.98,907.5
37.5074,12.54,943.14
37.5174,0.0,970.86
37.5274,0.0,998.69
37.5374,0.0,1018.05
37.5474,0.0,1022.23
37.5574,0.0,1015.3
37.5674,0.0,993.19
37.5774,0.0,963.6
37.5874,0.0,943.14
37.5974,0.0,917.73
37.6074,0.0,887.04
37.6174,0.0,859.76
37.6274,0.0,831.49
37.6374,0.0,809.27
37.6474,0.0,792.55
37.6574,0.0,777.59
37.6674,0.0,764.17
37.6774,0.0,764.06
37.6874,0.0,760.32
37.6974,0.0,767.91
37.7074,0.0,778.14
37.7174,0.0,793.54
37.7274,0.0,803.44
37.7374,0.0,821.37
37.7474,0.0,829.07
37.7574,0.0,840.62
37.7674,0.0,853.27
37.7774,0.0,863.06
37.7874,0.0,863.83
37.7974,0.0,861.96
37.8074,0.0,858.55
37.8174,0.0,863.5
37.8274,0.0,862.29
37.8374,0.0,845.9
37.8474,0.0,831.93
37.8573,0.0,810.7
37.8673,0.0,786.72
37.8773,0.0,760.21
37.8873,0.0,726.55
37.8973,0.0,696.3
37.9073,0.0,658.13
37.9173,25.3,615.01
37.9273,127.71,566.28
37.9373,222.53,516.56
37.9473,326.92,470.36
37.9573,488.73,411.07
37.9673,613.91,370.7
37.9773,673.64,332.31
37.9873,737.77,310.97
37.9973,795.52,265.21
38.0073,850.52,184.91
38.0173,906.18,131.56
38.0273,951.94,91.08
38.0373,991.76,54.45
38.0473,1020.03,35.31
38.0573,1041.26,17.05
38.0673,1055.12,10.01
38.0773,1055.23,7.48
38.0873,1045.33,7.48
38.0973,1035.43,7.48
38.1073,1005.29,7.48
38.1173,979.55,7.48
38.1273,951.83,7.48
38.1373,921.47,7.48
38.1473,896.06,4.95
38.1573,873.18,7.48
38.1673,861.08,4.95
38.1773,844.03,4.95
38.1873,837.43,7.48
38.1973,824.56,4.95
38.2073,820.71,4.95
38.2173,817.52,0.0
38.2273,824.78,0.0
38.2373,832.37,0.0
38.2473,840.95,0.0
38.2573,850.52,0.0
38.2673,868.89,4.95
38.2773,884.07,4.95
38.2873,896.61,9.57
38.2973,915.09,9.57
38.3073,934.89,11.99
38.3173,947.1,9.57
38.3273,954.14,9.57
38.3373,965.58,11.99
38.3473,971.85,7.04
38.3573,970.97,7.04
38.3673,977.24,7.04
38.3773,978.23,9.35
38.3873,967.89,9.35
38.3973,957.55,14.85
38.4073,949.3,12.54
38.4173,924.55,8.25
38.4273,903.32,8.25
38.4373,870.21,5.5
38.4473,845.02,5.5
38.4573,820.93,29.04
38.4673,796.84,216.37
38.4773,769.34,260.15
38.4873,731.61,359.7
38.4973,694.98,555.61
38.5073,644.49,685.74
38.5173,583.22,692.34
38.5273,510.07,708.07
38.5373,442.86,719.18
38.5473,356.29,748.0
38.5573,259.16,785.73
38.5673,178.09,834.57
38.5773,137.72,893.97
38.5873,75.13,926.64
38.5973,33.99,960.3
38.6073,10.01,983.84
38.6173,10.01,1014.86
38.6273,2.53,1024.65
38.6373,2.53,1021.02
38.6473,2.53,1009.14
38.6573,0.0,1000.01
38.6673,0.0,983.62
38.6773,0.0,970.2
38.6873,0.0,948.09
38.6973,0.0,922.9
38.7073,0.0,903.21
38.7173,0.0,875.16
38.7273,0.0,858.77
38.7373,0.0,836.55
38.7473,0.0,830.06
38.7573,0.0,818.51
38.7673,0.0,814.55
38.7773,0.0,806.3
38.7873,0.0,806.85
38.7973,0.0,794.31
38.8073,0.0,791.34
38.8173,0.0,790.35
38.8273,0.0,787.05
38.8373,0.0,785.51
38.8473,0.0,786.83
38.8573,0.0,779.35
38.8673,0.0,783.31
38.8773,0.0,778.58
38.8873,0.0,780.23
38.8973,0.0,779.9
38.9073,0.0,770.11
38.9173,0.0,766.04
38.9273,0.0,756.91
38.9373,0.0,752.84
38.9473,0.0,737.77
38.9573,0.0,728.53
38.9673,0.0,702.57
38.9773,0.0,677.49
38.9873,3.85,658.68
38.9973,29.81,631.18
39.0073,79.64,615.89
39.0173,164.56,599.17
39.0273,245.3,589.05
39.0373,352.88,582.78
39.0473,453.53,573.21
39.0573,532.29,553.41
39.0673,578.6,533.39
39.0773,594.77,506.33
39.0873,614.13,469.92
39.0973,624.69,431.53
39.1073,634.59,393.91
39.1173,641.96,356.73
39.1273,645.26,329.78
39.1373,650.32,298.1
39.1473,643.72,267.74
39.1573,646.03,245.3
39.1673,649.77,215.82
39.1773,656.92,189.86
39.1873,653.18,164.89
39.1973,649.77,143.44
39.2073,651.53,124.52
39.2173,647.57,116.16
39.2273,648.78,105.6
39.2373,653.07,96.91
39.2473,654.39,90.53
39.2573,656.59,90.53
39.2673,659.34,90.53
39.2773,658.35,86.02
39.2872,656.26,86.02
39.2972,657.14,86.02
39.3072,653.07,86.68
39.3172,650.98,88.99
39.3272,644.38,91.52
39.3372,642.73,94.05
39.3472,637.67,96.58
39.3572,637.67,96.58
39.3672,629.53,99.11
39.3772,624.36,97.79
39.3872,617.98,101.2
39.3972,617.98,106.37
39.4072,615.34,109.78
39.4172,606.98,109.78
39.4272,605.88,110.66
39.4372,603.46,110.66
39.4472,601.15,112.53
39.4572,597.08,110.11
39.4672,594.66,112.09
39.4772,592.24,110.55
39.4872,594.99,110.55
39.4972,590.04,109.12
39.5072,592.68,107.69
39.5172,595.32,104.28
39.5272,593.34,102.96
39.5372,593.34,100.43
39.5472,587.07,99.77
39.5572,583.88,95.37
39.5672,587.84,97.35
39.5772,591.8,95.15
39.5872,599.06,93.06
39.5972,603.24,93.17
39.6072,608.74,88.55
39.6172,613.03,84.48
39.6272,619.52,78.21
39.6372,629.09,62.37
39.6472,635.36,52.14
39.6572,639.21,39.27
39.6672,649.11,28.38
39.6772,652.96,21.45
39.6872,661.65,19.14
39.6972,665.61,14.52
39.7072,672.54,14.52
39.7172,685.52,16.83
39.7272,689.59,16.83
39.7372,693.77,16.83
39.7472,694.87,14.3
39.7572,700.7,14.3
39.7672,700.15,14.3
39.7772,710.93,11.99
39.7872,709.17,7.04
39.7972,713.46,4.62
39.8072,712.25,11.99
39.8172,709.61,11.99
39.8272,709.61,11.99
39.8372,714.67,16.83
39.8472,711.92,20.57
39.8572,710.38,29.59
39.8672,710.38,38.94
39.8772,708.73,41.36
39.8872,700.59,45.87
39.8972,702.13,54.89
39.9072,699.49,57.86
39.9172,694.32,62.26
39.9272,696.3,66.77
39.9372,688.16,69.08
39.9472,686.51,83.16
39.9572,693.44,90.2
39.9672,689.26,100.43
39.9772,684.53,107.58
39.9872,682.99,112.42
39.9972,678.81,120.34
40.0072,677.16,145.2
40.0172,669.35,164.12
40.0272,669.35,186.78
40.0372,672.43,201.74
40.0472,665.5,217.47
40.0572,668.25,233.31
40.0672,666.71,244.86
40.0772,665.06,249.7
40.0872,663.52,251.35
40.0972,661.98,261.25
40.1072,660.99,262.68
40.1172,659.45,266.86
40.1272,659.89,271.81
40.1372,654.83,275.11
40.1472,648.89,271.37
40.1572,652.3,271.26
40.1672,650.76,272.8
40.1772,646.8,265.1
40.1872,647.57,263.45
40.1972,643.61,265.32
40.2072,642.29,272.03
40.2172,643.06,272.91
40.2272,640.42,274.23
40.2372,637.78,277.53
40.2472,636.46,279.51
40.2572,637.34,276.54
40.2672,636.02,286.55
40.2772,639.54,281.05
40.2872,640.42,280.06
40.2972,639.1,282.15
40.3072,639.76,276.54
40.3172,644.82,268.51
40.3272,654.5,261.47
40.3372,656.7,254.43
40.3472,656.48,240.79
40.3572,666.38,222.64
40.3672,674.85,198.77
40.3772,681.01,177.21
40.3872,684.75,147.73
40.3972,691.02,124.63
40.4072,702.24,105.49
40.4172,713.79,87.78
40.4272,718.74,76.89
40.4372,725.78,58.96
40.4472,732.93,46.31
40.4572,743.6,37.51
40.4672,749.76,18.26
40.4772,756.91,10.01
40.4872,762.63,10.01
40.4972,768.9,10.01
40.5072,768.46,10.01
40.5172,773.74,10.01
