0.0,382.14,647.24
0.01,382.14,647.24
0.02,373.56,644.82
0.03,362.34,648.78
0.04,353.76,641.41
0.05,345.07,646.03
0.06,338.69,640.97
0.07,329.45,640.42
0.08,322.85,640.09
0.09,314.27,635.91
0.1,311.74,637.78
0.11,311.63,634.92
0.12,313.61,635.25
0.13,311.41,635.47
0.14,315.37,633.16
0.15,319.33,628.43
0.16,323.4,626.01
0.17,331.87,623.48
0.18,340.34,609.51
0.19,353.1,607.31
0.2,365.86,591.36
0.21,382.58,580.36
0.22,397.54,553.19
0.23,420.75,524.26
0.24,456.61,491.59
0.25,494.12,442.42
0.26,536.14,397.43
0.27,575.63,350.79
0.28,619.52,308.88
0.29,663.41,280.5
0.3,701.03,252.78
0.31,738.87,219.01
0.32,770.55,185.68
0.33,799.92,147.18
0.34,824.01,103.18
0.35,841.17,71.39
0.36,854.37,45.32
0.37,867.68,23.65
0.38,876.81,4.18
0.39,881.76,4.18
0.4,884.73,4.18
0.41,889.46,4.18
0.42,886.27,4.18
0.43,887.04,4.18
0.44,881.43,4.18
0.45,878.13,4.18
0.46,872.41,4.18
0.47,869.66,4.18
0.48,864.82,4.18
0.49,864.71,4.18
0.5,864.27,0.0
0.51,862.18,0.0
0.52,864.27,4.18
0.53,864.6,4.18
0.54,864.93,4.18
0.55,867.9,4.18
0.56,861.3,0.0
0.57,859.87,0.0
0.58,846.01,0.0
0.59,834.13,0.0
0.6,820.6,0.0
0.61,802.45,0.0
0.62,788.59,4.18
0.63,768.79,4.18
0.64,761.86,4.18
0.65,754.71,11.0
0.66,759.11,13.31
0.67,754.49,17.82
0.68,756.14,22.44
0.69,753.83,29.26
0.7,759.44,43.01
0.71,755.15,80.41
0.7199,753.83,150.26
0.7299,748.55,197.23
0.7399,736.78,230.01
0.7499,722.7,255.2
0.7599,701.8,284.68
0.7699,678.15,309.65
0.7799,653.95,343.86
0.7899,622.82,380.05
0.7999,594.55,420.2
0.8099,563.09,511.06
0.8199,516.56,562.76
0.8299,451.55,623.7
0.8399,378.18,665.83
0.8499,315.15,698.06
0.8599,238.81,735.24
0.8699,156.31,760.1
0.8799,106.04,779.13
0.8899,77.11,803.77
0.8999,46.09,825.22
0.9099,20.02,839.08
0.9199,4.29,856.24
0.9299,0.0,865.81
0.9399,0.0,878.13
0.9499,0.0,880.99
0.9599,0.0,889.13
0.9699,0.0,889.35
0.9799,0.0,886.38
0.9899,0.0,875.27
0.9999,0.0,864.82
1.0099,0.0,859.1
1.0199,0.0,848.21
1.0299,0.0,848.76
1.0399,0.0,846.67
1.0499,0.0,847.22
1.0599,0.0,850.3
1.0699,0.0,855.91
1.0799,0.0,854.7
1.0899,0.0,849.2
1.0999,0.0,851.18
1.1099,0.0,849.53
1.1199,0.0,857.34
1.1299,0.0,866.03
1.1399,0.0,873.07
1.1499,0.0,881.1
1.1599,0.0,889.35
1.1699,0.0,898.81
1.1799,0.0,905.41
1.1899,0.0,906.73
1.1999,0.0,903.21
1.2099,0.0,902.88
1.2199,0.0,900.02
1.2299,0.0,896.17
1.2399,0.0,897.38
1.2499,0.0,897.82
1.2599,0.0,898.7
1.2699,0.0,887.04
1.2799,0.0,874.72
1.2899,10.34,855.69
1.2999,53.79,834.24
1.3099,148.17,804.87
1.3199,249.92,779.24
1.3299,341.33,746.02
1.3399,403.26,700.48
1.3499,467.28,641.63
1.3599,516.89,580.69
1.3699,579.26,497.2
1.3799,673.2,392.15
1.3899,747.89,265.43
1.3999,794.75,196.35
1.4099,838.86,160.38
1.4199,869.55,119.79
1.4299,893.75,70.4
1.4399,908.82,27.5
1.4499,919.71,9.9
1.4599,923.78,4.95
1.4699,921.69,0.0
1.4799,904.53,0.0
1.4899,885.61,0.0
1.4999,873.29,0.0
1.5099,850.3,0.0
1.5199,832.04,0.0
1.5299,807.07,0.0
1.5399,792.99,0.0
1.5499,780.89,0.0
1.5599,773.41,0.0
1.5699,768.24,0.0
1.5799,761.31,0.0
1.5899,760.54,0.0
1.5999,758.89,0.0
1.6099,759.33,0.0
1.6199,760.32,0.0
1.6299,761.2,0.0
1.6399,762.96,0.0
1.6499,757.46,0.0
1.6599,756.47,0.0
1.6699,755.15,0.0
1.6799,749.65,0.0
1.6899,748.55,0.0
1.6999,747.23,0.0
1.7099,744.37,0.0
1.7199,750.09,0.0
1.7299,752.73,0.0
1.7399,757.02,0.0
1.7499,764.06,0.0
1.7599,763.62,0.0
1.7699,763.62,0.0
1.7799,772.2,0.0
1.7899,773.96,0.0
1.7999,771.21,0.0
1.8099,768.46,22.88
1.8199,758.89,66.66
1.8299,745.03,178.42
1.8399,715.66,227.04
1.8499,685.3,296.56
1.8599,664.62,389.62
1.8699,631.62,463.1
1.8799,575.96,511.06
1.8899,509.19,542.19
1.8999,435.38,560.78
1.9099,352.11,589.27
1.9199,231.66,664.95
1.9299,132.11,728.64
1.9399,90.2,775.94
1.9499,54.89,822.36
1.9599,30.47,866.58
1.9699,8.69,894.19
1.9799,0.0,912.89
1.9899,0.0,930.49
1.9999,0.0,939.51
2.0099,0.0,934.67
2.0199,0.0,939.51
2.0299,0.0,930.71
2.0399,0.0,905.63
2.0499,0.0,881.43
2.0599,0.0,861.19
2.0699,0.0,841.39
2.0799,0.0,828.74
2.0899,0.0,819.28
2.0999,0.0,813.12
2.1099,0.0,808.17
2.1199,0.0,807.4
2.1299,0.0,800.03
2.1399,0.0,802.45
2.1498,0.0,802.89
2.1598,0.0,813.56
2.1698,0.0,820.27
2.1798,0.0,829.62
2.1898,0.0,837.43
2.1998,0.0,850.85
2.2098,0.0,862.18
2.2198,0.0,872.19
2.2298,0.0,881.65
2.2398,0.0,884.95
2.2498,0.0,891.88
2.2598,0.0,895.95
2.2698,0.0,900.02
2.2798,0.0,907.5
2.2898,0.0,903.87
2.2998,0.0,903.76
2.3098,0.0,896.39
2.3198,0.0,870.98
2.3298,12.32,852.28
2.3398,84.04,830.61
2.3498,209.55,801.35
2.3598,301.18,761.97
2.3698,385.66,713.13
2.3798,478.06,644.49
2.3898,542.52,563.42
2.3998,600.16,464.42
2.4098,701.91,327.14
2.4198,792.55,211.53
2.4298,838.2,167.97
2.4398,879.01,125.62
2.4498,915.2,68.42
2.4598,935.0,23.54
2.4698,958.32,9.9
2.4798,975.59,0.0
2.4898,975.26,0.0
2.4998,974.71,0.0
2.5098,965.47,0.0
2.5198,947.43,0.0
2.5298,931.59,0.0
2.5398,907.61,0.0
2.5498,881.21,0.0
2.5598,856.57,0.0
2.5698,832.81,0.0
2.5798,806.19,0.0
2.5898,787.27,0.0
2.5998,763.84,0.0
2.6098,749.32,0.0
2.6198,740.85,0.0
2.6298,732.93,0.0
2.6398,726.99,0.0
2.6498,724.68,0.0
2.6598,730.95,0.0
2.6698,730.84,0.0
2.6798,739.64,0.0
2.6898,750.86,0.0
2.6998,755.81,0.0
2.7098,763.18,0.0
2.7198,770.22,0.0
2.7298,777.04,0.0
2.7398,783.42,0.0
2.7498,793.87,0.0
2.7598,800.36,0.0
2.7698,805.97,0.0
2.7798,798.93,0.0
2.7898,806.52,0.0
2.7998,810.04,0.0
2.8098,806.63,0.0
2.8198,803.55,9.13
2.8298,793.87,36.52
2.8398,781.77,88.22
2.8498,763.29,185.46
2.8598,731.17,231.66
2.8698,697.95,324.83
2.8798,666.27,408.1
2.8898,626.78,476.85
2.8998,563.53,515.79
2.9098,483.56,539.44
2.9198,410.63,565.51
2.9298,321.75,653.95
2.9398,207.02,735.13
2.9498,121.22,783.53
2.9598,83.6,832.15
2.9698,52.8,869.11
2.9798,23.87,896.72
2.9898,0.0,919.16
2.9998,0.0,933.02
3.0098,0.0,941.49
3.0198,0.0,946.55
3.0298,0.0,946.99
3.0398,0.0,942.37
3.0498,0.0,929.5
3.0598,0.0,914.54
3.0698,0.0,892.43
3.0798,0.0,873.18
3.0898,0.0,848.87
3.0998,0.0,827.31
3.1098,0.0,822.8
3.1198,0.0,815.1
3.1298,0.0,814.44
3.1398,0.0,807.62
3.1498,0.0,808.17
3.1598,0.0,809.16
3.1698,0.0,818.29
3.1798,0.0,825.77
3.1898,0.0,833.8
3.1998,0.0,843.81
3.2098,0.0,852.06
3.2198,0.0,857.67
3.2298,0.0,871.09
3.2398,0.0,872.3
3.2498,0.0,881.65
3.2598,0.0,890.12
3.2698,0.0,895.07
3.2798,0.0,897.93
3.2898,0.0,903.32
3.2998,0.0,902.0
3.3098,0.0,892.87
3.3198,6.16,883.63
3.3298,18.59,870.1
3.3398,55.88,847.55
3.3498,165.66,827.31
3.3598,277.09,794.2
3.3698,339.24,756.03
3.3798,412.5,710.49
3.3898,484.99,650.65
3.3998,547.47,568.59
3.4098,662.09,470.91
3.4198,733.81,345.95
3.4298,782.76,228.25
3.4398,827.31,168.52
3.4498,856.9,128.81
3.4598,875.38,81.29
3.4698,898.04,33.11
3.4798,909.59,15.4
3.4898,917.18,4.95
3.4998,916.3,0.0
3.5098,911.02,0.0
3.5198,899.69,0.0
3.5298,885.94,0.0
3.5398,872.08,0.0
3.5498,858.55,0.0
3.5598,836.33,0.0
3.5698,812.13,0.0
3.5797,787.6,0.0
3.5897,767.8,0.0
3.5997,750.31,0.0
3.6097,731.83,0.0
3.6197,722.26,0.0
3.6297,714.45,0.0
3.6397,704.22,0.0
3.6497,696.3,0.0
3.6597,690.8,0.0
3.6697,696.08,0.0
3.6797,698.5,0.0
3.6897,704.77,0.0
3.6997,713.79,0.0
3.7097,720.83,0.0
3.7197,732.49,0.0
3.7297,739.75,0.0
3.7397,749.43,0.0
3.7497,760.54,0.0
3.7597,771.21,0.0
3.7697,775.39,0.0
3.7797,783.86,0.0
3.7897,791.34,0.0
3.7997,793.21,0.0
3.8097,796.62,0.0
3.8197,793.54,0.0
3.8297,785.95,13.64
3.8397,773.85,45.76
3.8497,761.97,139.48
3.8597,741.07,204.16
3.8697,710.71,259.82
3.8797,684.09,350.02
3.8897,649.55,425.26
3.8997,598.18,480.7
3.9097,523.49,517.66
3.9197,439.34,538.78
3.9297,379.5,634.48
3.9397,286.44,719.73
3.9497,182.27,761.64
3.9597,114.73,809.71
3.9697,70.4,855.25
3.9797,43.78,895.07
3.9897,21.67,920.92
3.9997,0.0,932.36
4.0097,0.0,952.82
4.0197,0.0,967.01
4.0297,0.0,970.42
4.0397,0.0,968.33
4.0497,0.0,961.84
4.0597,0.0,946.11
4.0697,0.0,930.82
4.0797,0.0,900.35
4.0897,0.0,877.8
4.0997,0.0,853.6
4.1097,0.0,833.14
4.1197,0.0,817.41
4.1297,0.0,805.64
4.1397,0.0,799.81
4.1497,0.0,793.98
4.1597,0.0,789.36
4.1697,0.0,791.12
4.1797,0.0,792.33
4.1897,0.0,800.8
4.1997,0.0,817.96
4.2097,0.0,839.96
4.2197,0.0,853.49
4.2297,0.0,873.84
4.2397,0.0,892.87
4.2497,0.0,905.3
4.2597,0.0,913.66
4.2697,0.0,916.52
4.2797,0.0,911.46
4.2897,0.0,911.02
4.2997,0.0,910.58
4.3097,0.0,909.92
4.3197,0.0,905.96
4.3297,0.0,894.85
4.3397,4.07,880.33
4.3497,14.41,862.84
4.3597,60.06,833.58
4.3697,207.68,806.52
4.3797,329.23,771.98
4.3897,423.61,727.21
4.3997,516.12,669.46
4.4097,577.61,584.98
4.4197,694.32,498.85
4.4297,770.22,389.62
4.4397,822.47,251.9
4.4497,862.73,180.62
4.4597,905.85,149.38
4.4697,931.15,115.39
4.4797,947.87,56.87
4.4897,968.77,23.32
4.4997,978.34,17.93
4.5097,979.44,9.9
4.5197,974.16,4.95
4.5297,967.34,0.0
4.5397,948.97,0.0
4.5497,929.61,0.0
4.5597,899.03,0.0
4.5697,871.31,0.0
4.5797,839.19,0.0
4.5897,805.64,0.0
4.5997,777.59,0.0
4.6097,747.67,0.0
4.6197,729.52,0.0
4.6297,710.38,0.0
4.6397,695.75,0.0
4.6497,685.3,0.0
4.6597,679.03,0.0
4.6697,682.0,0.0
4.6797,682.55,0.0
4.6897,689.04,0.0
4.6997,695.86,0.0
4.7097,702.35,0.0
4.7197,712.69,0.0
4.7297,716.54,0.0
4.7397,728.75,0.0
4.7497,740.96,0.0
4.7597,744.59,6.82
4.7697,750.42,4.51
4.7797,762.08,4.51
4.7897,774.07,0.0
4.7997,776.93,0.0
4.8097,780.01,0.0
4.8197,781.11,4.51
4.8297,777.81,13.64
4.8397,770.22,36.52
4.8497,756.14,76.23
4.8597,735.02,187.22
4.8697,709.06,263.56
4.8797,682.22,359.92
4.8897,654.39,477.51
4.8997,600.27,538.56
4.9097,539.55,574.75
4.9197,462.66,635.25
4.9297,393.8,709.5
4.9397,289.3,750.64
4.9497,180.18,794.53
4.9597,114.73,838.09
4.9697,79.42,865.37
4.9797,52.69,888.69
4.9897,21.67,918.94
4.9997,0.0,936.76
5.0096,0.0,957.55
5.0196,0.0,970.86
5.0296,0.0,974.71
5.0396,0.0,979.44
5.0496,0.0,976.47
5.0596,0.0,964.48
5.0696,0.0,938.63
5.0796,0.0,912.67
5.0896,0.0,891.55
5.0996,0.0,862.62
5.1096,0.0,841.39
5.1196,0.0,828.96
5.1296,0.0,815.1
5.1396,0.0,803.11
5.1496,0.0,798.49
5.1596,0.0,790.9
5.1696,0.0,790.79
5.1796,0.0,791.56
5.1896,0.0,795.3
5.1996,0.0,801.57
5.2096,0.0,813.78
5.2196,0.0,821.37
5.2296,0.0,831.05
5.2396,0.0,844.8
5.2496,0.0,848.87
5.2596,0.0,860.09
5.2696,0.0,868.67
5.2796,0.0,874.61
5.2896,0.0,884.29
5.2996,0.0,884.4
5.3096,0.0,882.2
5.3196,0.0,872.74
5.3296,0.0,865.37
5.3396,0.0,848.76
5.3496,16.5,825.66
5.3596,92.73,799.81
5.3696,206.58,774.62
5.3796,299.64,738.32
5.3896,377.63,694.1
5.3996,465.19,634.92
5.4096,543.18,568.48
5.4196,608.96,495.33
5.4296,743.71,382.47
5.4396,797.94,253.99
5.4496,850.08,192.28
5.4596,890.34,158.84
5.4696,928.73,114.84
5.4796,951.83,62.81
5.4896,968.0,27.5
5.4996,984.17,15.4
5.5096,991.87,0.0
5.5196,988.9,0.0
5.5296,981.2,0.0
5.5396,964.81,0.0
5.5496,950.62,0.0
5.5596,927.74,0.0
5.5696,909.15,0.0
5.5796,884.07,0.0
5.5896,857.89,0.0
5.5996,825.22,0.0
5.6096,796.62,0.0
5.6196,772.42,0.0
5.6296,750.09,0.0
5.6396,731.61,0.0
5.6496,719.4,0.0
5.6596,707.08,0.0
5.6696,700.92,0.0
5.6796,694.98,0.0
5.6896,693.88,0.0
5.6996,694.76,0.0
5.7096,700.15,0.0
5.7196,715.0,0.0
5.7296,721.27,0.0
5.7396,734.14,0.0
5.7496,747.12,0.0
5.7596,758.45,0.0
5.7696,769.45,0.0
5.7796,778.91,0.0
5.7896,792.44,0.0
5.7996,803.11,0.0
5.8096,801.24,0.0
5.8196,805.42,0.0
5.8296,803.11,0.0
5.8396,796.29,0.0
5.8496,802.12,0.0
5.8596,798.93,0.0
5.8696,793.76,29.7
5.8796,781.77,50.27
5.8896,765.6,153.12
5.8996,745.03,199.43
5.9096,710.93,257.07
5.9196,679.8,341.99
5.9296,647.79,419.76
5.9396,601.37,475.09
5.9496,542.41,505.12
5.9596,464.86,528.33
5.9696,400.95,581.68
5.9796,314.27,656.59
5.9896,206.8,716.65
5.9996,125.62,772.09
6.0096,85.8,819.17
6.0196,61.49,855.91
6.0296,34.98,890.12
6.0396,12.98,915.2
6.0496,0.0,930.49
6.0596,0.0,932.8
6.0696,0.0,946.11
6.0796,0.0,945.78
6.0896,0.0,943.91
6.0996,0.0,934.78
6.1096,0.0,916.96
6.1196,0.0,890.12
6.1296,0.0,870.43
6.1396,0.0,855.03
6.1496,0.0,845.35
6.1596,0.0,839.63
6.1696,0.0,841.94
6.1796,0.0,836.77
6.1896,0.0,831.82
6.1996,0.0,824.12
6.2096,0.0,827.42
6.2196,0.0,830.28
6.2296,0.0,838.97
6.2396,0.0,839.41
6.2496,0.0,842.93
6.2596,0.0,844.91
6.2696,0.0,845.9
6.2796,0.0,849.53
6.2896,0.0,856.46
6.2996,0.0,850.74
6.3096,0.0,862.4
6.3196,0.0,861.3
6.3296,0.0,866.91
6.3396,0.0,867.35
6.3496,0.0,865.26
6.3596,0.0,855.03
6.3696,6.16,850.19
6.3796,16.5,831.82
6.3896,47.52,816.31
6.3996,130.24,790.79
6.4096,263.01,771.1
6.4196,331.87,737.77
6.4295,414.81,699.6
6.4395,485.21,648.01
6.4495,541.42,595.32
6.4595,628.21,520.63
6.4695,703.89,432.3
6.4795,747.67,324.17
6.4895,799.04,228.25
6.4995,843.7,173.03
6.5095,880.22,127.6
6.5195,912.34,81.95
6.5295,942.04,33.33
6.5395,964.81,15.4
6.5495,983.07,0.0
6.5595,986.04,0.0
6.5695,984.61,0.0
6.5795,978.56,0.0
6.5895,966.57,0.0
6.5995,954.14,0.0
6.6095,939.62,0.0
6.6195,920.92,0.0
6.6295,895.73,0.0
6.6395,870.65,0.0
6.6495,847.77,0.0
6.6595,831.93,0.0
6.6695,813.89,0.0
6.6795,801.9,0.0
6.6895,792.0,0.0
6.6995,783.75,0.0
6.7095,777.37,0.0
6.7195,771.54,0.0
6.7295,764.17,0.0
6.7395,764.39,0.0
6.7495,760.54,0.0
6.7595,761.97,0.0
6.7695,760.65,0.0
6.7795,760.43,0.0
6.7895,766.26,0.0
6.7995,771.76,0.0
6.8095,778.58,0.0
6.8195,785.07,4.51
6.8295,786.94,4.51
6.8395,793.32,0.0
6.8495,799.59,0.0
6.8595,805.31,0.0
6.8695,808.28,0.0
6.8795,807.07,0.0
6.8895,803.77,13.64
6.8995,798.38,34.32
6.9095,783.97,100.1
6.9195,764.83,197.12
6.9295,745.14,241.34
6.9395,716.54,327.69
6.9495,689.81,414.59
6.9595,647.35,477.07
6.9695,600.82,510.95
6.9795,531.85,532.29
6.9895,444.84,599.28
6.9995,365.97,663.08
7.0095,285.45,723.14
7.0195,189.31,778.36
7.0295,117.15,828.08
7.0395,72.82,869.44
7.0495,48.29,904.09
7.0595,21.89,928.84
7.0695,0.0,948.97
7.0795,0.0,965.25
7.0895,0.0,984.61
7.0995,0.0,990.11
7.1095,0.0,984.28
7.1195,0.0,971.52
7.1295,0.0,951.28
7.1395,0.0,931.26
7.1495,0.0,899.69
7.1595,0.0,870.76
7.1695,0.0,848.21
7.1795,0.0,835.23
7.1895,0.0,824.34
7.1995,0.0,816.09
7.2095,0.0,812.35
7.2195,0.0,808.5
7.2295,0.0,811.25
7.2395,0.0,813.12
7.2495,0.0,824.67
7.2595,0.0,833.58
7.2695,0.0,832.7
7.2795,0.0,839.19
7.2895,0.0,844.69
7.2995,0.0,846.67
7.3095,0.0,855.47
7.3195,0.0,865.92
7.3295,0.0,865.92
7.3395,0.0,875.05
7.3495,0.0,880.11
7.3595,0.0,886.38
7.3695,0.0,885.06
7.3795,0.0,879.45
7.3895,0.0,879.23
7.3995,0.0,874.39
7.4095,6.16,857.67
7.4195,20.68,841.17
7.4295,68.75,822.91
7.4395,189.75,794.75
7.4495,289.3,769.01
7.4595,353.76,732.6
7.4695,428.78,684.64
7.4795,503.14,627.0
7.4895,590.59,557.26
7.4995,707.85,470.69
7.5095,767.8,368.28
7.5195,805.97,242.44
7.5295,837.87,177.1
7.5395,869.44,130.79
7.5495,885.72,91.85
7.5595,897.49,49.17
7.5695,907.06,18.26
7.5795,913.44,4.95
7.5895,918.94,0.0
7.5995,909.7,0.0
7.6095,898.37,0.0
7.6195,882.2,0.0
7.6295,866.25,0.0
7.6395,852.5,0.0
7.6495,834.02,0.0
7.6595,811.47,0.0
7.6695,784.52,0.0
7.6795,766.37,0.0
7.6895,749.98,0.0
7.6995,735.02,0.0
7.7095,717.75,0.0
7.7195,707.63,0.0
7.7295,701.14,0.0
7.7395,695.09,0.0
7.7495,693.44,0.0
7.7595,691.79,0.0
7.7695,688.16,0.0
7.7795,689.26,0.0
7.7895,692.12,0.0
7.7995,699.27,0.0
7.8095,704.66,0.0
7.8195,716.54,0.0
7.8295,725.23,0.0
7.8395,733.59,0.0
7.8495,740.3,0.0
7.8594,746.68,0.0
7.8694,755.59,0.0
7.8794,758.78,0.0
7.8894,763.29,0.0
7.8994,772.2,0.0
7.9094,769.78,0.0
7.9194,771.98,0.0
7.9294,776.05,0.0
7.9394,775.28,0.0
7.9494,775.61,15.95
7.9594,766.37,34.32
7.9694,758.78,78.65
7.9794,742.61,162.14
7.9894,719.62,224.73
7.9994,685.85,318.23
8.0094,653.18,387.64
8.0194,620.95,443.85
8.0294,576.4,478.72
8.0394,506.0,500.17
8.0494,426.25,554.29
8.0594,368.17,635.25
8.0694,259.71,679.47
8.0794,149.27,726.77
8.0894,92.29,769.23
8.0994,65.78,800.03
8.1094,46.09,826.43
8.1194,17.38,843.7
8.1294,4.18,855.47
8.1394,0.0,874.83
8.1494,0.0,880.44
8.1594,0.0,885.5
8.1694,0.0,892.98
8.1794,0.0,890.78
8.1894,0.0,879.34
8.1994,0.0,861.85
8.2094,0.0,853.82
8.2194,0.0,848.21
8.2294,0.0,838.31
8.2394,0.0,835.34
8.2494,0.0,835.12
8.2594,0.0,835.01
8.2694,0.0,834.68
8.2794,0.0,834.9
8.2894,0.0,834.24
8.2994,0.0,834.9
8.3094,0.0,837.54
8.3194,0.0,830.28
8.3294,0.0,825.66
8.3394,0.0,823.68
8.3494,0.0,822.03
8.3594,0.0,825.22
8.3694,0.0,823.57
8.3794,0.0,829.73
8.3894,0.0,838.86
8.3994,0.0,851.4
8.4094,0.0,858.77
8.4194,0.0,866.69
8.4294,0.0,875.82
8.4394,4.07,872.08
8.4494,8.25,874.83
8.4594,14.41,874.94
8.4694,31.02,863.5
8.4794,77.55,842.82
8.4894,200.2,815.21
8.4994,297.0,790.02
8.5094,365.75,759.77
8.5194,435.27,716.32
8.5294,484.99,658.35
8.5394,566.06,603.02
8.5494,639.43,525.8
8.5594,688.49,437.47
8.5694,733.48,328.79
8.5794,773.3,220.66
8.5894,810.7,169.51
8.5994,837.21,128.81
8.6094,864.38,87.34
8.6194,886.93,46.31
8.6294,913.55,19.36
8.6394,924.99,0.0
8.6494,934.89,0.0
8.6594,933.57,0.0
8.6694,932.47,0.0
8.6794,918.5,0.0
8.6894,902.33,0.0
8.6994,888.25,0.0
8.7094,861.74,0.0
8.7194,837.87,0.0
8.7294,809.38,0.0
8.7394,789.69,0.0
8.7494,774.07,0.0
8.7594,760.54,0.0
8.7694,741.62,0.0
8.7794,738.65,0.0
8.7894,728.2,0.0
8.7994,730.95,0.0
8.8094,724.46,0.0
8.8194,724.79,0.0
8.8294,725.56,0.0
8.8394,731.17,0.0
8.8494,737.33,0.0
8.8594,739.42,0.0
8.8694,750.31,0.0
8.8794,759.55,0.0
8.8894,764.39,0.0
8.8994,769.78,0.0
8.9094,777.26,0.0
8.9194,777.92,0.0
8.9294,786.39,0.0
8.9394,788.48,0.0
8.9494,794.42,0.0
8.9594,795.96,0.0
8.9694,795.52,0.0
8.9794,799.15,0.0
8.9894,798.05,0.0
8.9994,786.28,13.64
9.0094,774.18,38.83
9.0194,762.41,102.52
9.0294,734.91,173.69
9.0394,699.93,227.48
9.0494,671.0,303.6
9.0594,638.99,373.89
9.0694,605.33,433.62
9.0794,544.39,479.05
9.0894,467.5,506.66
9.0994,396.99,549.01
9.1094,319.77,657.25
9.1194,209.33,721.05
9.1294,130.02,770.22
9.1394,86.02,811.14
9.1494,63.91,855.03
9.1594,26.18,886.27
9.1694,0.0,904.75
9.1794,0.0,922.9
9.1894,0.0,932.47
9.1994,0.0,938.85
9.2094,0.0,935.88
9.2194,0.0,934.01
9.2294,0.0,922.68
9.2394,0.0,913.77
9.2494,0.0,889.13
9.2594,0.0,869.11
9.2694,0.0,847.11
9.2794,0.0,831.71
9.2893,0.0,822.8
9.2993,0.0,816.97
9.3093,0.0,814.22
9.3193,0.0,815.54
9.3293,0.0,815.43
9.3393,0.0,818.95
9.3493,0.0,825.0
9.3593,0.0,822.25
9.3693,0.0,829.62
9.3793,0.0,823.13
9.3893,0.0,821.81
9.3993,0.0,832.04
9.4093,0.0,833.58
9.4193,0.0,835.67
9.4293,0.0,846.12
9.4393,0.0,851.62
9.4493,0.0,855.8
9.4593,0.0,861.85
9.4693,4.07,865.59
9.4793,6.16,868.45
9.4893,10.34,869.55
9.4993,18.59,860.42
9.5093,43.45,841.39
9.5193,94.93,820.49
9.5293,220.55,797.5
9.5393,317.13,767.36
9.5493,382.36,729.41
9.5593,447.48,673.2
9.5693,495.22,619.52
9.5793,578.49,561.66
9.5893,665.72,480.37
9.5993,715.0,392.04
9.6093,764.06,275.55
9.6193,806.52,189.31
9.6293,838.31,144.98
9.6393,863.28,105.6
9.6493,888.14,65.89
9.6593,911.13,27.72
9.6693,923.01,4.95
9.6793,930.38,0.0
9.6893,935.66,0.0
9.6993,934.67,0.0
9.7093,924.88,0.0
9.7193,916.96,0.0
9.7293,907.5,0.0
9.7393,893.09,0.0
9.7493,872.41,0.0
9.7593,849.97,0.0
9.7693,830.06,0.0
9.7793,811.69,0.0
9.7893,789.58,0.0
9.7993,773.85,0.0
9.8093,759.33,0.0
9.8193,751.19,0.0
9.8293,745.69,0.0
9.8393,737.11,0.0
9.8493,735.13,0.0
9.8593,726.99,0.0
9.8693,729.74,0.0
9.8793,729.19,0.0
9.8893,733.7,0.0
9.8993,734.03,0.0
9.9093,741.07,0.0
9.9193,745.69,0.0
9.9293,753.17,0.0
9.9393,762.52,0.0
9.9493,770.0,0.0
9.9593,776.49,0.0
9.9693,781.22,0.0
9.9793,789.25,0.0
9.9893,793.1,0.0
9.9993,792.66,0.0
10.0093,793.76,0.0
10.0193,792.77,4.51
10.0293,783.2,22.88
10.0393,768.9,45.76
10.0493,750.42,148.5
10.0593,725.23,218.13
10.0693,692.67,297.88
10.0793,657.25,390.72
10.0893,625.24,460.24
10.0993,573.21,505.78
10.1093,505.23,526.68
10.1193,430.1,558.58
10.1293,372.9,638.44
10.1393,275.44,686.18
10.1493,175.78,738.65
10.1593,114.73,787.16
10.1693,70.4,828.41
10.1793,41.69,869.11
10.1893,23.87,891.55
10.1993,0.0,911.79
10.2093,0.0,931.48
10.2193,0.0,943.47
10.2293,0.0,948.2
10.2393,0.0,949.3
10.2493,0.0,947.54
10.2593,0.0,934.12
10.2693,0.0,914.1
10.2793,0.0,896.28
10.2893,0.0,877.03
10.2993,0.0,854.48
10.3093,0.0,839.41
10.3193,0.0,826.87
10.3293,0.0,821.15
10.3393,0.0,815.76
10.3493,0.0,815.65
10.3593,0.0,808.72
10.3693,0.0,809.82
10.3793,0.0,804.98
10.3893,0.0,803.99
10.3993,0.0,807.73
10.4093,0.0,806.41
10.4193,0.0,807.84
10.4293,0.0,813.45
10.4393,0.0,818.62
10.4493,0.0,830.83
10.4593,0.0,840.4
10.4693,0.0,848.32
10.4793,0.0,860.97
10.4893,4.07,862.4
10.4993,0.0,865.37
10.5093,4.07,865.7
10.5193,8.25,856.79
10.5293,16.5,850.08
10.5393,41.36,831.93
10.5493,129.47,811.58
10.5593,258.72,792.77
10.5693,357.28,761.31
10.5793,439.45,718.41
10.5893,511.83,671.33
10.5993,622.05,612.48
10.6093,687.39,533.28
10.6193,737.99,436.92
10.6293,780.78,325.82
10.6393,830.17,220.66
10.6493,875.05,165.44
10.6593,911.13,118.91
10.6693,935.66,78.21
10.6793,965.58,35.2
10.6893,986.15,14.41
10.6993,999.68,0.0
10.7093,1009.47,0.0
10.7192,1002.1,0.0
10.7292,1000.78,0.0
10.7392,984.83,0.0
10.7492,966.68,0.0
10.7592,946.11,0.0
10.7692,917.62,0.0
10.7792,885.06,0.0
10.7892,854.04,0.0
10.7992,820.71,0.0
10.8092,790.46,0.0
10.8192,766.7,0.0
10.8292,749.98,0.0
10.8392,730.84,0.0
10.8492,722.48,0.0
10.8592,715.88,0.0
10.8692,707.3,0.0
10.8792,702.79,0.0
10.8892,701.25,0.0
10.8992,705.98,0.0
10.9092,706.75,0.0
10.9192,710.71,0.0
10.9292,715.0,0.0
10.9392,719.07,0.0
10.9492,724.9,0.0
10.9592,732.82,0.0
10.9692,736.78,0.0
10.9792,742.17,0.0
10.9892,745.8,0.0
10.9992,755.7,0.0
11.0092,763.4,0.0
11.0192,764.5,0.0
11.0292,765.6,0.0
11.0392,767.03,0.0
11.0492,761.75,4.51
11.0592,751.96,36.52
11.0692,737.66,90.53
11.0792,714.45,208.78
11.0892,694.43,236.72
11.0992,669.13,326.26
11.1092,641.3,421.41
11.1192,601.04,500.06
11.1292,542.3,540.1
11.1392,472.01,558.69
11.1492,408.76,614.35
11.1592,321.97,710.27
11.1692,216.26,755.48
11.1792,138.82,819.06
11.1892,90.53,857.34
11.1992,57.31,902.22
11.2092,32.89,927.85
11.2192,8.8,946.0
11.2292,0.0,971.63
11.2392,0.0,985.38
11.2492,0.0,991.87
11.2592,0.0,997.48
11.2692,0.0,995.61
11.2792,0.0,979.77
11.2892,0.0,964.48
11.2992,0.0,941.71
11.3092,0.0,919.16
11.3192,0.0,894.52
11.3292,0.0,877.25
11.3392,0.0,856.9
11.3492,0.0,841.72
11.3592,0.0,835.67
11.3692,0.0,827.97
11.3792,0.0,823.35
11.3892,0.0,825.55
11.3992,0.0,818.4
11.4092,0.0,814.77
11.4192,0.0,813.12
11.4292,0.0,813.89
11.4392,0.0,816.86
11.4492,0.0,822.36
11.4592,0.0,828.19
11.4692,0.0,837.1
11.4792,0.0,845.13
11.4892,0.0,857.45
11.4992,0.0,863.83
11.5092,0.0,871.75
11.5192,0.0,879.67
11.5292,0.0,882.42
11.5392,0.0,885.72
11.5492,0.0,879.34
11.5592,6.16,871.86
11.5692,18.59,860.53
11.5792,57.97,842.49
11.5892,176.55,824.34
11.5992,282.81,801.35
11.6092,355.63,767.91
11.6192,431.42,724.57
11.6292,493.35,672.1
11.6392,582.34,609.84
11.6492,673.64,525.36
11.6592,716.54,434.83
11.6692,765.93,314.38
11.6792,810.48,213.62
11.6892,847.88,162.91
11.6992,880.0,118.91
11.7092,906.29,76.23
11.7192,926.42,35.2
11.7292,949.08,19.36
11.7392,956.12,3.96
11.7492,967.78,0.0
11.7592,966.24,0.0
11.7692,956.23,0.0
11.7792,950.73,0.0
11.7892,940.83,0.0
11.7992,918.17,0.0
11.8092,893.2,0.0
11.8192,868.67,0.0
11.8292,850.41,0.0
11.8392,832.48,0.0
11.8492,821.15,0.0
11.8592,806.85,0.0
11.8692,793.1,0.0
11.8792,783.2,0.0
11.8892,774.62,0.0
11.8992,770.99,0.0
11.9092,759.55,0.0
11.9192,750.97,0.0
11.9292,747.01,0.0
11.9392,739.31,0.0
11.9492,735.9,0.0
11.9592,735.13,0.0
11.9692,736.34,0.0
11.9792,741.62,0.0
11.9892,742.17,0.0
11.9992,750.86,0.0
12.0092,759.22,0.0
12.0192,765.05,0.0
12.0292,771.32,0.0
12.0392,779.57,0.0
12.0492,782.87,0.0
12.0592,785.84,0.0
12.0692,789.14,9.13
12.0792,787.82,20.57
12.0892,782.43,38.83
12.0992,772.2,132.66
12.1092,755.37,225.17
12.1192,737.88,304.37
12.1292,709.5,392.81
12.1392,677.49,456.94
12.1491,640.09,489.28
12.1591,589.49,505.89
12.1691,520.41,535.15
12.1791,427.46,641.08
12.1891,352.44,683.43
12.1991,264.66,728.75
12.2091,160.93,769.67
12.2191,99.55,810.81
12.2291,64.02,849.64
12.2391,41.69,872.41
12.2491,11.0,894.96
12.2591,0.0,917.95
12.2691,0.0,930.05
12.2791,0.0,938.19
12.2891,0.0,941.38
12.2991,0.0,940.17
12.3091,0.0,934.34
12.3191,0.0,916.96
12.3291,0.0,897.27
12.3391,0.0,877.03
12.3491,0.0,853.49
12.3591,0.0,837.76
12.3691,0.0,827.42
12.3791,0.0,816.86
12.3891,0.0,811.8
12.3991,0.0,806.3
12.4091,0.0,802.56
12.4191,0.0,805.97
12.4291,0.0,809.6
12.4391,0.0,813.34
12.4491,0.0,816.31
12.4591,0.0,824.12
12.4691,0.0,824.89
12.4791,0.0,829.4
12.4891,0.0,837.76
12.4991,0.0,845.46
12.5091,0.0,847.88
12.5191,0.0,861.96
12.5291,0.0,869.99
12.5391,0.0,873.62
12.5491,0.0,879.01
12.5591,0.0,875.38
12.5691,0.0,871.53
12.5791,0.0,866.8
12.5891,4.07,857.01
12.5991,12.32,840.62
12.6091,51.7,815.21
12.6191,156.09,794.42
12.6291,267.52,766.48
12.6391,329.01,732.49
12.6491,408.32,691.68
12.6591,480.48,631.84
12.6691,526.35,566.83
12.6791,624.14,482.68
12.6891,707.63,380.38
12.6991,768.13,260.7
12.7091,810.81,184.25
12.7191,846.67,130.79
12.7291,878.02,94.82
12.7391,900.46,51.92
12.7491,916.41,22.22
12.7591,929.72,4.95
12.7691,935.0,0.0
12.7791,935.77,0.0
12.7891,930.6,0.0
12.7991,923.12,0.0
12.8091,904.97,0.0
12.8191,893.42,0.0
12.8291,870.87,0.0
12.8391,852.72,0.0
12.8491,832.7,0.0
12.8591,812.46,0.0
12.8691,792.11,0.0
12.8791,776.16,0.0
12.8891,758.12,0.0
12.8991,745.14,0.0
12.9091,730.73,0.0
12.9191,722.48,0.0
12.9291,712.47,0.0
12.9391,709.06,0.0
12.9491,703.56,0.0
12.9591,704.66,0.0
12.9691,705.32,0.0
12.9791,710.27,0.0
12.9891,717.75,0.0
12.9991,729.3,0.0
13.0091,740.63,0.0
13.0191,750.75,0.0
13.0291,757.24,0.0
13.0391,767.36,0.0
13.0491,773.52,0.0
13.0591,782.21,0.0
13.0691,788.92,0.0
13.0791,791.45,0.0
13.0891,795.74,0.0
13.0991,791.89,0.0
13.1091,793.32,0.0
13.1191,784.63,0.0
13.1291,779.79,0.0
13.1391,779.68,9.13
13.1491,773.3,34.32
13.1591,763.95,64.35
13.1691,750.2,146.3
13.1791,731.83,211.09
13.1891,702.24,282.37
13.1991,665.94,353.1
13.2091,630.52,415.14
13.2191,597.85,452.1
13.2291,544.17,475.42
13.2391,489.28,499.07
13.2491,412.61,577.83
13.2591,341.44,644.6
13.2691,234.3,695.64
13.2791,136.29,749.98
13.2891,92.29,796.73
13.2991,68.09,834.02
13.3091,52.58,861.3
13.3191,21.67,883.85
13.3291,4.18,909.7
13.3391,0.0,923.34
13.3491,0.0,932.36
13.3591,0.0,941.6
13.3691,0.0,937.09
13.3791,0.0,933.02
13.3891,0.0,919.05
13.3991,0.0,899.47
13.4091,0.0,884.62
13.4191,0.0,869.66
13.4291,0.0,864.05
13.4391,0.0,860.2
13.4491,0.0,857.45
13.4591,0.0,854.26
13.4691,0.0,845.79
13.4791,0.0,842.71
13.4891,0.0,845.02
13.4991,0.0,847.77
13.5091,0.0,852.28
13.5191,0.0,855.47
13.5291,0.0,856.68
13.5391,0.0,852.94
13.5491,0.0,852.06
13.5591,0.0,850.85
13.5691,0.0,857.89
13.579,0.0,857.45
13.589,0.0,861.74
13.599,0.0,867.68
13.609,0.0,870.87
13.619,0.0,874.72
13.629,0.0,866.58
13.639,0.0,862.4
13.649,4.07,850.63
13.659,12.32,843.59
13.669,37.18,820.82
13.679,112.42,800.36
13.689,252.89,774.29
13.699,336.38,742.94
13.709,429.44,697.29
13.719,502.15,648.23
13.729,606.1,585.97
13.739,689.37,501.71
13.749,751.63,410.85
13.759,794.97,294.25
13.769,830.72,206.47
13.779,863.94,155.87
13.789,888.47,108.9
13.799,906.84,67.87
13.809,927.19,27.06
13.819,947.32,8.91
13.829,954.47,3.96
13.839,957.44,0.0
13.849,954.14,0.0
13.859,943.91,0.0
13.869,936.32,0.0
13.879,922.13,0.0
13.889,903.32,0.0
13.899,882.86,0.0
13.909,859.65,0.0
13.919,850.08,0.0
13.929,833.58,0.0
13.939,821.92,0.0
13.949,811.14,0.0
13.959,806.52,0.0
13.969,802.45,0.0
13.979,797.83,0.0
13.989,793.87,0.0
13.999,783.64,0.0
14.009,782.43,0.0
14.019,779.68,0.0
14.029,776.38,0.0
14.039,770.66,0.0
14.049,769.34,0.0
14.059,766.15,0.0
14.069,763.18,0.0
14.079,763.84,0.0
14.089,766.7,0.0
14.099,768.57,0.0
14.109,777.04,0.0
14.119,781.0,0.0
14.129,786.83,0.0
14.139,784.3,0.0
14.149,785.29,0.0
14.159,788.92,0.0
14.169,783.31,0.0
14.179,778.03,11.44
14.189,766.04,29.7
14.199,747.56,88.22
14.209,726.33,197.12
14.219,697.84,264.0
14.229,670.78,375.21
14.239,638.55,464.31
14.249,594.11,526.57
14.259,530.64,554.07
14.269,451.33,588.17
14.279,391.93,675.95
14.289,282.59,736.89
14.299,178.09,784.74
14.309,114.84,836.88
14.319,79.42,873.18
14.329,41.69,907.5
14.339,17.49,927.96
14.349,0.0,941.38
14.359,0.0,952.38
14.369,0.0,964.04
14.379,0.0,964.15
14.389,0.0,965.69
14.399,0.0,954.58
14.409,0.0,942.04
14.419,0.0,921.91
14.429,0.0,902.11
14.439,0.0,875.16
14.449,0.0,858.44
14.459,0.0,838.42
14.469,0.0,825.88
14.479,0.0,820.82
14.489,0.0,822.69
14.499,0.0,825.66
14.509,0.0,831.82
14.519,0.0,823.46
14.529,0.0,821.92
14.539,0.0,820.05
14.549,0.0,825.88
14.559,0.0,822.25
14.569,0.0,825.66
14.579,0.0,830.39
14.589,0.0,838.53
14.599,0.0,852.5
14.609,0.0,861.08
14.619,0.0,867.02
14.629,0.0,879.56
14.639,0.0,877.91
14.649,0.0,880.77
14.659,0.0,876.81
14.669,4.07,869.66
14.679,8.25,856.02
14.689,22.77,835.56
14.699,70.95,817.41
14.709,197.34,791.67
14.719,297.11,752.95
14.729,367.84,712.25
14.739,449.9,669.68
14.749,516.56,597.85
14.759,632.94,518.1
14.769,745.03,418.44
14.779,797.06,296.78
14.789,846.56,203.5
14.799,887.15,157.85
14.809,917.18,108.57
14.819,938.3,67.87
14.829,961.51,27.06
14.839,973.39,19.36
14.849,981.2,0.0
14.859,982.3,0.0
14.869,977.24,0.0
14.879,967.01,0.0
14.889,957.55,0.0
14.899,941.38,0.0
14.909,927.41,0.0
14.919,902.33,0.0
14.929,882.31,0.0
14.939,851.73,0.0
14.949,831.93,0.0
14.959,812.35,0.0
14.969,795.74,0.0
14.979,772.2,0.0
14.989,759.44,0.0
14.999,738.21,0.0
15.0089,725.67,0.0
15.0189,713.57,0.0
15.0289,703.67,0.0
15.0389,697.18,0.0
15.0489,693.11,0.0
15.0589,691.02,0.0
15.0689,694.87,0.0
15.0789,697.4,0.0
15.0889,702.13,0.0
15.0989,717.64,0.0
15.1089,724.13,0.0
15.1189,734.69,0.0
15.1289,743.05,0.0
15.1389,753.72,0.0
15.1489,761.97,0.0
15.1589,778.47,0.0
15.1689,784.63,0.0
15.1789,792.44,0.0
15.1889,795.85,0.0
15.1989,792.55,6.82
15.2089,785.18,29.7
15.2189,775.28,66.66
15.2289,754.71,162.14
15.2389,726.99,220.55
15.2489,698.28,311.52
15.2589,668.47,392.48
15.2689,631.29,459.14
15.2789,570.35,502.7
15.2889,490.82,524.15
15.2989,424.16,552.75
15.3089,335.72,657.03
15.3189,220.44,722.59
15.3289,127.93,770.11
15.3389,94.82,816.42
15.3489,61.6,857.56
15.3589,34.98,890.89
15.3689,10.89,911.13
15.3789,0.0,919.71
15.3889,0.0,930.6
15.3989,0.0,927.52
15.4089,0.0,920.04
15.4189,0.0,918.28
15.4289,0.0,910.14
15.4389,0.0,885.17
15.4489,0.0,863.5
15.4589,0.0,841.28
15.4689,0.0,824.23
15.4789,0.0,812.02
15.4889,0.0,809.6
15.4989,0.0,801.79
15.5089,0.0,806.19
15.5189,0.0,804.65
15.5289,0.0,803.44
15.5389,0.0,805.31
15.5489,0.0,800.91
15.5589,0.0,795.3
15.5689,0.0,792.0
15.5789,0.0,791.34
15.5889,0.0,798.38
15.5989,0.0,805.09
15.6089,0.0,818.07
15.6189,0.0,834.02
15.6289,0.0,847.11
15.6389,0.0,853.38
15.6489,0.0,870.54
15.6589,0.0,869.55
15.6689,0.0,874.17
15.6789,0.0,872.52
15.6889,4.07,865.48
15.6989,8.25,849.42
15.7089,28.93,833.69
15.7189,101.42,817.52
15.7289,248.27,787.38
15.7389,327.14,756.14
15.7489,401.94,708.4
15.7589,482.68,665.17
15.7689,576.07,583.11
15.7789,720.61,496.98
15.7889,794.64,382.36
15.7989,851.29,257.18
15.8089,905.96,186.78
15.8189,945.34,144.98
15.8289,978.12,102.74
15.8389,1003.75,51.15
15.8489,1031.25,22.22
15.8589,1039.17,14.41
15.8689,1045.11,0.0
15.8789,1040.27,0.0
15.8889,1030.48,0.0
15.8989,1009.91,0.0
15.9089,991.87,0.0
15.9189,967.78,0.0
15.9289,943.69,0.0
15.9389,910.58,0.0
15.9489,879.45,0.0
15.9589,836.0,0.0
15.9689,801.68,0.0
15.9789,768.24,0.0
15.9889,745.14,0.0
15.9989,723.58,0.0
16.0089,712.91,0.0
16.0189,701.69,0.0
16.0289,693.77,0.0
16.0389,691.68,0.0
16.0489,687.39,0.0
16.0589,687.17,0.0
16.0689,693.11,0.0
16.0789,694.43,0.0
16.0889,706.42,0.0
16.0989,710.38,0.0
16.1089,718.08,0.0
16.1189,727.76,0.0
16.1289,735.9,0.0
16.1389,747.67,0.0
16.1489,757.24,0.0
16.1589,766.92,0.0
16.1689,774.4,0.0
16.1789,777.59,0.0
16.1889,776.38,0.0
16.1989,772.97,0.0
16.2089,765.05,18.26
16.2189,756.69,36.52
16.2289,741.84,155.32
16.2389,720.06,248.27
16.2489,699.49,321.97
16.2589,669.35,416.57
16.2689,634.04,492.91
16.2789,566.94,533.39
16.2889,492.8,552.64
16.2989,418.66,613.8
16.3089,326.92,733.81
16.3189,214.06,776.93
16.3289,141.24,822.58
16.3389,94.93,866.03
16.3489,59.51,904.53
16.3589,26.51,931.15
16.3689,0.0,945.78
16.3789,0.0,965.69
16.3889,0.0,973.5
16.3989,0.0,976.25
16.4089,0.0,977.13
16.4189,0.0,970.31
16.4288,0.0,958.1
16.4388,0.0,940.83
16.4488,0.0,925.87
16.4588,0.0,904.97
16.4688,0.0,876.48
16.4788,0.0,854.92
16.4888,0.0,830.39
16.4988,0.0,815.32
16.5088,0.0,798.71
16.5188,0.0,791.45
16.5288,0.0,785.07
16.5388,0.0,781.44
16.5488,0.0,781.99
16.5588,0.0,781.88
16.5688,0.0,791.34
16.5788,0.0,798.38
16.5888,0.0,805.97
16.5988,0.0,814.44
16.6088,0.0,822.58
16.6188,0.0,836.55
16.6288,0.0,852.83
16.6388,0.0,864.49
16.6488,0.0,871.2
16.6588,0.0,886.93
16.6688,0.0,890.67
16.6788,0.0,889.35
16.6888,0.0,901.23
16.6988,0.0,897.49
16.7088,0.0,892.65
16.7188,0.0,878.35
16.7288,4.07,859.54
16.7388,18.59,842.71
16.7488,90.53,816.42
16.7588,204.82,795.52
16.7688,276.98,762.85
16.7788,346.39,722.15
16.7888,424.93,672.98
16.7988,488.84,612.15
16.8088,575.96,539.77
16.8188,674.85,459.58
16.8288,732.71,353.65
16.8388,779.9,232.98
16.8488,828.63,177.1
16.8588,864.16,141.68
16.8688,888.58,102.74
16.8788,913.44,62.04
16.8888,933.57,32.12
16.8988,947.43,19.36
16.9088,956.45,0.0
16.9188,961.73,0.0
16.9288,960.41,0.0
16.9388,950.51,0.0
16.9488,942.7,0.0
16.9588,928.29,0.0
16.9688,905.3,0.0
16.9788,889.02,0.0
16.9888,868.78,0.0
16.9988,848.32,0.0
17.0088,834.57,0.0
17.0188,821.04,0.0
17.0288,810.04,0.0
17.0388,796.29,0.0
17.0488,789.36,0.0
17.0588,787.38,0.0
17.0688,782.43,0.0
17.0788,776.27,0.0
17.0888,768.46,0.0
17.0988,759.88,0.0
17.1088,751.85,0.0
17.1188,746.68,0.0
17.1288,751.08,0.0
17.1388,749.32,0.0
17.1488,753.5,0.0
17.1588,762.3,0.0
17.1688,767.25,0.0
17.1788,771.98,0.0
17.1888,774.62,0.0
17.1988,779.13,0.0
17.2088,783.53,0.0
17.2188,785.51,0.0
17.2288,784.96,0.0
17.2388,784.52,0.0
17.2488,786.61,0.0
17.2588,785.51,6.82
17.2688,777.92,22.88
17.2788,770.44,36.52
17.2888,756.69,114.51
17.2988,735.57,199.43
17.3088,706.09,274.23
17.3188,671.22,356.18
17.3288,641.52,426.91
17.3388,599.94,479.38
17.3488,536.36,507.54
17.3588,458.26,531.63
17.3688,396.66,629.09
17.3788,314.82,686.18
17.3888,204.93,731.5
17.3988,117.04,785.95
17.4088,81.4,826.43
17.4188,57.09,858.22
17.4288,32.78,885.39
17.4388,8.69,912.78
17.4488,0.0,926.75
17.4588,0.0,943.8
17.4688,0.0,951.83
17.4788,0.0,952.27
17.4888,0.0,953.26
17.4988,0.0,942.59
17.5088,0.0,926.09
17.5188,0.0,904.97
17.5288,0.0,887.7
17.5388,0.0,875.6
17.5488,0.0,865.92
17.5588,0.0,858.33
17.5688,0.0,850.96
17.5788,0.0,848.54
17.5888,0.0,846.12
17.5988,0.0,839.3
17.6088,0.0,833.58
17.6188,0.0,826.54
17.6288,0.0,827.09
17.6388,0.0,825.44
17.6488,0.0,826.32
17.6588,0.0,831.6
17.6688,0.0,835.89
17.6788,0.0,837.21
17.6888,0.0,849.2
17.6988,0.0,853.49
17.7088,0.0,870.87
17.7188,0.0,876.81
17.7288,0.0,873.4
17.7388,0.0,885.72
17.7488,0.0,886.6
17.7588,0.0,873.4
17.7688,4.07,863.5
17.7788,10.34,849.53
17.7888,35.09,826.87
17.7988,110.22,803.66
17.8088,248.38,780.56
17.8188,317.02,742.17
17.8288,394.13,703.67
17.8388,468.6,653.29
17.8488,528.88,593.23
17.8587,620.4,515.79
17.8687,700.15,435.6
17.8787,749.1,319.11
17.8887,789.03,216.15
17.8987,831.16,165.0
17.9087,857.78,123.09
17.9187,886.71,83.93
17.9287,906.84,40.81
17.9387,926.75,22.22
17.9487,944.68,4.95
17.9587,951.72,0.0
17.9687,956.67,0.0
17.9787,950.73,0.0
17.9887,944.57,0.0
17.9987,934.56,0.0
18.0087,926.31,0.0
18.0187,911.9,0.0
18.0287,897.71,0.0
18.0387,879.12,0.0
18.0487,862.62,0.0
18.0587,842.05,0.0
18.0687,825.66,0.0
18.0787,816.42,0.0
18.0887,809.05,0.0
18.0987,799.92,0.0
18.1087,792.55,0.0
18.1187,789.8,0.0
18.1287,785.18,0.0
18.1387,784.19,0.0
18.1487,780.67,0.0
18.1587,775.17,0.0
18.1687,773.3,0.0
18.1787,771.43,0.0
18.1887,772.2,0.0
18.1987,766.7,0.0
18.2087,763.62,0.0
18.2187,762.19,0.0
18.2287,760.87,0.0
18.2387,768.02,0.0
18.2487,770.11,0.0
18.2587,771.87,0.0
18.2687,775.94,0.0
18.2787,777.37,0.0
18.2887,786.94,0.0
18.2987,782.54,0.0
18.3087,783.31,0.0
18.3187,780.34,11.44
18.3287,772.75,29.7
18.3387,760.76,83.38
18.3487,744.26,171.38
18.3587,721.05,234.41
18.3687,690.58,323.84
18.3787,661.65,402.49
18.3887,627.55,454.74
18.3987,584.32,480.81
18.4087,530.53,504.57
18.4187,451.44,620.18
18.4287,381.48,675.62
18.4387,305.58,721.38
18.4487,202.84,772.64
18.4587,128.04,826.1
18.4687,86.02,860.75
18.4787,55.0,895.62
18.4887,30.58,926.09
18.4987,8.8,947.21
18.5087,0.0,969.43
18.5187,0.0,984.72
18.5287,0.0,990.55
18.5387,0.0,995.5
18.5487,0.0,990.44
18.5587,0.0,972.62
18.5687,0.0,964.81
18.5787,0.0,946.11
18.5887,0.0,924.88
18.5987,0.0,905.52
18.6087,0.0,887.04
18.6187,0.0,873.62
18.6287,0.0,867.13
18.6387,0.0,858.0
18.6487,0.0,853.05
18.6587,0.0,850.41
18.6687,0.0,847.33
18.6787,0.0,846.34
18.6887,0.0,843.26
18.6987,0.0,842.6
18.7087,0.0,844.36
18.7187,0.0,848.98
18.7287,0.0,851.07
18.7387,0.0,857.89
18.7487,0.0,867.68
18.7587,0.0,867.57
18.7687,0.0,874.06
18.7787,0.0,875.49
18.7887,0.0,881.1
18.7987,0.0,885.28
18.8087,0.0,886.16
18.8187,4.07,882.75
18.8287,10.34,886.6
18.8387,16.5,886.38
18.8487,28.93,876.7
18.8587,53.79,859.98
18.8687,127.6,838.53
18.8787,234.74,812.79
18.8887,298.65,772.31
18.8987,338.14,746.57
18.9087,387.64,706.75
18.9187,459.69,650.32
18.9287,565.18,583.88
18.9387,625.35,506.66
18.9487,681.01,422.07
18.9587,729.3,314.49
18.9687,769.01,203.5
18.9787,804.54,156.2
18.9887,835.45,119.79
18.9987,864.38,86.13
19.0087,897.6,43.34
19.0187,917.73,24.42
19.0287,938.3,9.9
19.0387,952.05,9.9
19.0487,955.02,0.0
19.0587,953.59,0.0
19.0687,941.71,0.0
19.0787,929.83,0.0
19.0887,918.28,0.0
19.0987,893.64,0.0
19.1087,867.02,0.0
19.1187,852.17,0.0
19.1287,834.79,0.0
19.1387,815.32,0.0
19.1487,797.5,0.0
19.1587,780.56,0.0
19.1687,767.69,0.0
19.1787,750.97,0.0
19.1887,741.07,0.0
19.1987,728.86,0.0
19.2087,723.91,0.0
19.2187,717.53,0.0
19.2287,711.04,0.0
19.2387,711.15,0.0
19.2487,715.66,0.0
19.2587,715.88,0.0
19.2687,722.59,0.0
19.2787,726.88,0.0
19.2886,731.72,0.0
19.2986,737.77,0.0
19.3086,740.08,0.0
19.3186,747.89,0.0
19.3286,751.3,0.0
19.3386,750.53,0.0
19.3486,758.45,0.0
19.3586,763.95,0.0
19.3686,760.76,9.13
19.3786,757.46,22.88
19.3886,750.09,41.14
19.3986,733.7,128.04
19.4086,712.91,201.74
19.4186,684.53,273.9
19.4286,660.0,353.98
19.4386,636.68,420.2
19.4486,601.59,463.76
19.4586,540.21,487.41
19.4686,472.01,513.81
19.4786,410.63,624.58
19.4886,331.1,679.8
19.4986,220.66,724.35
19.5086,134.31,778.69
19.5186,92.51,812.46
19.5286,63.8,846.01
19.5386,39.49,863.28
19.5486,17.49,878.9
19.5586,0.0,897.27
19.5686,0.0,910.25
19.5786,0.0,920.92
19.5886,0.0,924.11
19.5986,0.0,929.83
19.6086,0.0,921.14
19.6186,0.0,910.69
19.6286,0.0,898.59
19.6386,0.0,874.72
19.6486,0.0,863.06
19.6586,0.0,853.27
19.6686,0.0,842.49
19.6786,0.0,832.04
19.6886,0.0,821.48
19.6986,0.0,816.2
19.7086,0.0,808.72
19.7186,0.0,794.53
19.7286,0.0,787.49
19.7386,0.0,781.33
19.7486,0.0,773.08
19.7586,0.0,773.52
19.7686,0.0,780.01
19.7786,0.0,785.51
19.7886,0.0,795.08
19.7986,0.0,803.88
19.8086,0.0,812.46
19.8186,0.0,822.58
19.8286,0.0,819.39
19.8386,0.0,833.8
19.8486,0.0,838.64
19.8586,0.0,837.21
19.8686,0.0,837.32
19.8786,8.25,833.47
19.8886,18.59,822.03
19.8986,47.52,812.35
19.9086,150.81,797.94
19.9186,262.57,774.07
19.9286,341.44,745.8
19.9386,415.25,706.09
19.9486,485.87,659.56
19.9586,585.42,602.47
19.9686,669.35,528.11
19.9786,725.89,439.12
19.9886,775.17,325.82
19.9986,824.56,231.99
20.0086,872.41,179.19
20.0186,906.62,130.79
20.0286,938.85,88.88
20.0386,965.91,48.62
20.0486,981.86,19.36
20.0586,998.03,3.96
20.0686,1003.31,0.0
20.0786,1003.97,0.0
20.0886,994.18,0.0
20.0986,982.08,0.0
20.1086,958.65,0.0
20.1186,942.15,0.0
20.1286,919.38,0.0
20.1386,888.25,0.0
20.1486,856.02,0.0
20.1586,827.64,0.0
20.1686,802.56,0.0
20.1786,777.48,0.0
20.1886,758.23,0.0
20.1986,741.07,0.0
20.2086,726.44,0.0
20.2186,720.28,0.0
20.2286,716.65,0.0
20.2386,711.81,0.0
20.2486,722.37,0.0
20.2586,723.91,0.0
20.2686,721.93,0.0
20.2786,723.58,0.0
20.2886,730.07,0.0
20.2986,734.14,0.0
20.3086,742.61,0.0
20.3186,746.79,0.0
20.3286,754.82,0.0
20.3386,763.18,0.0
20.3486,769.01,0.0
20.3586,776.93,0.0
20.3686,783.09,0.0
20.3786,784.41,0.0
20.3886,790.46,0.0
20.3986,797.94,0.0
20.4086,803.44,0.0
20.4186,802.12,0.0
20.4286,798.93,13.64
20.4386,791.12,27.39
20.4486,777.04,83.38
20.4586,762.85,159.94
20.4686,737.44,213.51
20.4786,706.97,305.25
20.4886,675.62,371.58
20.4986,645.59,423.28
20.5086,602.8,453.53
20.5186,546.7,479.49
20.5286,470.14,587.95
20.5386,401.39,641.52
20.5486,322.19,682.55
20.5586,225.28,750.53
20.5686,147.51,801.57
20.5786,85.8,847.66
20.5886,66.11,879.67
20.5986,41.69,910.47
20.6086,15.18,934.78
20.6186,0.0,966.9
20.6286,0.0,981.97
20.6386,0.0,992.31
20.6486,0.0,1003.09
20.6586,0.0,1004.52
20.6686,0.0,994.51
20.6786,0.0,974.6
20.6886,0.0,957.77
20.6986,0.0,932.8
20.7086,0.0,913.11
20.7185,0.0,891.55
20.7285,0.0,871.42
20.7385,0.0,861.63
20.7485,0.0,855.03
20.7585,0.0,845.02
20.7685,0.0,844.03
20.7785,0.0,841.39
20.7885,0.0,843.7
20.7985,0.0,847.99
20.8085,0.0,847.66
20.8185,0.0,856.9
20.8285,0.0,862.29
20.8385,0.0,864.49
20.8485,0.0,871.86
20.8585,0.0,879.12
20.8685,0.0,880.77
20.8785,0.0,880.22
20.8885,0.0,877.14
20.8985,0.0,876.04
20.9085,0.0,873.07
20.9185,0.0,867.24
20.9285,0.0,864.27
20.9385,0.0,863.39
20.9485,0.0,861.96
20.9585,4.07,857.12
20.9685,10.34,847.55
20.9785,24.75,835.34
20.9885,61.71,815.87
20.9985,162.03,798.38
21.0085,262.57,776.27
21.0185,329.56,749.32
21.0285,404.03,712.69
21.0385,475.64,667.26
21.0485,586.74,612.26
21.0585,641.74,544.17
21.0685,687.61,467.39
21.0785,725.89,387.86
21.0885,769.01,246.51
21.0985,814.0,174.57
21.1085,849.86,138.38
21.1185,881.98,116.93
21.1285,908.82,78.21
21.1385,937.75,35.64
21.1485,953.81,20.46
21.1585,972.29,15.4
21.1685,982.08,4.95
21.1785,983.07,0.0
21.1885,980.32,0.0
21.1985,970.86,0.0
21.2085,957.11,0.0
21.2185,937.2,0.0
21.2285,912.34,0.0
21.2385,887.7,0.0
21.2485,864.49,0.0
21.2585,844.8,0.0
21.2685,829.51,0.0
21.2785,812.24,0.0
21.2885,798.16,0.0
21.2985,786.17,0.0
21.3085,779.57,0.0
21.3185,765.71,0.0
21.3285,759.0,0.0
21.3385,754.49,0.0
21.3485,745.91,0.0
21.3585,739.42,0.0
21.3685,737.33,0.0
21.3785,735.13,0.0
21.3885,737.33,0.0
21.3985,739.53,0.0
21.4085,741.18,0.0
21.4185,744.92,0.0
21.4285,750.31,0.0
21.4385,753.83,6.82
21.4485,756.91,4.51
21.4585,752.18,4.51
21.4685,757.46,4.51
21.4785,760.1,4.51
21.4885,763.18,9.13
21.4985,763.84,18.26
21.5085,760.43,29.7
21.5185,754.82,59.51
21.5285,747.23,159.94
21.5385,728.2,254.54
21.5485,709.17,340.34
21.5585,687.17,401.17
21.5685,653.95,441.65
21.5785,616.88,462.55
21.5885,576.29,517.77
21.5985,513.92,601.92
21.6085,433.07,642.95
21.6185,361.24,679.47
21.6285,276.21,718.08
21.6385,193.71,755.04
21.6485,125.84,790.35
21.6585,88.33,825.0
21.6685,57.31,852.5
21.6785,26.4,876.37
21.6885,8.8,898.04
21.6985,0.0,917.29
21.7085,0.0,932.58
21.7185,0.0,935.88
21.7285,0.0,941.49
21.7385,0.0,935.33
21.7485,0.0,926.86
21.7585,0.0,918.06
21.7685,0.0,910.25
21.7785,0.0,897.05
21.7885,0.0,884.18
21.7985,0.0,879.01
21.8085,0.0,875.27
21.8185,0.0,877.25
21.8285,0.0,870.98
21.8385,0.0,869.33
21.8485,0.0,865.48
21.8585,0.0,869.0
21.8685,0.0,865.7
21.8785,0.0,862.62
21.8885,0.0,861.85
21.8985,0.0,854.37
21.9085,0.0,859.76
21.9185,0.0,857.45
21.9285,0.0,855.14
21.9385,0.0,860.31
21.9485,0.0,860.42
21.9585,0.0,858.99
21.9685,0.0,859.87
21.9785,0.0,865.7
21.9885,0.0,872.41
21.9985,0.0,874.17
22.0085,0.0,877.36
22.0185,0.0,877.91
22.0285,8.25,871.64
22.0385,16.5,865.81
22.0485,39.27,859.54
22.0585,104.94,851.51
22.0685,203.06,845.02
22.0785,248.38,824.01
22.0885,293.48,798.49
22.0985,341.44,765.49
22.1085,393.03,727.65
22.1185,463.65,684.2
22.1285,538.01,625.46
22.1385,574.31,569.25
22.1484,612.26,511.39
22.1584,653.51,437.91
22.1684,693.22,350.79
22.1784,736.45,249.92
22.1884,783.97,182.6
22.1984,828.08,137.06
22.2084,865.7,100.21
22.2184,896.83,76.23
22.2284,927.85,44.22
22.2384,952.27,17.27
22.2484,969.98,0.0
22.2584,979.55,0.0
22.2684,988.68,0.0
22.2784,987.03,0.0
22.2884,985.38,0.0
22.2984,974.93,0.0
22.3084,959.86,0.0
22.3184,947.43,0.0
22.3284,934.56,0.0
22.3384,926.42,0.0
22.3484,913.77,0.0
22.3584,901.01,0.0
22.3684,907.94,0.0
22.3784,888.69,0.0
22.3884,880.88,0.0
22.3984,875.38,0.0
22.4084,869.77,0.0
22.4184,863.5,0.0
22.4284,859.76,0.0
22.4384,857.89,0.0
22.4484,849.53,0.0
22.4584,845.57,0.0
22.4684,841.83,0.0
22.4784,842.27,0.0
22.4884,836.11,0.0
22.4984,838.75,0.0
22.5084,837.32,20.9
22.5184,831.6,28.93
22.5284,830.5,29.15
22.5384,818.73,29.15
22.5484,807.62,33.77
22.5584,798.27,40.92
22.5684,782.76,52.91
22.5784,765.27,94.93
22.5884,746.02,235.07
22.5984,721.82,358.05
22.6084,695.31,493.02
22.6184,665.83,575.74
22.6284,630.63,593.56
22.6384,594.66,602.14
22.6484,562.43,611.05
22.6584,516.67,620.95
22.6684,467.94,640.97
22.6784,418.33,660.88
22.6884,353.76,686.29
22.6984,296.23,714.01
22.7084,239.8,738.32
22.7184,188.98,766.48
22.7284,144.32,792.77
22.7384,89.1,825.66
22.7484,53.24,860.97
22.7584,29.04,889.35
22.7684,15.51,923.23
22.7784,4.29,952.05
22.7884,0.0,970.97
22.7984,0.0,988.46
22.8084,0.0,996.16
22.8184,0.0,997.59
22.8284,0.0,991.87
22.8384,0.0,989.12
22.8484,0.0,985.93
22.8584,0.0,980.1
22.8684,0.0,974.27
22.8784,0.0,968.55
22.8884,0.0,962.17
22.8984,0.0,958.76
22.9084,0.0,949.85
22.9184,0.0,943.47
22.9284,0.0,941.82
22.9384,0.0,935.11
22.9484,0.0,931.37
22.9584,0.0,925.21
22.9684,0.0,921.8
22.9784,0.0,915.31
22.9884,0.0,911.35
22.9984,30.91,907.5
23.0084,64.02,905.52
23.0184,45.87,905.74
23.0284,56.54,901.45
23.0384,62.7,899.36
23.0484,71.06,894.85
23.0584,83.93,894.85
23.0684,105.71,887.92
23.0784,131.56,883.08
23.0884,153.34,876.37
23.0984,165.99,861.74
23.1084,181.17,849.97
23.1184,202.84,828.3
23.1284,242.66,806.74
23.1384,295.13,787.27
23.1484,350.35,761.53
23.1584,391.71,740.41
23.1684,416.46,714.45
23.1784,439.78,687.17
23.1884,462.77,658.9
23.1984,481.25,632.83
23.2084,498.41,602.47
23.2184,517.77,576.51
23.2284,532.62,554.73
23.2384,547.47,531.3
23.2484,571.12,500.61
23.2584,588.39,485.54
23.2684,603.57,461.78
23.2784,620.62,434.39
23.2884,639.98,412.72
23.2984,655.05,393.58
23.3084,678.81,373.34
23.3184,700.48,354.2
23.3284,719.73,333.96
23.3384,741.4,313.94
23.3484,760.32,289.3
23.3584,775.5,269.72
23.3684,795.08,245.52
23.3784,810.04,221.87
23.3884,827.09,196.68
23.3984,842.49,175.78
23.4084,850.85,152.57
23.4184,857.78,129.03
23.4284,864.6,107.14
23.4384,871.64,86.02
23.4484,876.15,60.83
23.4584,879.01,48.62
23.4684,883.52,39.49
23.4784,886.27,28.05
23.4884,888.8,26.18
23.4984,893.75,22.0
23.5084,896.28,23.65
23.5184,898.7,14.52
23.5284,905.85,14.52
23.5384,905.96,12.43
23.5484,908.71,8.69
23.5584,911.24,8.69
23.5684,913.88,8.69
23.5783,914.1,4.51
23.5883,916.74,4.51
23.5983,918.94,0.0
23.6083,923.78,0.0
23.6183,926.2,0.0
23.6283,921.8,0.0
23.6383,924.44,0.0
23.6483,926.86,0.0
23.6583,918.39,0.0
23.6683,916.96,0.0
23.6783,908.6,0.0
23.6883,906.95,0.0
23.6983,898.59,0.0
23.7083,896.72,0.0
23.7183,899.03,3.74
23.7283,892.65,5.61
23.7383,890.67,11.33
23.7483,877.58,25.41
23.7583,869.0,45.1
23.7683,856.13,67.98
23.7783,838.97,110.66
23.7883,810.81,160.71
23.7983,781.77,210.1
23.8083,746.79,257.95
23.8183,710.16,303.38
23.8283,673.97,331.76
23.8383,634.59,358.16
23.8483,598.29,391.27
23.8583,569.91,420.09
23.8683,542.41,455.4
23.8783,510.51,493.35
23.8883,481.03,530.53
23.8983,444.29,563.53
23.9083,415.47,598.29
23.9183,382.91,629.2
23.9283,335.28,661.21
23.9383,287.1,687.5
23.9483,226.71,722.48
23.9583,172.92,748.33
23.9683,120.67,779.35
23.9783,83.71,807.62
23.9883,65.12,836.22
23.9983,53.79,864.6
24.0083,35.86,883.96
24.0183,15.51,901.01
24.0283,4.51,917.4
24.0383,0.0,930.27
24.0483,0.0,937.53
24.0583,0.0,942.59
24.0683,0.0,945.23
24.0783,0.0,943.58
24.0883,0.0,949.41
24.0983,0.0,949.96
24.1083,0.0,947.87
24.1183,0.0,947.87
24.1283,0.0,946.77
24.1383,0.0,945.34
24.1483,0.0,938.85
24.1583,0.0,941.49
24.1683,0.0,940.5
24.1783,0.0,939.51
24.1883,0.0,942.37
24.1983,0.0,939.07
24.2083,0.0,937.42
24.2183,0.0,938.96
24.2283,0.0,942.15
24.2383,0.0,941.49
24.2483,0.0,943.14
24.2583,0.0,940.28
24.2683,0.0,946.22
24.2783,0.0,944.9
24.2883,0.0,943.69
24.2983,0.0,943.25
24.3083,0.0,940.39
24.3183,0.0,938.08
24.3283,0.0,931.26
24.3383,0.0,926.09
24.3483,0.0,916.74
24.3583,0.0,904.75
24.3683,0.0,898.04
24.3783,0.0,889.9
24.3883,14.41,887.37
24.3983,20.68,882.53
24.4083,37.18,876.15
24.4183,60.06,865.37
24.4283,119.35,862.95
24.4383,180.84,850.74
24.4483,242.44,836.99
24.4583,285.78,810.7
24.4683,319.0,784.85
24.4783,361.02,750.31
24.4883,423.39,715.77
24.4983,473.99,677.6
24.5083,519.75,633.05
24.5183,557.15,579.37
24.5283,579.48,528.66
24.5383,601.48,468.93
24.5483,627.66,410.08
24.5583,645.26,329.12
24.5683,671.33,258.94
24.5783,688.82,172.48
24.5883,706.31,135.41
24.5983,728.42,110.44
24.6083,743.49,88.55
24.6183,756.58,73.48
24.6283,773.85,46.97
24.6383,788.92,22.77
24.6483,807.95,9.46
24.6583,822.58,0.0
24.6683,833.25,0.0
24.6783,841.39,0.0
24.6883,849.86,0.0
24.6983,856.02,0.0
24.7083,851.84,0.0
24.7183,855.91,0.0
24.7283,853.49,0.0
24.7383,853.16,0.0
24.7483,850.96,0.0
24.7583,852.17,0.0
24.7683,852.28,0.0
24.7783,854.26,0.0
24.7883,854.48,0.0
24.7983,850.3,0.0
24.8083,847.99,0.0
24.8183,846.45,0.0
24.8283,847.0,0.0
24.8383,848.1,0.0
24.8483,848.98,0.0
24.8583,852.83,0.0
24.8683,854.04,0.0
24.8783,856.68,0.0
24.8883,863.5,0.0
24.8983,864.38,0.0
24.9083,865.04,0.0
24.9183,865.48,0.0
24.9283,858.0,0.0
24.9383,847.99,0.0
24.9483,831.82,0.0
24.9583,814.77,0.0
24.9683,800.91,0.0
24.9783,793.76,0.0
24.9883,784.52,4.51
24.9983,781.88,4.51
25.0082,775.83,6.82
25.0182,780.23,11.44
25.0282,778.03,18.26
25.0382,779.68,29.7
25.0482,776.6,59.51
25.0582,773.85,130.35
25.0682,768.35,189.64
25.0782,748.22,243.43
25.0882,729.52,276.1
25.0982,705.76,307.45
25.1082,677.38,328.02
25.1182,646.69,345.07
25.1282,612.37,380.6
25.1382,572.66,468.71
25.1482,526.35,522.72
25.1582,461.12,575.08
25.1682,387.97,625.35
25.1782,327.69,656.7
25.1882,255.64,692.67
25.1982,167.75,723.58
25.2082,108.35,757.24
25.2182,72.82,793.65
25.2282,44.11,820.49
25.2382,21.89,849.2
25.2482,0.0,875.93
25.2582,0.0,898.92
25.2682,0.0,919.05
25.2782,0.0,933.13
25.2882,0.0,947.1
25.2982,0.0,953.7
25.3082,0.0,957.33
25.3182,0.0,947.87
25.3282,0.0,937.42
25.3382,0.0,917.29
25.3482,0.0,902.11
25.3582,0.0,888.8
25.3682,0.0,875.82
25.3782,0.0,865.15
25.3882,0.0,855.25
25.3982,0.0,852.39
25.4082,0.0,845.02
25.4182,0.0,840.18
25.4282,0.0,840.18
25.4382,0.0,835.12
25.4482,0.0,838.42
25.4582,0.0,830.17
25.4682,0.0,825.77
25.4782,0.0,828.41
25.4882,0.0,828.08
25.4982,0.0,832.15
25.5082,0.0,836.0
25.5182,0.0,837.32
25.5282,0.0,836.11
25.5382,0.0,834.9
25.5482,0.0,845.13
25.5582,0.0,844.03
25.5682,0.0,845.9
25.5782,0.0,845.79
25.5882,6.16,841.28
25.5982,12.32,833.8
25.6082,42.79,821.92
25.6182,124.41,809.71
25.6282,226.49,800.03
25.6382,303.6,772.2
25.6482,368.06,739.64
25.6582,423.72,703.89
25.6682,484.22,654.5
25.6782,550.99,595.76
25.6882,612.04,525.47
25.6982,665.17,448.03
25.7082,715.55,349.36
25.7182,756.69,229.9
25.7282,795.74,165.77
25.7382,827.97,132.22
25.7482,858.99,106.48
25.7582,894.41,64.79
25.7682,914.54,32.34
25.7782,936.21,19.36
25.7882,945.45,8.91
25.7982,956.89,0.0
25.8082,959.42,0.0
25.8182,949.08,0.0
25.8282,936.54,0.0
25.8382,924.11,0.0
25.8482,903.65,0.0
25.8582,879.01,0.0
25.8682,858.66,0.0
25.8782,840.29,0.0
25.8882,819.83,0.0
25.8982,804.21,0.0
25.9082,790.68,0.0
25.9182,779.02,0.0
25.9282,772.09,0.0
25.9382,764.83,0.0
25.9482,754.82,0.0
25.9582,751.85,0.0
25.9682,746.24,0.0
25.9782,742.28,0.0
25.9882,738.43,0.0
25.9982,739.2,0.0
26.0082,742.28,0.0
26.0182,745.03,0.0
26.0282,753.06,0.0
26.0382,763.62,0.0
26.0482,772.09,0.0
26.0582,771.76,0.0
26.0682,783.2,0.0
26.0782,785.84,0.0
26.0882,792.99,0.0
26.0982,795.52,0.0
26.1082,789.03,0.0
26.1182,786.83,0.0
26.1282,780.12,0.0
26.1382,777.48,0.0
26.1482,774.62,0.0
26.1582,773.85,20.57
26.1682,758.45,43.45
26.1782,746.57,119.02
26.1882,728.09,206.47
26.1982,696.3,287.32
26.2082,659.89,368.28
26.2182,635.25,435.71
26.2282,597.96,477.62
26.2382,544.39,492.58
26.2482,463.54,533.94
26.2582,413.16,615.01
26.2682,341.77,659.89
26.2782,218.57,713.79
26.2882,125.62,765.49
26.2982,85.69,809.05
26.3082,59.18,845.79
26.3182,39.27,868.78
26.3282,19.36,894.19
26.3382,0.0,914.65
26.3482,0.0,930.6
26.3582,0.0,941.93
26.3682,0.0,946.66
26.3782,0.0,949.3
26.3882,0.0,940.83
26.3982,0.0,927.63
26.4082,0.0,910.14
26.4182,0.0,894.41
26.4282,0.0,879.78
26.4381,0.0,871.42
26.4481,0.0,863.28
26.4581,0.0,857.01
26.4681,0.0,851.4
26.4781,0.0,846.01
26.4881,0.0,842.82
26.4981,0.0,840.07
26.5081,0.0,842.93
26.5181,0.0,839.08
26.5281,0.0,842.49
26.5381,0.0,838.64
26.5481,0.0,829.51
26.5581,0.0,825.44
26.5681,0.0,823.68
26.5781,0.0,828.74
26.5881,0.0,835.01
26.5981,0.0,836.55
26.6081,0.0,843.48
26.6181,0.0,847.99
26.6281,0.0,858.55
26.6381,0.0,864.27
26.6481,0.0,863.17
26.6581,0.0,866.91
26.6681,0.0,864.38
26.6781,0.0,858.11
26.6881,4.07,848.76
26.6981,16.5,835.01
26.7081,70.95,812.35
26.7181,185.79,794.09
26.7281,269.06,763.84
26.7381,333.85,722.7
26.7481,410.96,677.05
26.7581,477.4,627.11
26.7681,581.68,557.26
26.7781,661.43,473.0
26.7881,732.05,370.37
26.7981,776.05,250.69
26.8081,820.38,181.17
26.8181,855.58,135.41
26.8281,890.78,91.41
26.8381,912.23,53.9
26.8481,932.58,13.31
26.8581,947.76,14.41
26.8681,958.87,0.0
26.8781,968.11,0.0
26.8881,964.48,0.0
26.8981,956.89,0.0
26.9081,942.59,0.0
26.9181,926.53,0.0
26.9281,908.38,0.0
26.9381,887.92,0.0
26.9481,871.75,0.0
26.9581,851.07,0.0
26.9681,841.28,0.0
26.9781,829.62,0.0
26.9881,820.27,0.0
26.9981,808.72,0.0
27.0081,801.57,0.0
27.0181,798.82,0.0
27.0281,793.87,0.0
27.0381,782.32,0.0
27.0481,778.36,0.0
27.0581,770.66,0.0
27.0681,767.25,0.0
27.0781,767.14,0.0
27.0881,768.02,0.0
27.0981,768.57,0.0
27.1081,769.12,0.0
27.1181,769.45,0.0
27.1281,771.1,0.0
27.1381,769.56,0.0
27.1481,767.91,0.0
27.1581,776.71,0.0
27.1681,778.58,0.0
27.1781,784.52,0.0
27.1881,783.97,0.0
27.1981,785.84,0.0
27.2081,789.03,0.0
27.2181,786.39,0.0
27.2281,780.89,0.0
27.2381,777.92,22.88
27.2481,765.82,50.27
27.2581,747.34,148.5
27.2681,726.44,206.47
27.2781,693.88,284.24
27.2881,664.62,394.68
27.2981,632.61,471.46
27.3081,595.21,515.57
27.3181,536.25,541.86
27.3281,467.94,616.55
27.3381,396.77,667.48
27.3481,308.44,707.52
27.3581,205.15,755.59
27.3681,121.44,803.66
27.3781,81.62,844.58
27.3881,52.8,877.03
27.3981,22.0,902.77
27.4081,4.29,928.84
27.4181,0.0,945.01
27.4281,0.0,961.29
27.4381,0.0,969.21
27.4481,0.0,967.45
27.4581,0.0,968.22
27.4681,0.0,959.53
27.4781,0.0,941.6
27.4881,0.0,919.27
27.4981,0.0,894.52
27.5081,0.0,867.46
27.5181,0.0,854.15
27.5281,0.0,848.21
27.5381,0.0,839.19
27.5481,0.0,835.56
27.5581,0.0,829.18
27.5681,0.0,828.3
27.5781,0.0,828.74
27.5881,0.0,825.22
27.5981,0.0,829.84
27.6081,0.0,839.96
27.6181,0.0,845.9
27.6281,0.0,849.75
27.6381,0.0,857.78
27.6481,0.0,860.53
27.6581,0.0,869.22
27.6681,0.0,876.48
27.6781,0.0,884.95
27.6881,0.0,887.7
27.6981,0.0,888.14
27.7081,0.0,889.68
27.7181,0.0,894.96
27.7281,0.0,898.92
27.7381,0.0,895.4
27.7481,0.0,891.22
27.7581,0.0,885.06
27.7681,0.0,877.91
27.7781,10.34,858.88
27.7881,43.45,837.76
27.7981,146.19,814.11
27.8081,243.65,793.1
27.8181,302.83,760.32
27.8281,378.95,715.22
27.8381,451.99,661.43
27.8481,503.69,602.8
27.858,563.86,527.67
27.868,655.71,440.77
27.878,708.29,331.76
27.888,761.86,218.68
27.898,810.48,169.51
27.908,850.19,133.32
27.918,883.3,91.85
27.928,907.5,45.54
27.938,924.88,22.22
27.948,937.86,19.36
27.958,942.04,4.95
27.968,942.37,0.0
27.978,934.34,0.0
27.988,924.44,0.0
27.998,912.01,0.0
28.008,893.53,0.0
28.018,874.83,0.0
28.028,856.35,0.0
28.038,842.49,0.0
28.048,826.21,0.0
28.058,812.57,0.0
28.068,803.0,0.0
28.078,795.96,0.0
28.088,793.76,0.0
28.098,791.23,0.0
28.108,789.03,0.0
28.118,786.61,0.0
28.128,783.53,0.0
28.138,777.81,0.0
28.148,779.02,0.0
28.158,773.85,0.0
28.168,772.31,0.0
28.178,773.63,0.0
28.188,768.68,0.0
28.198,767.58,0.0
28.208,765.05,0.0
28.218,761.97,0.0
28.228,764.61,0.0
28.238,764.5,6.82
28.248,766.48,0.0
28.258,768.35,0.0
28.268,769.56,0.0
28.278,773.19,0.0
28.288,773.08,0.0
28.298,772.2,9.13
28.308,764.72,25.08
28.318,752.84,45.76
28.328,738.54,134.86
28.338,715.11,232.1
28.348,684.42,329.34
28.358,655.05,419.32
28.368,622.82,486.75
28.378,575.63,526.13
28.388,505.45,552.75
28.398,432.74,673.2
28.408,359.81,714.78
28.418,257.4,753.72
28.428,160.71,802.45
28.438,106.04,848.1
28.448,72.82,886.6
28.458,44.0,909.48
28.468,17.49,934.56
28.478,0.0,948.86
28.488,0.0,971.52
28.498,0.0,979.88
28.508,0.0,985.93
28.518,0.0,987.69
28.528,0.0,978.34
28.538,0.0,966.13
28.548,0.0,946.11
28.558,0.0,916.96
28.568,0.0,888.14
28.578,0.0,861.63
28.588,0.0,841.72
28.598,0.0,821.92
28.608,0.0,815.21
28.618,0.0,805.97
28.628,0.0,801.57
28.638,0.0,801.35
28.648,0.0,799.37
28.658,0.0,802.01
28.668,0.0,802.78
28.678,0.0,808.61
28.688,0.0,816.53
28.698,0.0,826.87
28.708,0.0,829.51
28.718,0.0,842.49
28.728,0.0,849.53
28.738,0.0,858.0
28.748,0.0,861.52
28.758,0.0,861.74
28.768,0.0,868.67
28.778,0.0,870.1
28.788,0.0,867.57
28.798,0.0,860.64
28.808,4.07,846.67
28.818,10.34,832.37
28.828,31.02,808.39
28.838,103.62,789.14
28.848,255.2,765.6
28.858,347.27,725.23
28.868,435.05,684.42
28.878,517.77,627.44
28.888,592.57,556.49
28.898,695.97,485.87
28.908,762.41,383.46
28.918,812.35,248.16
28.928,861.19,179.19
28.938,901.56,141.35
28.948,933.46,106.04
28.958,958.87,62.59
28.968,983.51,30.25
28.978,1003.86,19.36
28.988,1020.14,4.95
28.998,1025.31,0.0
29.008,1019.48,0.0
29.018,1011.56,0.0
29.028,996.93,0.0
29.038,978.67,0.0
29.048,960.19,0.0
29.058,926.75,0.0
29.068,900.02,0.0
29.078,869.0,0.0
29.088,842.27,0.0
29.098,816.09,0.0
29.108,792.99,0.0
29.118,773.52,0.0
29.128,756.58,0.0
29.138,745.8,0.0
29.148,735.57,0.0
29.158,730.29,0.0
29.168,721.49,0.0
29.178,719.73,0.0
29.188,715.33,0.0
29.198,715.22,0.0
29.208,721.93,0.0
29.218,726.77,0.0
29.228,733.7,0.0
29.238,744.26,0.0
29.248,746.79,0.0
29.258,759.55,0.0
29.268,765.93,0.0
29.278,774.07,0.0
29.2879,776.16,0.0
29.2979,775.61,0.0
29.3079,785.62,0.0
29.3179,785.18,0.0
29.3279,781.99,4.51
29.3379,781.11,27.39
29.3479,769.34,69.08
29.3579,755.15,169.07
29.3679,734.47,225.17
29.3779,706.53,309.54
29.3879,681.89,384.78
29.3979,645.7,451.77
29.4079,611.82,481.91
29.4179,557.81,494.01
29.4279,481.47,516.01
29.4379,410.08,636.9
29.4479,333.52,690.03
29.4579,225.17,745.36
29.4679,145.42,795.52
29.4779,101.53,830.06
29.4879,68.31,872.74
29.4979,43.78,895.4
29.5079,15.18,919.16
29.5179,0.0,935.77
29.5279,0.0,952.93
29.5379,0.0,965.8
29.5479,0.0,966.35
29.5579,0.0,965.47
29.5679,0.0,960.41
29.5779,0.0,940.5
29.5879,0.0,928.84
29.5979,0.0,909.59
29.6079,0.0,888.58
29.6179,0.0,869.55
29.6279,0.0,856.9
29.6379,0.0,849.64
29.6479,0.0,841.94
29.6579,0.0,837.32
29.6679,0.0,831.82
29.6779,0.0,831.05
29.6879,0.0,826.43
29.6979,0.0,830.83
29.7079,0.0,833.58
29.7179,0.0,833.69
29.7279,0.0,838.53
29.7379,0.0,845.46
29.7479,0.0,851.18
29.7579,0.0,858.77
29.7679,0.0,864.16
29.7779,0.0,869.99
29.7879,0.0,883.3
29.7979,0.0,888.58
29.8079,0.0,893.75
29.8179,0.0,892.1
29.8279,0.0,894.74
29.8379,0.0,886.27
29.8479,6.16,883.74
29.8579,16.5,869.88
29.8679,43.45,849.75
29.8779,124.3,828.85
29.8879,253.77,803.66
29.8979,322.85,773.08
29.9079,391.27,732.05
29.9179,461.89,688.82
29.9279,509.41,626.78
29.9379,592.68,547.03
29.9479,675.62,454.41
29.9579,745.69,343.86
29.9679,794.75,225.72
29.9779,841.17,174.57
29.9879,876.48,130.79
29.9979,908.16,91.85
30.0079,934.89,48.29
30.0179,959.75,29.59
30.0279,973.61,19.36
30.0379,987.47,4.95
30.0479,983.62,3.96
30.0579,978.12,0.0
30.0679,972.4,0.0
30.0779,955.79,0.0
30.0879,941.27,0.0
30.0979,916.52,0.0
30.1079,891.66,0.0
30.1179,860.42,0.0
30.1279,833.58,0.0
30.1379,809.71,0.0
30.1479,792.22,0.0
30.1579,775.17,0.0
30.1679,759.11,0.0
30.1779,742.39,0.0
30.1879,736.34,0.0
30.1979,728.53,0.0
30.2079,726.88,0.0
30.2179,725.34,0.0
30.2279,721.93,0.0
30.2379,730.07,0.0
30.2479,731.61,0.0
30.2579,740.08,0.0
30.2679,750.53,0.0
30.2779,758.89,0.0
30.2879,767.91,0.0
30.2979,777.26,0.0
30.3079,782.1,0.0
30.3179,789.03,0.0
30.3279,791.78,0.0
30.3379,797.94,0.0
30.3479,800.58,0.0
30.3579,795.96,0.0
30.3679,801.68,0.0
30.3779,794.86,0.0
30.3879,791.78,0.0
30.3979,784.41,18.26
30.4079,770.33,43.45
30.4179,754.05,128.04
30.4279,728.86,183.04
30.4379,696.41,239.03
30.4479,669.13,327.25
30.4579,641.08,400.29
30.4679,594.99,456.28
30.4779,533.17,489.06
30.4879,462.77,506.22
30.4979,401.94,530.64
30.5079,307.56,642.29
30.5179,199.87,720.61
30.5279,123.53,757.57
30.5379,90.31,798.38
30.5479,65.89,836.77
30.5579,41.69,862.07
30.5679,17.49,872.52
30.5779,0.0,880.0
30.5879,0.0,882.31
30.5979,0.0,875.71
30.6079,0.0,876.48
30.6179,0.0,864.71
30.6279,0.0,853.05
30.6379,0.0,844.14
30.6479,0.0,823.24
30.6579,0.0,804.87
30.6679,0.0,798.38
30.6779,0.0,788.15
30.6879,0.0,786.94
30.6979,0.0,789.25
30.7079,0.0,789.8
30.7178,0.0,796.84
30.7278,0.0,799.59
30.7378,0.0,802.89
30.7478,0.0,795.52
30.7578,0.0,795.96
30.7678,0.0,787.16
30.7778,0.0,780.45
30.7878,0.0,779.57
30.7978,0.0,781.0
30.8078,0.0,789.03
30.8178,0.0,798.27
30.8278,0.0,813.23
30.8378,0.0,832.26
30.8478,0.0,847.66
30.8578,0.0,867.35
30.8678,0.0,875.05
30.8778,0.0,887.04
30.8878,0.0,891.88
30.8978,0.0,886.05
30.9078,0.0,884.18
30.9178,6.16,878.13
30.9278,33.11,860.42
30.9378,116.38,846.23
30.9478,223.74,820.27
30.9578,293.26,787.6
30.9678,358.71,749.65
30.9778,431.31,704.66
30.9878,495.44,643.17
30.9978,557.81,570.79
31.0078,662.75,486.97
31.0178,731.39,376.64
31.0278,787.49,259.16
31.0378,836.44,201.41
31.0478,877.14,157.85
31.0578,911.24,113.85
31.0678,936.32,72.6
31.0778,962.83,29.81
31.0878,976.47,16.5
31.0978,981.53,9.46
31.1078,982.52,3.96
31.1178,976.91,3.96
31.1278,964.92,0.0
31.1378,955.35,0.0
31.1478,937.2,0.0
31.1578,919.27,0.0
31.1678,892.43,0.0
31.1778,866.36,0.0
31.1878,844.25,0.0
31.1978,821.92,0.0
31.2078,799.15,0.0
31.2178,781.66,0.0
31.2278,769.56,0.0
31.2378,751.3,0.0
31.2478,746.9,0.0
31.2578,736.89,0.0
31.2678,728.53,0.0
31.2778,727.32,0.0
31.2878,724.02,0.0
31.2978,722.92,0.0
31.3078,723.69,0.0
31.3178,730.84,0.0
31.3278,732.6,0.0
31.3378,736.67,0.0
31.3478,748.77,0.0
31.3578,750.42,0.0
31.3678,758.23,0.0
31.3778,761.53,0.0
31.3878,771.98,0.0
31.3978,777.26,0.0
31.4078,784.96,0.0
31.4178,788.48,0.0
31.4278,789.58,0.0
31.4378,784.19,0.0
31.4478,774.29,9.13
31.4578,762.08,43.45
31.4678,747.45,143.99
31.4778,725.34,211.09
31.4878,700.59,250.58
31.4978,677.05,344.85
31.5078,638.44,436.04
31.5178,572.88,510.18
31.5278,514.36,550.11
31.5378,449.68,570.02
31.5478,376.09,594.22
31.5578,263.89,695.53
31.5678,169.4,774.84
31.5778,117.15,830.61
31.5878,79.53,883.74
31.5978,50.6,923.23
31.6078,24.2,955.79
31.6178,0.0,980.98
31.6278,0.0,999.13
31.6378,0.0,1007.93
31.6478,0.0,1016.07
31.6578,0.0,1014.97
31.6678,0.0,1002.1
31.6778,0.0,987.25
31.6878,0.0,965.36
31.6978,0.0,938.3
31.7078,0.0,907.72
31.7178,0.0,876.26
31.7278,0.0,852.72
31.7378,0.0,832.04
31.7478,0.0,817.96
31.7578,0.0,808.17
31.7678,0.0,801.57
31.7778,0.0,802.12
31.7878,0.0,800.25
31.7978,0.0,796.07
31.8078,0.0,789.69
31.8178,0.0,792.55
31.8278,0.0,802.45
31.8378,0.0,806.41
31.8478,0.0,819.94
31.8578,0.0,826.98
31.8678,0.0,836.88
31.8778,0.0,854.37
31.8878,0.0,867.24
31.8978,0.0,870.32
31.9078,0.0,880.22
31.9178,0.0,885.61
31.9278,0.0,892.54
31.9378,0.0,892.32
31.9478,0.0,890.23
31.9578,0.0,881.32
31.9678,4.07,863.39
31.9778,22.77,847.77
31.9878,103.62,824.67
31.9978,216.26,798.38
32.0078,282.81,762.52
32.0178,358.05,719.62
32.0278,439.78,667.37
32.0378,495.88,590.04
32.0478,589.27,504.02
32.0578,700.04,391.71
32.0678,762.08,262.24
32.0778,820.49,191.29
32.0878,867.24,152.02
32.0978,899.36,108.02
32.1078,929.94,59.51
32.1178,952.93,27.06
32.1278,964.92,16.5
32.1378,975.15,9.46
32.1477,978.89,3.96
32.1577,971.19,0.0
32.1677,957.33,0.0
32.1777,947.98,0.0
32.1877,925.65,0.0
32.1977,905.41,0.0
32.2077,885.61,0.0
32.2177,856.9,0.0
32.2277,837.43,0.0
32.2377,806.63,0.0
32.2477,781.55,0.0
32.2577,762.63,0.0
32.2677,741.18,0.0
32.2777,728.31,0.0
32.2877,711.48,0.0
32.2977,703.34,0.0
32.3077,699.16,0.0
32.3177,694.32,0.0
32.3277,689.48,0.0
32.3377,691.24,0.0
32.3477,697.51,0.0
32.3577,701.25,0.0
32.3677,701.25,0.0
32.3777,707.74,0.0
32.3877,718.85,0.0
32.3977,727.54,0.0
32.4077,740.41,0.0
32.4177,752.84,0.0
32.4277,761.75,0.0
32.4377,774.4,0.0
32.4477,784.19,0.0
32.4577,792.11,0.0
32.4677,798.27,0.0
32.4777,805.86,0.0
32.4877,809.27,0.0
32.4977,806.08,9.13
32.5077,796.07,43.45
32.5177,784.41,114.51
32.5277,763.18,183.04
32.5377,739.75,218.13
32.5477,708.73,304.81
32.5577,677.38,383.79
32.5677,636.02,445.17
32.5777,588.28,484.22
32.5877,520.96,507.54
32.5977,441.87,535.7
32.6077,374.88,641.52
32.6177,291.94,713.79
32.6277,184.69,762.52
32.6377,121.55,820.05
32.6477,83.71,860.53
32.6577,55.0,891.11
32.6677,26.4,924.77
32.6777,0.0,952.82
32.6877,0.0,966.9
32.6977,0.0,980.87
32.7077,0.0,983.4
32.7177,0.0,984.39
32.7277,0.0,971.08
32.7377,0.0,960.19
32.7477,0.0,933.46
32.7577,0.0,911.02
32.7677,0.0,895.4
32.7777,0.0,872.74
32.7877,0.0,852.39
32.7977,0.0,833.58
32.8077,0.0,822.69
32.8177,0.0,814.66
32.8277,0.0,804.65
32.8377,0.0,806.74
32.8477,0.0,806.52
32.8577,0.0,805.97
32.8677,0.0,811.36
32.8777,0.0,819.06
32.8877,0.0,829.4
32.8977,0.0,834.79
32.9077,0.0,849.31
32.9177,0.0,861.08
32.9277,0.0,875.6
32.9377,0.0,887.92
32.9477,0.0,899.91
32.9577,0.0,905.63
32.9677,0.0,915.42
32.9777,0.0,913.0
32.9877,0.0,914.54
32.9977,0.0,915.64
33.0077,0.0,915.2
33.0177,0.0,916.52
33.0277,0.0,915.42
33.0377,0.0,910.91
33.0477,8.25,905.52
33.0577,31.02,893.53
33.0677,105.82,867.57
33.0777,212.41,840.95
33.0877,274.89,812.13
33.0977,343.75,773.19
33.1077,414.59,722.92
33.1177,474.21,663.08
33.1277,521.62,576.73
33.1377,594.0,509.85
33.1477,672.43,424.05
33.1577,724.13,297.33
33.1677,777.37,199.43
33.1777,816.86,160.16
33.1877,854.26,133.87
33.1977,885.39,92.4
33.2077,912.34,48.62
33.2177,928.07,24.75
33.2277,941.6,10.45
33.2377,948.97,4.95
33.2477,945.34,4.95
33.2577,942.04,4.95
33.2677,929.94,0.0
33.2777,918.06,0.0
33.2877,897.49,0.0
33.2977,875.05,0.0
33.3077,854.7,0.0
33.3177,838.97,0.0
33.3277,825.22,0.0
33.3377,813.56,0.0
33.3477,806.52,0.0
33.3577,796.95,0.0
33.3677,789.25,0.0
33.3777,788.7,0.0
33.3877,784.96,0.0
33.3977,781.11,0.0
33.4077,778.03,0.0
33.4177,777.92,0.0
33.4277,780.78,0.0
33.4377,779.57,0.0
33.4477,774.07,0.0
33.4577,773.52,0.0
33.4677,777.15,0.0
33.4777,776.16,0.0
33.4877,777.26,0.0
33.4977,779.35,6.82
33.5077,787.6,4.51
33.5177,789.36,0.0
33.5277,791.01,0.0
33.5377,796.95,0.0
33.5477,800.69,0.0
33.5577,799.48,0.0
33.5677,796.4,0.0
33.5776,788.81,13.64
33.5876,774.73,32.01
33.5976,763.07,92.95
33.6076,735.57,164.45
33.6176,709.61,215.82
33.6276,680.68,290.73
33.6376,652.85,361.13
33.6476,615.67,423.17
33.6576,564.19,470.91
33.6676,495.77,498.96
33.6776,433.51,527.23
33.6876,361.35,642.07
33.6976,261.69,716.32
33.7076,164.78,752.51
33.7176,108.24,801.68
33.7276,79.42,837.65
33.7376,52.8,868.67
33.7476,21.89,886.49
33.7576,8.8,903.98
33.7676,0.0,916.96
33.7776,0.0,926.2
33.7876,0.0,929.83
33.7976,0.0,935.88
33.8076,0.0,927.41
33.8176,0.0,924.44
33.8276,0.0,911.9
33.8376,0.0,890.67
33.8476,0.0,876.04
33.8576,0.0,861.63
33.8676,0.0,844.47
33.8776,0.0,836.0
33.8876,0.0,820.16
33.8976,0.0,814.88
33.9076,0.0,802.45
33.9176,0.0,794.86
33.9276,0.0,780.89
33.9376,0.0,776.05
33.9476,0.0,774.07
33.9576,0.0,770.33
33.9676,0.0,773.08
33.9776,0.0,776.49
33.9876,0.0,787.38
33.9976,0.0,795.08
34.0076,0.0,811.47
34.0176,0.0,822.58
34.0276,0.0,832.81
34.0376,0.0,842.71
34.0476,0.0,848.32
34.0576,0.0,858.22
34.0676,0.0,862.95
34.0776,0.0,864.05
34.0876,0.0,856.9
34.0976,0.0,847.88
34.1076,4.07,836.99
34.1176,16.5,825.99
34.1276,79.64,807.73
34.1376,205.37,801.46
34.1476,287.1,755.37
34.1576,363.22,722.04
34.1676,449.57,674.19
34.1776,513.92,624.03
34.1876,605.11,556.49
34.1976,691.57,470.8
34.2076,726.44,367.62
34.2176,767.36,252.56
34.2276,810.15,188.76
34.2376,849.86,150.04
34.2476,888.36,106.04
34.2576,917.84,59.51
34.2676,947.43,29.81
34.2776,970.2,14.41
34.2876,982.19,3.96
34.2976,991.43,3.96
34.3076,987.8,0.0
34.3176,982.19,0.0
34.3276,972.18,0.0
34.3376,957.99,0.0
34.3476,939.62,0.0
34.3576,919.16,0.0
34.3676,892.21,0.0
34.3776,871.64,0.0
34.3876,849.64,0.0
34.3976,835.78,0.0
34.4076,821.37,0.0
34.4176,803.0,0.0
34.4276,790.57,0.0
34.4376,777.81,0.0
34.4476,772.86,0.0
34.4576,763.84,0.0
34.4676,759.77,0.0
34.4776,753.83,0.0
34.4876,750.09,0.0
34.4976,744.81,0.0
34.5076,743.71,0.0
34.5176,744.92,0.0
34.5276,749.76,0.0
34.5376,756.36,0.0
34.5476,758.67,0.0
34.5576,768.46,0.0
34.5676,781.0,0.0
34.5776,782.65,0.0
34.5876,792.66,0.0
34.5976,796.4,0.0
34.6076,801.68,0.0
34.6176,802.67,0.0
34.6276,799.37,4.51
34.6376,796.18,29.7
34.6476,782.1,73.81
34.6576,765.27,183.04
34.6676,744.04,232.1
34.6776,713.46,325.93
34.6876,684.31,412.28
34.6976,647.24,480.26
34.7076,588.06,512.6
34.7176,525.69,529.32
34.7276,453.42,546.81
34.7376,388.74,622.05
34.7476,305.91,682.11
34.7576,202.51,733.59
34.7676,138.93,778.36
34.7776,90.64,818.62
34.7876,59.4,855.03
34.7976,30.91,881.76
34.8076,8.8,904.64
34.8176,0.0,919.6
34.8276,0.0,941.49
34.8376,0.0,951.5
34.8476,0.0,954.47
34.8576,0.0,950.84
34.8676,0.0,942.7
34.8776,0.0,924.99
34.8876,0.0,907.17
34.8976,0.0,887.15
34.9076,0.0,867.57
34.9176,0.0,852.06
34.9276,0.0,838.97
34.9376,0.0,828.63
34.9476,0.0,820.16
34.9576,0.0,821.48
34.9676,0.0,812.35
34.9776,0.0,812.9
34.9876,0.0,809.38
34.9976,0.0,811.58
35.0075,0.0,814.77
35.0175,0.0,810.92
35.0275,0.0,814.66
35.0375,0.0,818.07
35.0475,0.0,817.63
35.0575,0.0,826.1
35.0675,0.0,836.0
35.0775,0.0,843.48
35.0875,0.0,854.37
35.0975,0.0,860.2
35.1075,0.0,869.77
35.1175,0.0,861.85
35.1275,0.0,866.58
35.1375,6.16,855.69
35.1475,10.34,848.43
35.1575,26.84,832.48
35.1675,79.64,812.02
35.1775,210.1,793.87
35.1875,310.86,765.38
35.1975,396.22,726.88
35.2075,479.05,678.81
35.2175,547.47,633.82
35.2275,670.34,562.1
35.2375,730.62,475.42
35.2475,772.2,370.37
35.2575,806.52,250.69
35.2675,841.72,181.72
35.2775,873.18,135.85
35.2875,900.35,94.38
35.2975,927.08,56.65
35.3075,947.21,27.06
35.3175,965.25,9.46
35.3275,976.91,0.0
35.3375,981.75,0.0
35.3475,982.52,0.0
35.3575,972.4,0.0
35.3675,964.48,0.0
35.3775,952.27,0.0
35.3875,935.88,0.0
35.3975,913.11,0.0
35.4075,888.14,0.0
35.4175,863.39,0.0
35.4275,840.73,0.0
35.4375,824.78,0.0
35.4475,806.74,0.0
35.4575,794.97,0.0
35.4675,780.78,0.0
35.4775,768.02,0.0
35.4875,759.88,0.0
35.4975,753.94,0.0
35.5075,743.6,0.0
35.5175,738.87,0.0
35.5275,740.96,0.0
35.5375,739.31,0.0
35.5475,733.48,0.0
35.5575,738.32,0.0
35.5675,734.8,0.0
35.5775,744.26,0.0
35.5875,742.61,0.0
35.5975,747.67,0.0
35.6075,747.67,0.0
35.6175,757.9,0.0
35.6275,766.37,0.0
35.6375,770.55,0.0
35.6475,774.07,4.51
35.6575,773.52,9.13
35.6675,772.2,18.26
35.6775,766.92,32.01
35.6875,759.44,64.35
35.6975,743.27,173.69
35.7075,720.17,270.93
35.7175,692.23,356.51
35.7275,661.43,424.82
35.7375,622.93,479.82
35.7475,577.5,501.38
35.7575,514.58,518.65
35.7675,430.43,612.37
35.7775,354.42,673.2
35.7875,259.49,713.68
35.7975,165.11,755.92
35.8075,110.55,802.56
35.8175,73.04,834.24
35.8275,46.09,860.97
35.8375,19.69,877.69
35.8475,4.29,893.09
35.8575,0.0,903.32
35.8675,0.0,909.15
35.8775,0.0,911.57
35.8875,0.0,907.72
35.8975,0.0,899.14
35.9075,0.0,890.78
35.9175,0.0,878.02
35.9275,0.0,858.33
35.9375,0.0,844.58
35.9475,0.0,834.9
35.9575,0.0,824.23
35.9675,0.0,826.87
35.9775,0.0,816.86
35.9875,0.0,815.98
35.9975,0.0,807.95
36.0075,0.0,805.09
36.0175,0.0,798.16
36.0275,0.0,796.07
36.0375,0.0,796.29
36.0475,0.0,794.86
36.0575,0.0,797.94
36.0675,0.0,800.8
36.0775,0.0,806.85
36.0875,0.0,819.94
36.0975,0.0,831.6
36.1075,0.0,838.64
36.1175,0.0,856.57
36.1275,0.0,859.87
36.1375,0.0,859.76
36.1475,0.0,869.66
36.1575,0.0,870.21
36.1675,0.0,865.48
36.1775,0.0,852.83
36.1875,0.0,843.81
36.1975,12.32,825.88
36.2075,49.61,805.86
36.2175,152.13,778.36
36.2275,259.05,750.2
36.2375,327.25,706.97
36.2475,412.94,658.35
36.2575,485.43,612.26
36.2675,585.2,547.25
36.2775,677.6,473.22
36.2875,729.3,380.05
36.2975,765.6,265.21
36.3075,810.15,189.31
36.3175,850.3,150.04
36.3275,881.54,114.73
36.3375,913.33,78.21
36.3475,936.1,40.81
36.3575,961.07,22.22
36.3675,979.55,9.46
36.3775,989.01,3.96
36.3875,991.87,0.0
36.3975,983.84,0.0
36.4075,976.03,0.0
36.4175,963.93,0.0
36.4275,947.32,0.0
36.4374,926.75,0.0
36.4474,901.45,0.0
36.4574,883.19,0.0
36.4674,866.8,0.0
36.4774,850.85,0.0
36.4874,836.77,0.0
36.4974,824.56,0.0
36.5074,816.86,0.0
36.5174,811.58,0.0
36.5274,797.17,0.0
36.5374,795.3,0.0
36.5474,786.94,0.0
36.5574,784.52,0.0
36.5674,782.43,0.0
36.5774,778.14,0.0
36.5874,776.82,0.0
36.5974,773.41,0.0
36.6074,767.69,0.0
36.6174,768.57,0.0
36.6274,765.38,0.0
36.6374,765.38,0.0
36.6474,765.71,0.0
36.6574,765.27,0.0
36.6674,773.19,0.0
36.6774,772.2,0.0
36.6874,771.43,0.0
36.6974,770.33,0.0
36.7074,767.47,4.51
36.7174,766.04,15.95
36.7274,758.23,27.39
36.7374,750.75,83.38
36.7474,736.45,180.73
36.7574,713.57,247.39
36.7674,688.05,345.95
36.7774,659.67,417.12
36.7874,621.83,460.13
36.7974,584.87,479.16
36.8074,541.2,506.22
36.8174,475.53,576.95
36.8274,405.13,629.97
36.8374,345.51,680.79
36.8474,262.02,720.83
36.8574,165.11,761.75
36.8674,112.64,787.6
36.8774,73.04,819.39
36.8874,50.6,841.06
36.8974,24.2,858.77
36.9074,8.8,873.73
36.9174,0.0,880.11
36.9274,0.0,884.73
36.9374,0.0,886.82
36.9474,0.0,878.02
36.9574,0.0,871.09
36.9674,0.0,859.76
36.9774,0.0,851.73
36.9874,0.0,838.53
36.9974,0.0,830.06
37.0074,0.0,824.01
37.0174,0.0,825.66
37.0274,0.0,830.17
37.0374,0.0,827.42
37.0474,0.0,829.51
37.0574,0.0,831.82
37.0674,0.0,836.11
37.0774,0.0,833.69
37.0874,0.0,843.48
37.0974,0.0,846.12
37.1074,0.0,849.53
37.1174,0.0,856.9
37.1274,0.0,861.08
37.1374,0.0,869.66
37.1474,0.0,877.8
37.1574,0.0,891.22
37.1674,0.0,902.99
37.1774,0.0,911.57
37.1874,0.0,912.78
37.1974,0.0,913.33
37.2074,0.0,910.36
37.2174,0.0,902.55
37.2274,0.0,894.63
37.2374,0.0,887.04
37.2474,0.0,880.44
37.2574,6.16,869.77
37.2674,35.09,857.56
37.2774,125.29,838.2
37.2874,221.1,816.31
37.2974,278.74,784.3
37.3074,346.17,743.38
37.3174,416.35,696.85
37.3274,473.55,645.48
37.3374,516.78,579.81
37.3474,600.6,504.02
37.3574,661.21,424.49
37.3674,714.01,311.3
37.3774,764.83,204.49
37.3874,808.61,148.83
37.3974,839.3,124.85
37.4074,868.01,98.23
37.4174,887.48,51.37
37.4274,906.73,30.03
37.4374,924.0,15.4
37.4474,925.87,4.95
37.4574,927.63,4.95
37.4674,919.16,0.0
37.4774,913.11,0.0
37.4874,896.06,0.0
37.4974,881.65,0.0
37.5074,865.26,0.0
37.5174,857.78,0.0
37.5274,847.66,0.0
37.5374,842.38,0.0
37.5474,834.79,0.0
37.5574,827.2,0.0
37.5674,822.14,0.0
37.5774,814.44,0.0
37.5874,813.89,0.0
37.5974,806.63,0.0
37.6074,804.1,0.0
37.6174,804.21,0.0
37.6274,801.79,0.0
37.6374,805.86,0.0
37.6474,802.89,0.0
37.6574,803.55,0.0
37.6674,802.12,0.0
37.6774,800.91,0.0
37.6874,800.58,0.0
37.6974,801.68,0.0
37.7074,794.64,0.0
37.7174,789.25,0.0
37.7274,786.39,0.0
37.7374,790.02,0.0
37.7474,784.74,0.0
37.7574,780.56,0.0
37.7674,780.45,0.0
37.7774,775.72,0.0
37.7874,773.19,9.13
37.7974,774.07,20.57
37.8074,758.34,32.01
37.8174,752.84,104.94
37.8274,740.96,201.74
37.8374,718.3,290.29
37.8474,693.33,362.56
37.8573,663.41,418.33
37.8673,627.88,450.89
37.8773,588.83,458.48
37.8873,536.58,539.44
37.8973,468.49,609.84
37.9073,398.09,654.94
37.9173,329.01,697.95
37.9273,236.94,746.57
37.9373,141.02,785.62
37.9473,92.73,823.02
37.9573,61.71,851.73
37.9673,37.4,877.8
37.9773,11.0,899.58
37.9873,0.0,924.0
37.9973,0.0,941.49
38.0073,0.0,954.8
38.0173,0.0,956.45
38.0273,0.0,961.18
38.0373,0.0,949.52
38.0473,0.0,934.01
38.0573,0.0,911.46
38.0673,0.0,892.1
38.0773,0.0,869.44
38.0873,0.0,848.98
38.0973,0.0,836.22
38.1073,0.0,820.82
38.1173,0.0,815.65
38.1273,0.0,812.13
38.1373,0.0,810.15
38.1473,0.0,812.57
38.1573,0.0,813.56
38.1673,0.0,818.07
38.1773,0.0,820.49
38.1873,0.0,825.55
38.1973,0.0,835.23
38.2073,0.0,844.03
38.2173,0.0,851.84
38.2273,0.0,860.2
38.2373,0.0,867.13
38.2473,0.0,869.44
38.2573,0.0,870.65
38.2673,0.0,874.28
38.2773,0.0,878.57
38.2873,0.0,875.27
38.2973,0.0,883.63
38.3073,0.0,878.68
38.3173,6.16,876.37
38.3273,14.41,871.75
38.3373,41.36,855.36
38.3473,137.17,831.38
38.3573,248.71,807.4
38.3673,320.98,775.83
38.3773,392.15,739.53
38.3873,457.82,691.9
38.3973,540.21,631.29
38.4073,643.83,559.57
38.4173,698.28,486.31
38.4273,745.69,393.14
38.4373,790.13,263.56
38.4473,834.68,179.19
38.4573,870.54,143.44
38.4673,895.18,113.63
38.4773,922.02,70.18
38.4873,940.28,30.25
38.4973,952.05,17.93
38.5073,957.11,9.9
38.5173,951.83,4.95
38.5273,950.95,4.95
38.5373,939.29,0.0
38.5473,921.03,0.0
38.5573,901.12,0.0
38.5673,875.71,0.0
38.5773,847.77,0.0
38.5873,822.03,0.0
38.5973,797.28,0.0
38.6073,778.91,0.0
38.6173,762.19,0.0
38.6273,747.23,0.0
38.6373,734.69,0.0
38.6473,726.66,0.0
38.6573,718.3,0.0
38.6673,715.44,0.0
38.6773,715.0,0.0
38.6873,716.87,0.0
38.6973,714.34,0.0
38.7073,718.08,0.0
38.7173,720.39,0.0
38.7273,726.66,0.0
38.7373,728.64,0.0
38.7473,735.24,0.0
38.7573,741.4,0.0
38.7673,743.27,0.0
38.7773,751.19,0.0
38.7873,752.95,0.0
38.7973,762.74,0.0
38.8073,764.17,0.0
38.8173,771.54,0.0
38.8273,770.77,0.0
38.8373,771.76,0.0
38.8473,772.86,0.0
38.8573,769.56,15.95
38.8673,761.86,29.7
38.8773,752.07,85.8
38.8873,735.79,190.08
38.8973,712.69,269.39
38.9073,688.71,352.88
38.9173,655.16,422.07
38.9273,623.15,465.96
38.9373,575.85,484.88
38.9473,514.36,560.12
38.9573,441.65,638.66
38.9673,381.37,684.31
38.9773,291.17,726.66
38.9873,184.47,776.71
38.9973,117.15,815.32
39.0073,83.71,842.38
39.0173,57.09,872.41
39.0273,28.38,899.47
39.0373,12.98,914.98
39.0473,0.0,932.03
39.0573,0.0,936.54
39.0673,0.0,944.13
39.0773,0.0,942.37
39.0873,0.0,936.32
39.0973,0.0,932.47
39.1073,0.0,912.78
39.1173,0.0,893.75
39.1273,0.0,871.86
39.1373,0.0,856.57
39.1473,0.0,846.45
39.1573,0.0,843.48
39.1673,0.0,837.43
39.1773,0.0,836.55
39.1873,0.0,831.38
39.1973,0.0,838.31
39.2073,0.0,842.71
39.2173,0.0,843.59
39.2273,0.0,846.34
39.2373,0.0,854.26
39.2473,0.0,857.67
39.2573,0.0,858.77
39.2673,0.0,864.27
39.2773,0.0,873.51
39.2872,0.0,872.63
39.2972,0.0,875.38
39.3072,0.0,875.27
39.3172,0.0,879.45
39.3272,0.0,883.3
39.3372,0.0,879.78
39.3472,0.0,885.39
39.3572,0.0,880.88
39.3672,0.0,867.9
39.3772,6.16,856.13
39.3872,26.84,832.48
39.3972,99.33,809.05
39.4072,253.99,781.44
39.4172,338.8,753.39
39.4272,422.73,708.07
39.4372,507.32,651.64
39.4472,620.95,588.28
39.4572,729.41,508.86
39.4672,777.92,419.43
39.4772,812.35,289.85
39.4872,859.98,196.35
39.4972,898.59,149.6
39.5072,930.49,111.1
39.5172,962.5,72.93
39.5272,983.29,34.87
39.5372,1005.95,19.36
39.5472,1018.16,8.91
39.5572,1023.33,0.0
39.5672,1015.96,0.0
39.5772,1008.26,0.0
39.5872,987.91,0.0
39.5972,971.96,0.0
39.6072,947.43,0.0
39.6172,916.85,0.0
39.6272,884.29,0.0
39.6372,851.4,0.0
39.6472,812.79,0.0
39.6572,780.45,0.0
39.6672,757.24,0.0
39.6772,736.12,0.0
39.6872,718.85,0.0
39.6972,711.7,0.0
39.7072,704.99,0.0
39.7172,698.17,0.0
39.7272,693.55,0.0
39.7372,700.15,0.0
39.7472,702.13,0.0
39.7572,706.31,0.0
39.7672,712.8,0.0
39.7772,714.89,0.0
39.7872,725.01,0.0
39.7972,728.86,0.0
39.8072,739.2,0.0
39.8172,746.9,0.0
39.8272,744.48,0.0
39.8372,756.14,0.0
39.8472,757.9,0.0
39.8572,763.29,0.0
39.8672,762.08,0.0
39.8772,761.2,0.0
39.8872,758.01,4.51
39.8972,750.42,27.39
39.9072,736.23,59.51
39.9172,715.11,178.42
39.9272,693.33,252.89
39.9372,659.67,353.87
39.9472,640.97,441.32
39.9572,607.86,507.32
39.9672,544.61,533.94
39.9772,471.9,560.45
39.9872,404.69,676.5
39.9972,312.73,731.61
40.0072,202.51,768.24
40.0172,130.13,819.06
40.0272,88.22,862.84
40.0372,59.29,899.47
40.0472,35.09,924.77
40.0572,8.8,949.85
40.0672,0.0,971.3
40.0772,0.0,986.26
40.0872,0.0,994.73
40.0972,0.0,992.97
40.1072,0.0,996.82
40.1172,0.0,991.76
40.1272,0.0,976.69
40.1372,0.0,959.75
40.1472,0.0,931.04
40.1572,0.0,901.78
40.1672,0.0,877.69
40.1772,0.0,858.11
40.1872,0.0,848.1
40.1972,0.0,834.9
40.2072,0.0,823.13
40.2172,0.0,825.66
40.2272,0.0,818.84
40.2372,0.0,823.13
40.2472,0.0,825.11
40.2572,0.0,831.27
40.2672,0.0,838.86
40.2772,0.0,846.01
40.2872,0.0,847.11
40.2972,0.0,851.95
40.3072,0.0,856.46
40.3172,0.0,858.88
40.3272,0.0,872.08
40.3372,0.0,875.71
40.3472,0.0,879.01
40.3572,8.25,886.6
40.3672,6.16,888.03
40.3772,8.25,888.36
40.3872,10.34,884.51
40.3972,10.34,877.47
40.4072,26.84,860.97
40.4172,53.79,837.21
40.4272,137.39,818.62
40.4372,248.71,792.88
40.4472,340.12,760.32
40.4572,416.79,717.97
40.4672,480.26,663.63
40.4772,573.21,602.91
40.4872,667.81,532.73
40.4972,720.61,447.81
40.5072,765.71,334.18
40.5172,813.23,220.33
40.5272,851.84,171.6
40.5372,890.34,135.08
40.5472,919.82,96.91
40.5572,946.66,53.35
40.5672,971.19,26.84
40.5772,987.14,19.36
40.5872,997.04,4.95
40.5972,998.03,0.0
40.6072,992.86,0.0
40.6172,983.18,0.0
40.6272,967.34,0.0
40.6372,947.1,0.0
40.6472,923.01,0.0
40.6572,890.34,0.0
40.6672,859.87,0.0
40.6772,835.12,0.0
40.6872,811.69,0.0
40.6972,788.37,0.0
40.7072,771.43,0.0
40.7171,758.67,0.0
40.7271,746.35,0.0
40.7371,738.43,0.0
40.7471,737.66,0.0
40.7571,735.02,0.0
40.7671,738.65,0.0
40.7771,738.21,0.0
40.7871,740.3,0.0
40.7971,740.41,0.0
40.8071,744.92,0.0
40.8171,742.72,0.0
40.8271,749.21,0.0
40.8371,753.17,0.0
40.8471,752.51,0.0
40.8571,754.05,0.0
40.8671,755.92,0.0
40.8771,752.84,0.0
40.8871,755.81,0.0
40.8971,757.24,0.0
40.9071,762.52,0.0
40.9171,758.89,0.0
40.9271,759.99,0.0
40.9371,756.58,0.0
40.9471,753.39,9.13
40.9571,743.6,32.01
40.9671,729.41,88.22
40.9771,715.11,173.69
40.9871,693.55,234.41
40.9971,666.71,335.94
41.0071,646.14,416.13
41.0171,620.07,479.93
41.0271,565.95,510.95
41.0371,498.08,537.35
41.0471,440.11,614.9
41.0571,377.63,674.63
41.0671,270.71,723.03
41.0771,169.18,762.41
41.0871,116.93,807.07
41.0971,77.11,845.24
41.1071,54.67,874.83
41.1171,28.38,891.55
41.1271,8.8,910.47
41.1371,0.0,922.9
41.1471,0.0,934.45
41.1571,0.0,937.09
41.1671,0.0,940.17
41.1771,0.0,936.21
41.1871,0.0,925.21
41.1971,0.0,912.01
41.2071,0.0,894.96
41.2171,0.0,880.11
41.2271,0.0,866.91
41.2371,0.0,854.04
41.2471,0.0,845.79
41.2571,0.0,841.72
41.2671,0.0,832.81
41.2771,0.0,831.49
41.2871,0.0,825.11
41.2971,0.0,826.65
41.3071,0.0,825.66
41.3171,0.0,825.77
41.3271,0.0,823.9
41.3371,0.0,824.23
41.3471,0.0,824.56
41.3571,0.0,822.47
41.3671,0.0,820.38
41.3771,0.0,823.35
41.3871,0.0,819.39
41.3971,0.0,822.14
41.4071,0.0,823.24
41.4171,0.0,833.58
41.4271,0.0,838.86
41.4371,0.0,845.68
41.4471,0.0,851.51
41.4571,0.0,857.67
41.4671,0.0,861.3
41.4771,0.0,859.87
41.4871,0.0,862.51
41.4971,0.0,857.78
41.5071,10.34,851.73
41.5171,45.54,839.85
41.5271,142.23,823.79
41.5371,234.74,805.64
41.5471,294.91,775.28
41.5571,363.55,741.84
41.5671,433.4,701.03
41.5771,487.52,648.67
41.5871,556.49,598.29
41.5971,627.11,530.75
41.6071,682.55,454.3
41.6171,725.23,357.94
41.6271,773.3,235.84
41.6371,815.43,171.6
41.6471,848.32,127.16
41.6571,875.05,91.08
41.6671,892.76,61.49
41.6771,917.18,32.34
41.6871,928.4,21.45
41.6971,934.67,3.96
41.7071,932.91,3.96
41.7171,929.17,0.0
41.7271,921.36,0.0
41.7371,908.49,0.0
41.7471,896.17,0.0
41.7571,886.38,0.0
41.7671,869.55,0.0
41.7771,850.63,0.0
41.7871,840.95,0.0
41.7971,831.16,0.0
41.8071,825.44,0.0
41.8171,820.71,0.0
41.8271,813.34,0.0
41.8371,812.46,0.0
41.8471,813.67,0.0
41.8571,817.85,0.0
41.8671,817.3,0.0
41.8771,821.04,0.0
41.8871,820.27,0.0
41.8971,826.98,0.0
41.9071,822.91,0.0
41.9171,823.35,0.0
41.9271,826.21,0.0
41.9371,824.67,0.0
41.9471,820.71,0.0
41.9571,822.58,0.0
41.9671,820.93,0.0
41.9771,814.22,0.0
41.9871,810.26,0.0
41.9971,804.43,0.0
42.0071,805.75,0.0
42.0171,806.3,0.0
42.0271,800.36,0.0
42.0371,802.89,0.0
42.0471,793.98,0.0
42.0571,799.59,0.0
42.0671,792.77,6.82
42.0771,787.71,18.26
42.0871,788.7,36.52
42.0971,779.57,104.94
42.1071,767.47,159.94
42.1171,753.17,228.69
42.1271,730.18,298.87
42.1371,706.86,354.09
42.147,676.06,388.52
42.157,646.91,400.73
42.167,609.62,440.99
42.177,571.78,531.19
42.187,509.3,582.23
42.197,431.09,629.09
42.207,361.13,674.63
42.217,290.4,715.99
42.227,198.33,752.18
42.237,128.04,791.34
42.247,88.44,818.18
42.257,57.2,848.54
42.267,26.4,877.47
42.277,8.8,903.32
42.287,0.0,925.1
42.297,0.0,936.87
42.307,0.0,949.19
42.317,0.0,953.04
42.327,0.0,949.52
42.337,0.0,943.14
42.347,0.0,929.61
42.357,0.0,916.96
42.367,0.0,899.36
42.377,0.0,883.85
42.387,0.0,870.54
42.397,0.0,862.73
42.407,0.0,856.79
42.417,0.0,850.3
42.427,0.0,846.56
42.437,0.0,846.23
42.447,0.0,847.44
42.457,0.0,852.17
42.467,0.0,849.86
42.477,0.0,856.13
42.487,0.0,857.56
42.497,0.0,862.51
42.507,0.0,863.39
42.517,0.0,870.54
42.527,0.0,872.19
42.537,0.0,884.73
42.547,0.0,886.27
42.557,0.0,887.04
42.567,0.0,884.29
42.577,0.0,879.34
42.587,0.0,873.84
42.597,0.0,870.54
42.607,4.07,862.29
42.617,8.25,857.12
42.627,16.5,848.98
42.637,44.88,837.43
42.647,112.53,823.13
42.657,214.61,799.15
42.667,306.57,772.09
42.677,370.7,737.88
42.687,428.89,696.63
42.697,495.0,653.62
42.707,580.91,597.85
42.717,636.02,527.12
42.727,682.99,455.62
42.737,729.85,376.42
42.747,778.25,264.66
42.757,817.96,171.6
42.767,849.75,129.69
42.777,878.57,101.97
42.787,905.19,72.93
42.797,929.94,32.78
42.807,950.29,24.42
42.817,961.29,9.9
42.827,970.86,4.95
42.837,973.5,4.95
42.847,965.58,0.0
42.857,957.77,0.0
42.867,943.47,0.0
42.877,920.59,0.0
42.887,899.69,0.0
42.897,872.52,0.0
42.907,850.74,0.0
42.917,830.83,0.0
42.927,817.19,0.0
42.937,801.57,0.0
42.947,792.22,0.0
42.957,785.84,0.0
42.967,779.46,0.0
42.977,775.5,0.0
42.987,777.92,0.0
42.997,769.56,0.0
43.007,770.22,0.0
43.017,772.31,0.0
43.027,774.29,0.0
43.037,776.16,0.0
43.047,773.85,0.0
43.057,780.34,0.0
43.067,782.98,0.0
43.077,781.33,0.0
43.087,786.06,0.0
43.097,782.1,0.0
43.107,784.74,0.0
43.117,786.17,4.51
43.127,787.93,4.51
43.137,789.03,4.51
43.147,788.48,0.0
43.157,787.71,4.51
43.167,786.94,9.13
43.177,781.55,18.26
43.187,773.85,32.01
43.197,764.06,64.35
43.207,747.67,155.32
43.217,727.1,236.28
43.227,694.87,324.28
43.237,666.38,387.97
43.247,637.01,436.04
43.257,602.36,466.62
43.267,542.85,568.48
43.277,491.26,632.61
43.287,416.68,665.28
43.297,347.71,709.28
43.307,248.16,753.94
43.317,154.11,796.73
43.327,99.33,829.07
43.337,72.71,861.19
43.347,46.09,888.47
43.357,21.67,917.29
43.367,0.0,939.84
43.377,0.0,959.97
43.387,0.0,972.95
43.397,0.0,985.6
43.407,0.0,994.62
43.417,0.0,993.74
43.427,0.0,986.48
43.437,0.0,969.54
43.447,0.0,952.16
43.457,0.0,927.52
43.467,0.0,909.81
43.477,0.0,891.77
43.487,0.0,883.08
43.497,0.0,860.53
43.507,0.0,852.61
43.517,0.0,847.22
43.527,0.0,838.86
43.537,0.0,831.6
43.547,0.0,827.09
43.557,0.0,822.03
43.567,0.0,821.92
43.5769,0.0,819.17
43.5869,0.0,817.85
43.5969,0.0,832.15
43.6069,0.0,834.57
43.6169,0.0,842.93
43.6269,0.0,848.87
43.6369,0.0,854.59
43.6469,0.0,860.31
43.6569,0.0,858.0
43.6669,0.0,865.37
43.6769,0.0,870.32
43.6869,0.0,863.83
43.6969,0.0,866.14
43.7069,0.0,861.08
43.7169,0.0,849.75
43.7269,6.16,840.84
43.7369,20.68,822.47
43.7469,86.24,810.15
43.7569,187.99,790.9
43.7669,261.14,769.34
43.7769,318.78,736.12
43.7869,385.99,703.34
43.7969,450.01,661.76
43.8069,487.74,607.2
43.8169,562.98,535.04
43.8269,642.73,450.78
43.8369,709.72,343.31
43.8469,764.83,246.62
43.8569,813.23,187.22
43.8669,857.23,146.19
43.8769,890.45,102.19
43.8869,914.76,67.1
43.8969,937.09,30.25
43.9069,954.47,16.5
43.9169,965.36,9.46
43.9269,969.54,3.96
43.9369,962.94,3.96
43.9469,954.47,0.0
43.9569,937.42,0.0
43.9669,928.73,0.0
43.9769,909.92,0.0
43.9869,893.31,0.0
43.9969,879.23,0.0
44.0069,862.95,0.0
44.0169,848.54,0.0
44.0269,840.51,0.0
44.0369,826.21,0.0
44.0469,820.49,0.0
44.0569,812.79,0.0
44.0669,803.11,0.0
44.0769,804.43,0.0
44.0869,801.57,0.0
44.0969,796.95,0.0
44.1069,796.73,0.0
44.1169,800.91,0.0
44.1269,802.89,0.0
44.1369,803.77,0.0
44.1469,809.16,0.0
44.1569,811.91,0.0
44.1669,812.02,0.0
44.1769,810.59,0.0
44.1869,811.36,0.0
44.1969,811.03,0.0
44.2069,807.07,0.0
44.2169,807.51,0.0
44.2269,803.99,0.0
44.2369,800.47,0.0
44.2469,803.66,0.0
44.2569,800.36,0.0
44.2669,802.34,0.0
44.2769,802.78,0.0
44.2869,808.83,0.0
44.2969,803.66,0.0
44.3069,797.06,0.0
44.3169,798.16,20.57
44.3269,789.03,38.83
44.3369,779.35,116.71
44.3469,765.38,171.38
44.3569,737.88,206.47
44.3669,710.6,300.19
44.3769,673.53,370.92
44.3869,641.85,425.04
44.3969,606.98,447.81
44.4069,555.61,464.64
44.4169,484.44,474.32
44.4269,419.54,536.69
44.4369,355.85,637.45
44.4469,264.0,694.87
44.4569,149.38,752.62
44.4669,96.91,807.29
44.4769,68.2,852.61
44.4869,45.98,891.44
44.4969,21.67,920.59
44.5069,0.0,939.95
44.5169,0.0,961.84
44.5269,0.0,985.93
44.5369,0.0,989.23
44.5469,0.0,992.86
44.5569,0.0,989.89
44.5669,0.0,981.64
44.5769,0.0,976.69
44.5869,0.0,955.57
44.5969,0.0,940.61
44.6069,0.0,918.17
44.6169,0.0,905.85
44.6269,0.0,897.49
44.6369,0.0,889.13
44.6469,0.0,880.66
44.6569,0.0,877.47
44.6669,0.0,879.23
44.6769,0.0,877.69
44.6869,0.0,871.75
44.6969,0.0,870.43
44.7069,0.0,869.88
44.7169,0.0,869.55
44.7269,0.0,867.46
44.7369,0.0,862.84
44.7469,0.0,872.52
44.7569,0.0,870.54
44.7669,0.0,875.38
44.7769,0.0,878.24
44.7869,0.0,879.23
44.7969,0.0,889.02
44.8069,0.0,884.51
44.8169,0.0,893.42
44.8269,0.0,896.83
44.8369,0.0,893.2
44.8469,0.0,898.92
44.8569,0.0,897.49
44.8669,0.0,900.02
44.8769,0.0,891.44
44.8869,6.16,889.24
44.8969,26.84,874.72
44.9069,97.13,856.13
44.9169,193.27,839.96
44.9269,252.89,806.96
44.9369,308.66,776.71
44.9469,379.5,739.42
44.9569,439.67,693.11
44.9669,504.57,638.66
44.9769,564.85,571.67
44.9869,608.74,489.83
44.9969,641.3,402.6
45.0068,669.79,286.33
45.0168,693.77,188.76
45.0268,721.82,147.51
45.0368,740.85,110.44
45.0468,762.41,80.52
45.0568,777.15,39.93
45.0668,790.57,24.75
45.0768,799.15,14.41
45.0868,803.66,3.96
45.0968,799.81,3.96
45.1068,798.38,0.0
45.1168,788.59,0.0
45.1268,776.49,0.0
45.1368,769.01,0.0
45.1468,753.28,0.0
45.1568,741.62,0.0
45.1668,732.38,0.0
45.1768,720.72,0.0
45.1868,715.44,0.0
45.1968,715.0,0.0
45.2068,707.74,0.0
45.2168,703.01,0.0
45.2268,699.82,0.0
45.2368,697.4,0.0
45.2468,694.54,0.0
45.2568,694.1,0.0
45.2668,691.46,0.0
45.2768,688.82,0.0
45.2868,685.3,0.0
45.2968,679.25,0.0
45.3068,675.51,0.0
45.3168,676.5,0.0
45.3268,666.82,0.0
45.3368,660.55,0.0
45.3468,654.72,0.0
45.3568,648.12,0.0
45.3668,637.56,0.0
45.3768,638.55,0.0
45.3868,630.52,0.0
45.3968,627.99,0.0
45.4068,619.52,0.0
45.4168,616.55,0.0
45.4268,609.29,0.0
45.4368,606.32,0.0
45.4468,599.5,0.0
45.4568,594.11,0.0
45.4668,593.12,0.0
45.4768,583.55,0.0
45.4868,588.61,34.32
45.4968,586.96,61.93
45.5068,584.76,155.32
45.5168,578.27,194.81
45.5268,571.56,272.36
45.5368,569.36,380.27
45.5468,555.61,450.34
45.5568,526.02,482.68
45.5668,491.15,501.49
45.5768,451.33,521.84
45.5868,411.51,560.89
45.5968,360.91,591.47
45.6068,292.05,643.17
45.6168,209.77,697.29
45.6268,132.44,751.3
45.6368,90.75,792.44
45.6468,66.33,834.79
45.6568,42.02,869.66
45.6668,19.91,901.56
45.6768,4.51,936.76
45.6868,0.0,961.73
45.6968,0.0,985.49
45.7068,0.0,1002.98
45.7168,0.0,1011.56
45.7268,0.0,1006.5
45.7368,0.0,1007.82
45.7468,0.0,989.12
45.7568,0.0,970.09
45.7668,0.0,951.06
45.7768,0.0,935.0
45.7868,0.0,914.43
45.7968,0.0,898.15
45.8068,0.0,884.51
45.8168,0.0,880.55
45.8268,0.0,871.09
45.8368,0.0,869.11
45.8468,0.0,867.46
45.8568,0.0,869.66
45.8668,0.0,872.52
45.8768,0.0,877.03
45.8868,0.0,880.99
45.8968,0.0,887.04
45.9068,0.0,891.22
45.9168,0.0,897.49
45.9268,0.0,903.54
45.9368,0.0,904.97
45.9468,0.0,913.22
45.9568,0.0,912.01
45.9668,0.0,919.93
45.9768,0.0,923.23
45.9868,0.0,926.53
45.9968,0.0,925.1
46.0068,0.0,925.54
46.0168,0.0,915.97
46.0268,0.0,903.98
46.0368,0.0,896.94
46.0468,0.0,892.21
46.0568,0.0,883.19
46.0668,0.0,881.32
46.0768,7.81,877.91
46.0868,17.6,872.08
46.0968,57.31,862.84
46.1068,144.21,858.22
46.1168,236.39,846.56
46.1268,300.63,821.92
46.1368,362.67,799.26
46.1468,431.09,765.05
46.1568,499.07,716.87
46.1668,561.66,667.81
46.1768,600.82,595.1
46.1868,623.37,502.15
46.1968,660.66,413.6
46.2068,695.97,301.29
46.2168,731.06,224.07
46.2268,761.75,159.5
46.2368,792.55,132.44
46.2468,823.68,114.18
46.2568,849.97,89.76
46.2668,874.28,56.87
46.2768,894.41,32.56
46.2868,916.52,23.32
46.2968,923.78,17.93
46.3068,929.06,7.48
46.3168,929.94,7.48
46.3268,926.75,4.95
46.3368,921.25,4.95
46.3468,920.26,4.95
46.3568,916.52,4.95
46.3668,915.09,4.95
46.3768,915.86,4.95
46.3868,910.03,0.0
46.3968,906.18,0.0
46.4068,906.84,0.0
46.4168,909.59,0.0
46.4268,905.52,0.0
46.4367,899.03,0.0
46.4467,899.69,0.0
46.4567,893.53,0.0
46.4667,889.57,0.0
46.4767,886.05,0.0
46.4867,880.0,0.0
46.4967,874.17,0.0
46.5067,875.16,0.0
46.5167,873.62,0.0
46.5267,870.1,0.0
46.5367,871.42,0.0
46.5467,866.47,0.0
46.5567,865.59,0.0
46.5667,862.07,0.0
46.5767,867.24,0.0
46.5867,867.79,0.0
46.5967,866.36,0.0
46.6067,869.55,0.0
46.6167,864.16,0.0
46.6267,858.77,0.0
46.6367,856.02,4.51
46.6467,849.75,6.82
46.6567,843.48,13.64
46.6667,835.56,22.88
46.6767,823.35,34.32
46.6867,815.76,102.52
46.6967,796.29,179.96
46.7067,780.45,238.37
46.7167,762.08,294.36
46.7267,743.38,327.91
46.7367,718.52,344.3
46.7467,689.59,344.96
46.7567,666.82,341.77
46.7667,638.88,353.65
46.7767,606.1,406.89
46.7867,573.1,452.54
46.7967,554.18,501.6
46.8067,489.5,550.0
46.8167,433.51,591.91
46.8267,365.42,627.44
46.8367,306.9,663.08
46.8467,250.25,697.95
46.8567,183.7,739.31
46.8667,117.37,776.49
46.8767,71.06,819.83
46.8867,44.22,856.57
46.8967,24.53,889.79
46.9067,8.8,913.66
46.9167,0.0,935.44
46.9267,0.0,952.82
46.9367,0.0,962.72
46.9467,0.0,968.0
46.9567,0.0,973.83
46.9667,0.0,967.78
46.9767,0.0,959.75
46.9867,0.0,951.61
46.9967,0.0,941.93
47.0067,0.0,941.05
47.0167,0.0,932.58
47.0267,0.0,927.19
47.0367,0.0,930.49
47.0467,0.0,924.0
47.0567,0.0,917.84
47.0667,0.0,915.86
47.0767,0.0,912.01
47.0867,0.0,912.45
47.0967,0.0,906.29
47.1067,0.0,906.95
47.1167,0.0,905.08
47.1267,0.0,896.72
47.1367,0.0,895.51
47.1467,0.0,891.99
47.1567,0.0,888.91
47.1667,0.0,890.67
47.1767,0.0,887.15
47.1867,0.0,886.38
47.1967,0.0,888.03
47.2067,0.0,891.33
47.2167,0.0,899.8
47.2267,0.0,903.21
47.2367,0.0,904.53
47.2467,0.0,907.61
47.2567,0.0,908.71
47.2667,0.0,913.88
47.2767,0.0,912.45
47.2867,0.0,915.97
47.2967,0.0,912.56
47.3067,0.0,911.9
47.3167,0.0,911.24
47.3267,0.0,907.17
47.3367,6.16,907.94
47.3467,26.84,901.56
47.3567,73.15,894.74
47.3667,134.64,886.93
47.3767,171.16,872.96
47.3867,204.6,853.16
47.3967,232.43,838.64
47.4067,261.8,816.31
47.4167,287.98,792.88
47.4267,313.61,765.16
47.4367,338.58,735.02
47.4467,369.16,698.06
47.4567,408.43,668.03
47.4667,439.45,632.94
47.4767,477.51,585.86
47.4867,502.7,534.05
47.4967,528.22,478.61
47.5067,545.38,412.5
47.5167,566.94,354.42
47.5267,583.88,297.33
47.5367,614.13,243.65
47.5467,642.29,196.9
47.5567,670.67,154.0
47.5667,696.74,129.8
47.5767,725.23,103.4
47.5867,751.41,85.14
47.5967,779.79,64.9
47.6067,802.12,49.17
47.6167,824.34,30.47
47.6267,848.87,11.55
47.6367,869.33,3.96
47.6467,885.5,3.96
47.6567,897.27,0.0
47.6667,904.75,0.0
47.6767,905.96,0.0
47.6867,902.77,0.0
47.6967,902.22,0.0
47.7067,848.76,0.0
47.7167,896.17,0.0
47.7267,889.24,0.0
47.7367,886.27,0.0
47.7467,881.21,0.0
47.7567,878.13,0.0
47.7667,873.07,0.0
47.7767,871.64,0.0
47.7867,870.54,0.0
47.7967,873.73,0.0
47.8067,874.17,0.0
47.8167,869.99,0.0
47.8267,868.23,0.0
47.8367,870.76,0.0
47.8467,873.29,0.0
47.8567,867.57,0.0
47.8666,873.4,0.0
47.8766,877.91,0.0
47.8866,880.11,0.0
47.8966,878.02,0.0
47.9066,882.42,0.0
47.9166,889.02,0.0
47.9266,887.04,0.0
47.9366,893.53,0.0
47.9466,898.04,0.0
47.9566,898.04,0.0
47.9666,900.35,0.0
47.9766,907.17,0.0
47.9866,905.19,0.0
47.9966,905.3,0.0
48.0066,905.63,0.0
48.0166,897.6,0.0
